,word,happiness_rank,happiness_average,happiness_standard_deviation,twitter_rank,google_rank,nyt_rank,lyrics_rank,happiness_score_centered
0,laughter,1,8.5,0.9313,3600.0,,,1728.0,14.401082497122042
1,happiness,2,8.44,0.9723,1853.0,2458.0,,1230.0,14.12456050468169
2,love,3,8.42,1.1082,25.0,317.0,328.0,23.0,14.032386507201577
3,happy,4,8.3,0.9949,65.0,1372.0,1313.0,375.0,13.479342522320884
4,laughed,5,8.26,1.1572,3334.0,3542.0,,2332.0,13.294994527360648
5,laugh,6,8.22,1.3746,1002.0,3998.0,4488.0,647.0,13.11064653240042
6,laughing,7,8.2,1.1066,1579.0,,,1122.0,13.018472534920297
7,excellent,8,8.18,1.1008,1496.0,1756.0,3155.0,,12.926298537440184
8,laughs,9,8.18,1.1551,3554.0,,,2856.0,12.926298537440184
9,joy,10,8.16,1.0568,988.0,2336.0,2723.0,809.0,12.83412453996007
10,successful,11,8.16,1.0759,2176.0,1198.0,1565.0,,12.83412453996007
11,win,12,8.12,1.0812,154.0,3031.0,776.0,694.0,12.649776544999833
12,rainbow,13,8.1,0.9949,2726.0,,,1723.0,12.55760254751972
13,smile,14,8.1,1.0152,925.0,2666.0,2898.0,349.0,12.55760254751972
14,won,15,8.1,1.2164,810.0,1167.0,439.0,1493.0,12.55760254751972
15,pleasure,16,8.08,0.9655,1497.0,1526.0,4253.0,1398.0,12.465428550039606
16,smiled,17,8.08,1.066,,3537.0,,2248.0,12.465428550039606
17,rainbows,18,8.06,1.3603,,,,4216.0,12.37325455255949
18,winning,19,8.04,1.049,1876.0,,1426.0,3646.0,12.281080555079368
19,celebration,20,8.02,1.5318,3306.0,,2762.0,4070.0,12.188906557599255
20,enjoyed,21,8.02,1.5318,1530.0,2908.0,3502.0,,12.188906557599255
21,healthy,22,8.02,1.0593,1393.0,3200.0,3292.0,4619.0,12.188906557599255
22,music,23,8.02,1.1156,132.0,875.0,167.0,374.0,12.188906557599255
23,celebrating,24,8.0,1.1429,2550.0,,,,12.096732560119142
24,congratulations,25,8.0,1.6288,2246.0,,,,12.096732560119142
25,weekend,26,8.0,1.2936,317.0,,833.0,2256.0,12.096732560119142
26,celebrate,27,7.98,1.1516,1606.0,,3574.0,2108.0,12.004558562639026
27,comedy,28,7.98,1.1516,1444.0,,2566.0,,12.004558562639026
28,jokes,29,7.98,0.9792,2812.0,,,3808.0,12.004558562639026
29,rich,30,7.98,1.3169,1625.0,1221.0,1469.0,890.0,12.004558562639026
30,victory,31,7.98,1.0784,1809.0,2341.0,687.0,2845.0,12.004558562639026
31,christmas,32,7.96,1.293,138.0,3846.0,2097.0,599.0,11.91238456515891
32,free,33,7.96,1.261,85.0,342.0,393.0,219.0,11.91238456515891
33,friendship,34,7.96,1.1241,4273.0,3098.0,3669.0,3980.0,11.91238456515891
34,fun,35,7.96,1.3087,110.0,4135.0,2189.0,463.0,11.91238456515891
35,holidays,36,7.96,1.261,1204.0,,,,11.91238456515891
36,loved,37,7.96,1.1599,465.0,2178.0,890.0,517.0,11.91238456515891
37,loves,38,7.96,1.3696,780.0,,,653.0,11.91238456515891
38,loving,39,7.96,1.0093,947.0,4396.0,230.0,527.0,11.91238456515891
39,beach,40,7.94,1.0577,573.0,3596.0,551.0,1475.0,11.820210567678796
40,hahaha,41,7.94,1.5572,428.0,,,,11.820210567678796
41,kissing,42,7.94,1.1323,,,,2052.0,11.820210567678796
42,sunshine,43,7.94,1.1678,2080.0,,,950.0,11.820210567678796
43,beautiful,44,7.92,1.1753,266.0,1159.0,1754.0,467.0,11.728036570198677
44,delicious,45,7.92,1.2591,1565.0,,,,11.728036570198677
45,friends,46,7.92,1.1925,258.0,658.0,347.0,321.0,11.728036570198677
46,funny,47,7.92,1.0467,358.0,,3194.0,755.0,11.728036570198677
47,outstanding,48,7.92,1.14,4468.0,4721.0,1797.0,,11.728036570198677
48,paradise,49,7.92,1.3974,3096.0,,,1146.0,11.728036570198677
49,sweetest,50,7.92,1.2911,,,,2232.0,11.728036570198677
50,vacation,51,7.92,1.9042,952.0,,3251.0,3780.0,11.728036570198677
51,butterflies,52,7.92,1.077,,,,4175.0,11.728036570198677
52,freedom,53,7.9,1.4178,1465.0,933.0,1844.0,879.0,11.635862572718562
53,flower,54,7.88,1.1718,2769.0,3675.0,,1929.0,11.543688575238445
54,great,55,7.88,1.2061,94.0,110.0,219.0,579.0,11.543688575238445
55,sunlight,56,7.88,1.4934,,,,2316.0,11.543688575238445
56,sweetheart,57,7.88,1.272,3055.0,,,2919.0,11.543688575238445
57,sweetness,58,7.88,1.1891,,,,4465.0,11.543688575238445
58,award,59,7.86,1.5651,1715.0,,1429.0,,11.451514577758331
59,chocolate,60,7.86,1.0304,436.0,,,2695.0,11.451514577758331
60,hahahaha,61,7.86,1.7025,1341.0,,,,11.451514577758331
61,heaven,62,7.86,1.578,1294.0,1615.0,3939.0,392.0,11.451514577758331
62,peace,63,7.86,1.3403,675.0,702.0,775.0,559.0,11.451514577758331
63,splendid,64,7.86,1.457,,4763.0,,,11.451514577758331
64,success,65,7.86,1.6414,657.0,847.0,1338.0,3316.0,11.451514577758331
65,enjoying,66,7.84,1.5032,875.0,,,,11.359340580278213
66,kissed,67,7.84,1.5048,,,,1322.0,11.359340580278213
67,attraction,68,7.82,1.024,,,,4179.0,11.267166582798097
68,celebrated,69,7.8,1.178,,3720.0,3432.0,,11.17499258531798
69,hero,70,7.8,1.3997,1867.0,3362.0,3816.0,1648.0,11.17499258531798
70,hugs,71,7.8,1.4428,1868.0,,,,11.17499258531798
71,positive,72,7.8,1.2454,1728.0,958.0,2139.0,3575.0,11.17499258531798
72,sun,73,7.8,1.3553,439.0,978.0,2010.0,214.0,11.17499258531798
73,birthday,74,7.78,1.9091,190.0,,2241.0,2529.0,11.082818587837867
74,blessed,75,7.78,1.2824,1733.0,3876.0,,1618.0,11.082818587837867
75,fantastic,76,7.78,1.0934,1354.0,,,,11.082818587837867
76,winner,77,7.78,1.6938,1793.0,,1916.0,3199.0,11.082818587837867
77,delight,78,7.78,1.4181,,3954.0,,2987.0,11.082818587837867
78,beauty,79,7.76,1.6107,1032.0,1611.0,2519.0,1013.0,10.990644590357748
79,butterfly,80,7.76,1.3334,4332.0,,,2836.0,10.990644590357748
80,entertainment,81,7.76,1.2216,2247.0,,1712.0,,10.990644590357748
81,funniest,82,7.76,1.5592,3451.0,,,,10.990644590357748
82,honesty,83,7.76,1.2707,,,,3653.0,10.990644590357748
83,sky,84,7.76,1.0797,842.0,2374.0,4221.0,274.0,10.990644590357748
84,smiles,85,7.76,1.7907,2971.0,,,1782.0,10.990644590357748
85,succeed,86,7.76,1.6971,,4088.0,3212.0,4270.0,10.990644590357748
86,wonderful,87,7.76,1.7907,749.0,2841.0,1571.0,1188.0,10.990644590357748
87,glorious,88,7.74,1.3969,,4792.0,,3926.0,10.898470592877633
88,kisses,89,7.74,1.192,2942.0,,,1340.0,10.898470592877633
89,promotion,90,7.74,1.3822,3037.0,4108.0,4849.0,,10.898470592877633
90,family,91,7.72,1.3099,203.0,235.0,109.0,738.0,10.806296595397516
91,gift,92,7.72,1.3407,443.0,2734.0,2672.0,1710.0,10.806296595397516
92,humor,93,7.72,1.0887,1516.0,,1826.0,,10.806296595397516
93,romantic,94,7.72,1.1959,2535.0,3812.0,4200.0,4201.0,10.806296595397516
94,cupcakes,95,7.7,1.233,3799.0,,,,10.714122597917402
95,festival,96,7.7,1.0738,2024.0,,1020.0,,10.714122597917402
96,hahahahaha,97,7.7,1.359,3436.0,,,,10.714122597917402
97,honour,98,7.7,1.2495,,2713.0,,,10.714122597917402
98,relax,99,7.7,1.0738,1986.0,,,1752.0,10.714122597917402
99,weekends,100,7.7,1.7871,4100.0,,,,10.714122597917402
100,angel,101,7.68,1.2362,1299.0,4854.0,,578.0,10.621948600437284
101,b-day,102,7.68,1.5312,,,,,10.621948600437284
102,bonus,103,7.68,1.463,3131.0,,,,10.621948600437284
103,brilliant,104,7.68,1.6218,1843.0,3670.0,3679.0,,10.621948600437284
104,diamonds,105,7.68,1.4769,,,,1457.0,10.621948600437284
105,holiday,106,7.68,1.3005,434.0,,1895.0,2241.0,10.621948600437284
106,lucky,107,7.68,1.2688,537.0,,4327.0,975.0,10.621948600437284
107,mother,108,7.68,1.6714,626.0,437.0,170.0,549.0,10.621948600437284
108,super,109,7.68,1.5964,408.0,,2673.0,1726.0,10.621948600437284
109,amazing,110,7.66,1.493,316.0,,,2297.0,10.529774602957168
110,angels,111,7.66,1.4654,3233.0,4944.0,,815.0,10.529774602957168
111,enjoy,112,7.66,1.4654,518.0,2605.0,3091.0,1878.0,10.529774602957168
112,friend,113,7.66,1.5066,186.0,768.0,394.0,308.0,10.529774602957168
113,friendly,114,7.66,1.5467,1841.0,3095.0,4290.0,3042.0,10.529774602957168
114,mother's,115,7.66,1.2875,,3434.0,,,10.529774602957168
115,profit,116,7.66,1.239,1890.0,2140.0,2107.0,,10.529774602957168
116,finest,117,7.66,1.3875,,,,3225.0,10.529774602957168
117,bday,118,7.64,1.6753,825.0,,,,10.437600605477051
118,champion,119,7.64,1.2249,3165.0,,1772.0,,10.437600605477051
119,grandmother,120,7.64,1.3516,,,505.0,,10.437600605477051
120,haha,121,7.64,1.3815,135.0,,,3211.0,10.437600605477051
121,kiss,122,7.64,1.7585,711.0,,,314.0,10.437600605477051
122,kitten,123,7.64,1.2898,3864.0,,,,10.437600605477051
123,miracle,124,7.64,1.8926,2510.0,,,1924.0,10.437600605477051
124,mom,125,7.64,1.8709,426.0,,4015.0,1269.0,10.437600605477051
125,sweet,126,7.64,1.0645,431.0,2347.0,2708.0,243.0,10.437600605477051
126,blessings,127,7.62,1.6274,3957.0,,,4242.0,10.345426607996938
127,bright,128,7.62,1.1409,1344.0,2152.0,3001.0,649.0,10.345426607996938
128,cutest,129,7.62,1.0859,4009.0,,,,10.345426607996938
129,entertaining,130,7.62,1.0859,3616.0,,,,10.345426607996938
130,excited,131,7.62,1.3981,508.0,3790.0,,3077.0,10.345426607996938
131,excitement,132,7.62,1.6523,2972.0,4058.0,,,10.345426607996938
132,joke,133,7.62,1.3981,821.0,,,1685.0,10.345426607996938
133,millionaire,134,7.62,2.1275,3035.0,,,,10.345426607996938
134,prize,135,7.62,1.2103,2519.0,4742.0,2464.0,2874.0,10.345426607996938
135,succeeded,136,7.62,1.1409,,2391.0,4525.0,,10.345426607996938
136,successfully,137,7.62,1.2599,,3281.0,4960.0,,10.345426607996938
137,winners,138,7.62,1.5372,3381.0,,3518.0,,10.345426607996938
138,shines,139,7.6,1.5944,,,,1435.0,10.25325261051682
139,awesome,140,7.6,1.5908,251.0,,,,10.25325261051682
140,genius,141,7.6,1.2454,2306.0,3097.0,,4716.0,10.25325261051682
141,achievement,142,7.58,1.4299,2737.0,3160.0,4591.0,,10.161078613036704
142,cake,143,7.58,1.1082,696.0,,,2200.0,10.161078613036704
143,cheers,144,7.58,1.4721,2675.0,,,,10.161078613036704
144,exciting,145,7.58,1.3415,1485.0,,4431.0,,10.161078613036704
145,goodness,146,7.58,1.3716,2274.0,,,4047.0,10.161078613036704
146,hug,147,7.58,1.4721,1392.0,,,2497.0,10.161078613036704
147,income,148,7.58,1.6047,2795.0,798.0,298.0,,10.161078613036704
148,party,149,7.58,1.4581,165.0,367.0,384.0,446.0,10.161078613036704
149,puppy,150,7.58,1.4581,1517.0,,,,10.161078613036704
150,smiling,151,7.58,1.7034,3530.0,,,1518.0,10.161078613036704
151,song,152,7.58,1.3415,147.0,2121.0,1898.0,248.0,10.161078613036704
152,succeeding,153,7.58,1.3415,,,4446.0,,10.161078613036704
153,tasty,154,7.58,1.1265,3345.0,,,,10.161078613036704
154,victories,155,7.58,1.7623,,,4210.0,,10.161078613036704
155,achieved,156,7.56,1.3726,,2001.0,4401.0,,10.068904615556587
156,billion,157,7.56,1.6679,2689.0,3797.0,297.0,,10.068904615556587
157,cakes,158,7.56,1.4591,4497.0,,,,10.068904615556587
158,easier,159,7.56,1.1457,1716.0,3114.0,2585.0,2152.0,10.068904615556587
159,flowers,160,7.56,1.4309,2820.0,2250.0,637.0,1154.0,10.068904615556587
160,gifts,161,7.56,1.9395,1668.0,3942.0,3358.0,3754.0,10.068904615556587
161,gold,162,7.56,1.1095,605.0,1030.0,1343.0,607.0,10.068904615556587
162,merry,163,7.56,1.1457,510.0,,,1753.0,10.068904615556587
163,families,164,7.54,1.2811,3378.0,1153.0,923.0,,9.976730618076473
164,handsome,165,7.54,1.2488,3289.0,4635.0,,3695.0,9.976730618076473
165,lovers,166,7.54,1.2811,3593.0,,,1065.0,9.976730618076473
166,affection,167,7.53,1.5289,,3564.0,,2796.0,9.930643619336415
167,candy,168,7.52,1.4879,1126.0,,,1337.0,9.884556620596355
168,cute,169,7.52,1.1993,295.0,,,2354.0,9.884556620596355
169,diamond,170,7.52,1.7171,1992.0,,2827.0,1372.0,9.884556620596355
170,earnings,171,7.52,1.4177,,4361.0,582.0,,9.884556620596355
171,interesting,172,7.52,1.1822,602.0,1165.0,2391.0,,9.884556620596355
172,peacefully,173,7.52,1.0544,,,1718.0,,9.884556620596355
173,praise,174,7.52,1.4741,3300.0,3301.0,,1465.0,9.884556620596355
174,relaxing,175,7.52,1.2162,1904.0,,,,9.884556620596355
175,roses,176,7.52,1.2493,3748.0,,,1643.0,9.884556620596355
176,saturdays,177,7.52,1.729,,,2051.0,,9.884556620596355
177,faithful,178,7.51,1.3248,,3479.0,,2637.0,9.838469621856298
178,heavens,179,7.51,1.7335,,,,2321.0,9.838469621856298
179,cherish,180,7.5,1.4743,,,,3823.0,9.79238262311624
180,comfort,181,7.5,1.1473,2483.0,3142.0,3810.0,1532.0,9.79238262311624
181,congrats,182,7.5,1.5419,969.0,,,,9.79238262311624
182,cupcake,183,7.5,1.7642,,,,,9.79238262311624
183,earn,184,7.5,1.3439,2014.0,,3662.0,3810.0,9.79238262311624
184,extraordinary,185,7.5,1.374,,2904.0,818.0,,9.79238262311624
185,glory,186,7.5,1.6067,2487.0,2558.0,,969.0,9.79238262311624
186,hilarious,187,7.5,1.9821,1386.0,,,,9.79238262311624
187,moonlight,188,7.5,1.359,,,,1326.0,9.79238262311624
188,optimistic,189,7.5,1.3132,,,4110.0,,9.79238262311624
189,peaceful,190,7.5,1.0926,4916.0,4769.0,,3251.0,9.79238262311624
190,romance,191,7.5,1.4321,3144.0,,,1396.0,9.79238262311624
191,feast,192,7.49,1.6473,,,,4050.0,9.746295624376183
192,attractive,193,7.48,0.9739,4966.0,3658.0,3980.0,,9.700208625636126
193,glad,194,7.48,1.5151,451.0,2828.0,4831.0,833.0,9.700208625636126
194,grandma,195,7.48,1.5016,2802.0,,,4599.0,9.700208625636126
195,internet,196,7.48,1.313,533.0,3835.0,1330.0,,9.700208625636126
196,pleasant,197,7.48,1.2162,,3049.0,4478.0,,9.700208625636126
197,profits,198,7.48,1.3285,,3109.0,2141.0,,9.700208625636126
198,smart,199,7.48,1.3738,1302.0,,3745.0,1952.0,9.700208625636126
199,x-mas,200,7.48,1.821,,,,,9.700208625636126
200,babies,201,7.46,1.5012,2129.0,,,2077.0,9.608034628156009
201,cheer,202,7.46,1.6807,1756.0,,,3198.0,9.608034628156009
202,courage,203,7.46,1.1817,4578.0,3003.0,3238.0,2789.0,9.608034628156009
203,enthusiasm,204,7.46,1.1287,,3780.0,4375.0,,9.608034628156009
204,honest,205,7.46,1.1287,1518.0,3348.0,4328.0,2375.0,9.608034628156009
205,loyal,206,7.46,1.2488,,,3925.0,,9.608034628156009
206,opportunities,207,7.46,1.0919,4313.0,2239.0,3283.0,,9.608034628156009
207,triumph,208,7.46,1.8318,,4335.0,4913.0,,9.608034628156009
208,wow,209,7.46,1.4458,281.0,,,1814.0,9.608034628156009
209,jewels,210,7.46,1.6153,,,,2854.0,9.608034628156009
210,forests,211,7.45,1.332,,4405.0,,,9.56194762941595
211,apple,212,7.44,1.2316,633.0,,2983.0,2320.0,9.515860630675894
212,dreams,213,7.44,1.4165,928.0,3322.0,4127.0,258.0,9.515860630675894
213,fantasy,214,7.44,1.6183,1483.0,,,1320.0,9.515860630675894
214,food,215,7.44,1.2149,198.0,557.0,445.0,1335.0,9.515860630675894
215,honey,216,7.44,1.5928,1078.0,,,496.0,9.515860630675894
216,miracles,217,7.44,1.9395,,,,3821.0,9.515860630675894
217,sex,218,7.44,1.6801,375.0,1356.0,1959.0,787.0,9.515860630675894
218,sing,219,7.44,1.3426,1040.0,3950.0,3943.0,297.0,9.515860630675894
219,starlight,220,7.44,1.4165,,,,4347.0,9.515860630675894
220,thankful,221,7.44,1.5005,1374.0,,,3569.0,9.515860630675894
221,wins,222,7.44,1.2643,1236.0,,3064.0,4546.0,9.515860630675894
222,achieve,223,7.42,1.2304,,2223.0,3456.0,,9.423686633195775
223,adored,224,7.42,1.4441,,,1326.0,,9.423686633195775
224,cash,225,7.42,1.6671,755.0,2494.0,1310.0,909.0,9.423686633195775
225,dances,226,7.42,1.295,,,,4757.0,9.423686633195775
226,gorgeous,227,7.42,1.9597,1645.0,,,,9.423686633195775
227,grandchildren,228,7.42,1.5131,,,293.0,,9.423686633195775
228,incredible,229,7.42,1.3415,2208.0,,,3783.0,9.423686633195775
229,lunch,230,7.42,1.0897,470.0,4895.0,2640.0,3286.0,9.423686633195775
230,mommy,231,7.42,1.7623,2482.0,,,2584.0,9.423686633195775
231,parties,232,7.42,1.4441,2595.0,1058.0,1612.0,3809.0,9.423686633195775
232,perfect,233,7.42,1.7154,642.0,1411.0,2277.0,625.0,9.423686633195775
233,saturday,234,7.42,1.7154,620.0,4379.0,224.0,1548.0,9.423686633195775
234,surprise,235,7.42,1.5398,1901.0,2902.0,2992.0,1314.0,9.423686633195775
235,truth,236,7.42,1.401,713.0,595.0,2238.0,393.0,9.423686633195775
236,blessing,237,7.4,1.7379,4347.0,,,3875.0,9.331512635715661
237,creative,238,7.4,1.1952,1834.0,3012.0,2020.0,,9.331512635715661
238,dinner,239,7.4,1.1429,245.0,2292.0,1328.0,2344.0,9.331512635715661
239,kindness,240,7.4,1.088,4849.0,,4445.0,4104.0,9.331512635715661
240,pleased,241,7.4,1.1606,4079.0,2903.0,4069.0,4770.0,9.331512635715661
241,sexy,242,7.4,1.2289,459.0,,,1111.0,9.331512635715661
242,strength,243,7.4,1.1606,2951.0,852.0,1876.0,967.0,9.331512635715661
243,thank,244,7.4,1.1249,259.0,2659.0,3584.0,736.0,9.331512635715661
244,thanks,245,7.4,1.5119,150.0,2893.0,3755.0,1773.0,9.331512635715661
245,thanksgiving,246,7.4,1.4142,784.0,,,,9.331512635715661
246,treasure,247,7.4,1.7143,3879.0,,,2595.0,9.331512635715661
247,valentine,248,7.4,1.7023,1430.0,,,,9.331512635715661
248,riches,249,7.39,1.6685,,,,3090.0,9.285425636975601
249,awarded,250,7.38,1.1586,,,2556.0,,9.239338638235544
250,fabulous,251,7.38,1.5372,2419.0,,,,9.239338638235544
251,grandfather,252,7.38,1.427,,,573.0,,9.239338638235544
252,heavenly,253,7.38,1.8282,,,,2469.0,9.239338638235544
253,hope,254,7.38,1.3076,92.0,705.0,591.0,291.0,9.239338638235544
254,kids,255,7.38,1.6022,223.0,4296.0,1465.0,612.0,9.239338638235544
255,magical,256,7.38,1.2919,3346.0,,,3927.0,9.239338638235544
256,million,257,7.38,1.427,1027.0,1032.0,70.0,711.0,9.239338638235544
257,nice,258,7.38,1.5104,102.0,3154.0,2058.0,587.0,9.239338638235544
258,sundays,259,7.38,1.4553,4740.0,,2117.0,,9.239338638235544
259,wealth,260,7.38,1.2271,4292.0,1746.0,4969.0,3178.0,9.239338638235544
260,fantasies,261,7.36,1.3898,,,,3592.0,9.14716464075543
261,cares,262,7.36,1.3962,2909.0,,,1245.0,9.14716464075543
262,dance,263,7.36,1.4394,694.0,2619.0,587.0,262.0,9.14716464075543
263,daughters,264,7.36,1.2249,,3959.0,750.0,4031.0,9.14716464075543
264,favorable,265,7.36,1.5086,,4193.0,,,9.14716464075543
265,friend's,266,7.36,1.6383,,,,,9.14716464075543
266,generosity,267,7.36,1.2739,,,3473.0,,9.14716464075543
267,grateful,268,7.36,1.4675,2254.0,,4615.0,4685.0,9.14716464075543
268,inspired,269,7.36,1.1021,1638.0,3648.0,2706.0,,9.14716464075543
269,mothers,270,7.36,1.4675,,3280.0,4594.0,3118.0,9.14716464075543
270,parents,271,7.36,1.5086,903.0,846.0,773.0,2518.0,9.14716464075543
271,valentine's,272,7.36,1.3211,,,,,9.14716464075543
272,intelligent,273,7.35,1.5504,,3750.0,,,9.101077642015369
273,liberation,274,7.35,1.3039,,4497.0,,,9.101077642015369
274,melody,275,7.35,1.7742,,,,1821.0,9.101077642015369
275,wonderland,276,7.35,1.64,,,,4126.0,9.101077642015369
276,beloved,277,7.34,1.2715,,4900.0,149.0,,9.05499064327531
277,caring,278,7.34,1.4086,,,2485.0,,9.05499064327531
278,homemade,279,7.34,1.239,3204.0,,,,9.05499064327531
279,inspiring,280,7.34,1.1886,4265.0,,,,9.05499064327531
280,movies,281,7.34,1.4514,739.0,,1904.0,2701.0,9.05499064327531
281,precious,282,7.34,1.5201,2990.0,4136.0,,1329.0,9.05499064327531
282,respect,283,7.34,1.6113,1108.0,681.0,2009.0,1001.0,9.05499064327531
283,satisfaction,284,7.34,1.1178,,2450.0,,2878.0,9.05499064327531
284,satisfy,285,7.34,1.4373,,3902.0,,2507.0,9.05499064327531
285,wedding,286,7.34,1.5201,700.0,,3095.0,2454.0,9.05499064327531
286,accomplished,287,7.32,1.3005,,2767.0,3951.0,,8.962816645795197
287,adorable,288,7.32,1.6956,1524.0,,,,8.962816645795197
288,championship,289,7.32,1.3619,3707.0,,1966.0,,8.962816645795197
289,comfortable,290,7.32,1.0962,3887.0,3733.0,3311.0,4898.0,8.962816645795197
290,cuddle,291,7.32,1.7313,3764.0,,,,8.962816645795197
291,games,292,7.32,1.2196,671.0,3441.0,559.0,1057.0,8.962816645795197
292,grandson,293,7.32,1.4769,,,2496.0,,8.962816645795197
293,life,294,7.32,1.6956,84.0,103.0,157.0,70.0,8.962816645795197
294,lovely,295,7.32,1.5444,782.0,4534.0,,1136.0,8.962816645795197
295,pretty,296,7.32,1.6956,152.0,1983.0,1684.0,448.0,8.962816645795197
296,proud,297,7.32,1.4348,695.0,3463.0,1808.0,1034.0,8.962816645795197
297,rose,298,7.32,1.463,1938.0,1384.0,531.0,1145.0,8.962816645795197
298,united,299,7.32,1.2027,1662.0,244.0,98.0,3021.0,8.962816645795197
299,fruits,300,7.31,1.5303,,4170.0,,,8.916729647055137
300,adventure,301,7.3,1.4321,2046.0,,,,8.87064264831508
301,couple,302,7.3,1.2657,453.0,2357.0,1432.0,1309.0,8.87064264831508
302,dollars,303,7.3,1.4604,2503.0,2056.0,863.0,1915.0,8.87064264831508
303,eating,304,7.3,1.7757,532.0,3218.0,2595.0,2376.0,8.87064264831508
304,fortune,305,7.3,1.3887,4327.0,2985.0,4600.0,2013.0,8.87064264831508
305,generous,306,7.3,1.4743,,4377.0,2523.0,,8.87064264831508
306,golden,307,7.3,1.3439,1835.0,2631.0,2419.0,1025.0,8.87064264831508
307,hahah,308,7.3,1.5419,1542.0,,,,8.87064264831508
308,hooray,309,7.3,2.0727,4511.0,,,,8.87064264831508
309,intelligence,310,7.3,1.1995,,1753.0,1257.0,,8.87064264831508
310,lover,311,7.3,1.9299,3444.0,4730.0,4901.0,630.0,8.87064264831508
311,luxury,312,7.3,1.6812,2845.0,,4254.0,,8.87064264831508
312,money,313,7.3,1.8434,163.0,414.0,236.0,225.0,8.87064264831508
313,passion,314,7.3,1.4743,1955.0,2811.0,2908.0,1216.0,8.87064264831508
314,prosperity,315,7.3,1.5286,,4090.0,,,8.87064264831508
315,remarkable,316,7.3,1.3286,,2134.0,3525.0,,8.87064264831508
316,sweetie,317,7.3,1.1294,3167.0,,,,8.87064264831508
317,valentines,318,7.3,1.7757,1443.0,,,,8.87064264831508
318,educated,319,7.29,1.307,,3270.0,,,8.824555649575021
319,gently,320,7.29,1.2748,,4602.0,,2690.0,8.824555649575021
320,baby,321,7.28,1.8521,157.0,2388.0,2147.0,53.0,8.778468650834965
321,books,322,7.28,1.3254,911.0,599.0,401.0,2166.0,8.778468650834965
322,bride,323,7.28,1.5391,3811.0,,3353.0,3521.0,8.778468650834965
323,cherished,324,7.28,1.5784,,,647.0,,8.778468650834965
324,cookies,325,7.28,1.7028,1391.0,,,,8.778468650834965
325,dessert,326,7.28,1.7733,4525.0,,,,8.778468650834965
326,employed,327,7.28,1.3559,,1119.0,4869.0,,8.778468650834965
327,glow,328,7.28,1.2943,,,,1696.0,8.778468650834965
328,god,329,7.28,1.9277,136.0,181.0,1790.0,210.0,8.778468650834965
329,great-grandchildren,330,7.28,1.7028,,,,,8.778468650834965
330,helped,331,7.28,1.2943,2226.0,2063.0,975.0,3315.0,8.778468650834965
331,independence,332,7.28,1.5913,,1745.0,2634.0,,8.778468650834965
332,likes,333,7.28,1.5391,1541.0,,4118.0,1440.0,8.778468650834965
333,luckily,334,7.28,1.6542,4888.0,,,,8.778468650834965
334,moon,335,7.28,1.3708,818.0,2618.0,4687.0,454.0,8.778468650834965
335,perfectly,336,7.28,1.5913,3921.0,2339.0,,4196.0,8.778468650834965
336,satisfied,337,7.28,1.5258,4295.0,2603.0,,1520.0,8.778468650834965
337,sunday,338,7.28,1.9171,517.0,2537.0,114.0,1183.0,8.778468650834965
338,juicy,339,7.27,1.2037,,,,4900.0,8.732381652094904
339,championships,340,7.26,1.3524,,,3124.0,,8.686294653354846
340,divine,341,7.26,1.4115,,1325.0,,1855.0,8.686294653354846
341,dreaming,342,7.26,1.2586,3537.0,,,805.0,8.686294653354846
342,foods,343,7.26,1.482,2923.0,4383.0,3500.0,,8.686294653354846
343,fresh,344,7.26,1.3219,1025.0,1698.0,1557.0,1118.0,8.686294653354846
344,gladly,345,7.26,1.1214,,,,4807.0,8.686294653354846
345,greatest,346,7.26,1.5228,1454.0,1214.0,2468.0,1721.0,8.686294653354846
346,hearts,347,7.26,1.6759,2326.0,3148.0,1563.0,597.0,8.686294653354846
347,luck,348,7.26,1.8824,397.0,,,996.0,8.686294653354846
348,millions,349,7.26,1.5361,3717.0,3072.0,1982.0,2863.0,8.686294653354846
349,musicians,350,7.26,1.0461,,,2870.0,,8.686294653354846
350,play,351,7.26,1.2257,287.0,600.0,339.0,204.0,8.686294653354846
351,progress,352,7.26,1.1572,1627.0,1014.0,1927.0,4474.0,8.686294653354846
352,savings,353,7.26,1.2747,4129.0,4356.0,1586.0,,8.686294653354846
353,appreciation,354,7.24,1.4653,,4619.0,,,8.594120655874733
354,bliss,355,7.24,1.7562,3596.0,,,2684.0,8.594120655874733
355,bloom,356,7.24,1.598,,,,3127.0,8.594120655874733
356,book,357,7.24,1.2048,229.0,278.0,255.0,1063.0,8.594120655874733
357,child,358,7.24,1.5592,685.0,369.0,846.0,491.0,8.594120655874733
358,companion,359,7.24,1.3786,,4269.0,2767.0,,8.594120655874733
359,computer,360,7.24,1.3933,384.0,1450.0,762.0,4633.0,8.594120655874733
360,gardens,361,7.24,1.3486,,4541.0,2554.0,,8.594120655874733
361,gentle,362,7.24,0.9806,,3862.0,3811.0,2156.0,8.594120655874733
362,hahahah,363,7.24,2.036,3594.0,,,,8.594120655874733
363,helpful,364,7.24,1.2382,4334.0,3538.0,,,8.594120655874733
364,impressed,365,7.24,1.0412,1679.0,4667.0,,4879.0,8.594120655874733
365,kind,366,7.24,1.3933,319.0,383.0,571.0,373.0,8.594120655874733
366,knowledge,367,7.24,1.4647,1758.0,374.0,2359.0,2168.0,8.594120655874733
367,liberty,368,7.24,1.2707,3427.0,1880.0,3517.0,3605.0,8.594120655874733
368,mama,369,7.24,1.7562,1525.0,,,535.0,8.594120655874733
369,nature,370,7.24,1.802,1646.0,243.0,1464.0,1661.0,8.594120655874733
370,pal,371,7.24,1.2707,,,,4745.0,8.594120655874733
371,passionate,372,7.24,1.0797,,,,,8.594120655874733
372,promoted,373,7.24,1.4923,,,4047.0,,8.594120655874733
373,reward,374,7.24,1.8905,3952.0,3896.0,,4930.0,8.594120655874733
374,warmth,375,7.24,1.6483,,,3873.0,3065.0,8.594120655874733
375,xmas,376,7.24,2.105,769.0,,,,8.594120655874733
376,danced,377,7.22,1.2122,,,,2523.0,8.501946658394615
377,amazed,378,7.22,1.8658,3914.0,,,4272.0,8.501946658394615
378,appreciate,379,7.22,1.183,1657.0,4834.0,4755.0,3449.0,8.501946658394615
379,brother,380,7.22,1.2337,482.0,1055.0,289.0,640.0,8.501946658394615
380,confidence,381,7.22,1.2824,4570.0,1802.0,2284.0,3254.0,8.501946658394615
381,darling,382,7.22,1.3138,4107.0,,,742.0,8.501946658394615
382,encouraging,383,7.22,1.5556,,,4780.0,,8.501946658394615
383,energy,384,7.22,1.2982,1005.0,549.0,877.0,2115.0,8.501946658394615
384,films,385,7.22,1.2824,3211.0,3300.0,1444.0,,8.501946658394615
385,garden,386,7.22,1.183,1064.0,1821.0,875.0,1557.0,8.501946658394615
386,graduated,387,7.22,1.2664,,,492.0,,8.501946658394615
387,guitar,388,7.22,1.4748,1324.0,,4072.0,1071.0,8.501946658394615
388,health,389,7.22,1.2501,400.0,441.0,287.0,3144.0,8.501946658394615
389,heart,390,7.22,1.4327,274.0,435.0,719.0,86.0,8.501946658394615
390,honor,391,7.22,1.2002,1630.0,2559.0,1863.0,3003.0,8.501946658394615
391,like,392,7.22,1.2171,32.0,89.0,76.0,26.0,8.501946658394615
392,musical,393,7.22,1.5556,2642.0,3246.0,1275.0,4045.0,8.501946658394615
393,pets,394,7.22,1.5292,4059.0,,,,8.501946658394615
394,relaxed,395,7.22,1.0554,4698.0,,,,8.501946658394615
395,salary,396,7.22,1.3445,,4883.0,3110.0,,8.501946658394615
396,star,397,7.22,1.5817,392.0,2460.0,1290.0,497.0,8.501946658394615
397,sweeter,398,7.22,1.1119,,,,2858.0,8.501946658394615
398,trust,399,7.22,1.2337,705.0,1399.0,1358.0,563.0,8.501946658394615
399,yummy,400,7.22,1.7876,1608.0,,,,8.501946658394615
400,ecstasy,401,7.2,1.7318,,,,2805.0,8.4097726609145
401,eternal,402,7.2,1.5272,,2958.0,,1699.0,8.4097726609145
402,approved,403,7.2,1.4983,,3132.0,1417.0,,8.4097726609145
403,benefits,404,7.2,1.0498,3234.0,1814.0,1124.0,,8.4097726609145
404,cartoon,405,7.2,1.4428,4463.0,,,,8.4097726609145
405,comforted,406,7.2,1.4428,,,4362.0,,8.4097726609145
406,cool,407,7.2,1.3401,276.0,3437.0,3533.0,472.0,8.4097726609145
407,discount,408,7.2,1.2936,2776.0,,3885.0,,8.4097726609145
408,good,409,7.2,1.4569,19.0,121.0,164.0,114.0,8.4097726609145
409,google,410,7.2,1.3093,456.0,,,,8.4097726609145
410,ladies,411,7.2,1.4708,1047.0,3188.0,,814.0,8.4097726609145
411,libraries,412,7.2,1.2454,,4520.0,,,8.4097726609145
412,luv,413,7.2,1.8406,1044.0,,,3606.0,8.4097726609145
413,perfection,414,7.2,1.6288,,4505.0,,3509.0,8.4097726609145
414,presents,415,7.2,1.4569,1940.0,2555.0,4154.0,4863.0,8.4097726609145
415,prizes,416,7.2,2.0304,4281.0,,,,8.4097726609145
416,special,417,7.2,1.1952,649.0,448.0,480.0,866.0,8.4097726609145
417,wishes,418,7.2,1.2122,1650.0,3179.0,,2773.0,8.4097726609145
418,alive,419,7.18,1.2887,872.0,2707.0,2977.0,445.0,8.317598663434381
419,awards,420,7.18,1.207,1633.0,,2230.0,,8.317598663434381
420,bed,421,7.18,1.2887,124.0,1100.0,3503.0,459.0,8.317598663434381
421,best,422,7.18,1.6866,126.0,282.0,295.0,270.0,8.317598663434381
422,coffee,423,7.18,1.4803,474.0,2997.0,2806.0,1799.0,8.317598663434381
423,comfy,424,7.18,1.2237,4650.0,,,,8.317598663434381
424,fiesta,425,7.18,1.7692,,,,4352.0,8.317598663434381
425,genuine,426,7.18,1.3805,,3492.0,,,8.317598663434381
426,helping,427,7.18,1.6374,1479.0,3756.0,2215.0,3277.0,8.317598663434381
427,imagine,428,7.18,1.1008,888.0,2512.0,3062.0,1282.0,8.317598663434381
428,leisure,429,7.18,1.6986,,,3100.0,,8.317598663434381
429,meal,430,7.18,1.4665,2018.0,3858.0,,3549.0,8.317598663434381
430,promise,431,7.18,1.1899,1881.0,2230.0,2838.0,642.0,8.317598663434381
431,respected,432,7.18,1.024,,,3229.0,,8.317598663434381
432,rest,433,7.18,1.2567,562.0,630.0,891.0,490.0,8.317598663434381
433,travel,434,7.18,1.4241,632.0,2204.0,623.0,1910.0,8.317598663434381
434,abundant,435,7.16,1.6458,,4672.0,,,8.225424665954268
435,attracted,436,7.16,1.1669,,4251.0,,,8.225424665954268
436,devoted,437,7.16,1.3607,,2487.0,310.0,,8.225424665954268
437,favourite,438,7.16,1.3607,2197.0,,,3939.0,8.225424665954268
438,granddaughter,439,7.16,1.6946,,,3763.0,,8.225424665954268
439,heroes,440,7.16,1.5696,2759.0,,,2486.0,8.225424665954268
440,ideas,441,7.16,1.2835,1003.0,815.0,1482.0,3540.0,8.225424665954268
441,liked,442,7.16,0.9116,1287.0,3339.0,4273.0,2410.0,8.225424665954268
442,oceans,443,7.16,1.6208,,,,3577.0,8.225424665954268
443,pizza,444,7.16,1.3303,500.0,,,4655.0,8.225424665954268
444,skies,445,7.16,1.3456,,,,953.0,8.225424665954268
445,sleep,446,7.16,1.7066,109.0,1593.0,3382.0,354.0,8.225424665954268
446,spring,447,7.16,1.4337,625.0,1279.0,920.0,1356.0,8.225424665954268
447,sunset,448,7.16,2.1127,2597.0,,,2330.0,8.225424665954268
448,welcome,449,7.16,1.3149,653.0,3503.0,2507.0,961.0,8.225424665954268
449,1st,450,7.14,1.7025,,3809.0,,,8.133250668474151
450,adoring,451,7.14,1.6904,,,2424.0,,8.133250668474151
451,brighter,452,7.14,1.325,,,,2428.0,8.133250668474151
452,children's,453,7.14,1.512,,3315.0,,,8.133250668474151
453,cure,454,7.14,1.512,2823.0,4323.0,,1957.0,8.133250668474151
454,fireworks,455,7.14,1.4848,3589.0,,,,8.133250668474151
455,home,456,7.14,1.8296,60.0,255.0,108.0,135.0,8.133250668474151
456,honored,457,7.14,1.2779,,,3501.0,,8.133250668474151
457,journey,458,7.14,1.512,2644.0,2179.0,3957.0,1946.0,8.133250668474151
458,lovin,459,7.14,1.9693,4096.0,,,2199.0,8.133250668474151
459,opportunity,460,7.14,1.7144,1975.0,1176.0,1397.0,4127.0,8.133250668474151
460,paid,461,7.14,1.7144,1286.0,894.0,804.0,991.0,8.133250668474151
461,parks,462,7.14,1.5651,,,2515.0,,8.133250668474151
462,playing,463,7.14,1.4709,311.0,2312.0,815.0,730.0,8.133250668474151
463,shine,464,7.14,1.7144,2921.0,,,456.0,8.133250668474151
464,strawberry,465,7.14,1.4144,4584.0,,,,8.133250668474151
465,summertime,466,7.14,2.2224,,,,2650.0,8.133250668474151
466,wealthy,467,7.14,1.7498,,,4764.0,,8.133250668474151
467,appreciated,468,7.12,1.507,4995.0,,2738.0,,8.041076670994036
468,artistic,469,7.12,1.2395,,4079.0,2415.0,,8.041076670994036
469,birth,470,7.12,1.6117,2916.0,1398.0,2885.0,2039.0,8.041076670994036
470,children,471,7.12,1.3498,1035.0,203.0,173.0,614.0,8.041076670994036
471,fruit,472,7.12,1.5205,2529.0,2367.0,4456.0,3087.0,8.041076670994036
472,inspire,473,7.12,1.4797,3787.0,,,,8.041076670994036
473,juice,474,7.12,1.0812,2185.0,,,2429.0,8.041076670994036
474,laptop,475,7.12,1.3498,1075.0,,,,8.041076670994036
475,partners,476,7.12,1.4377,,4156.0,1660.0,,8.041076670994036
476,son,477,7.12,1.8142,624.0,497.0,201.0,450.0,8.041076670994036
477,stronger,478,7.12,1.0812,4576.0,3410.0,3673.0,1171.0,8.041076670994036
478,superman,479,7.12,1.7219,,,,3794.0,8.041076670994036
479,tree,480,7.12,1.3192,702.0,1246.0,2933.0,824.0,8.041076670994036
480,valuable,481,7.12,1.1183,,2015.0,3652.0,,8.041076670994036
481,woman's,482,7.12,1.3498,,4352.0,,,8.041076670994036
482,women,483,7.12,1.4658,651.0,229.0,376.0,881.0,8.041076670994036
483,glowing,484,7.1,1.4324,,,,3796.0,7.948902673513918
484,admiration,485,7.1,1.4604,,4990.0,,,7.948902673513918
485,carnival,486,7.1,1.7642,,,,4356.0,7.948902673513918
486,computers,487,7.1,1.2817,3587.0,,1956.0,,7.948902673513918
487,confident,488,7.1,1.1824,3827.0,,3399.0,,7.948902673513918
488,cookie,489,7.1,1.2976,2560.0,,,3900.0,7.948902673513918
489,cutie,490,7.1,1.3132,4744.0,,,,7.948902673513918
490,dearest,491,7.1,1.2817,,,4358.0,,7.948902673513918
491,dream,492,7.1,1.9614,409.0,2076.0,2500.0,215.0,7.948902673513918
492,freely,493,7.1,1.374,,3493.0,,,7.948902673513918
493,fridays,494,7.1,1.4604,4899.0,,2747.0,,7.948902673513918
494,plants,495,7.1,1.2976,4973.0,1392.0,1847.0,,7.948902673513918
495,quality,496,7.1,1.4178,866.0,764.0,1409.0,,7.948902673513918
496,rabbit,497,7.1,1.2164,3115.0,,,4413.0,7.948902673513918
497,resort,498,7.1,1.4463,4049.0,,3854.0,,7.948902673513918
498,shopping,499,7.1,1.5419,604.0,,2551.0,3672.0,7.948902673513918
499,sincere,500,7.1,1.0351,,,3579.0,4635.0,7.948902673513918
500,snack,501,7.1,1.5682,4083.0,,,,7.948902673513918
501,stars,502,7.1,1.5419,1190.0,2781.0,1883.0,455.0,7.948902673513918
502,toys,503,7.1,1.6568,2579.0,,,2583.0,7.948902673513918
503,useful,504,7.1,1.1995,1445.0,1028.0,4019.0,,7.948902673513918
504,wise,505,7.1,1.2657,1869.0,2254.0,3257.0,1515.0,7.948902673513918
505,yum,506,7.1,1.488,1603.0,,,,7.948902673513918
506,desirable,507,7.08,1.6563,,2901.0,,,7.8567286760338035
507,sparkle,508,7.08,1.6181,,,,4859.0,7.8567286760338035
508,bless,509,7.08,1.9675,967.0,,,1545.0,7.8567286760338035
509,comic,510,7.08,1.5628,2518.0,,4204.0,,7.8567286760338035
510,cooking,511,7.08,1.2911,1447.0,,4167.0,,7.8567286760338035
511,dancing,512,7.08,1.6142,1331.0,4652.0,2865.0,744.0,7.8567286760338035
512,earned,513,7.08,1.1753,3855.0,,1758.0,,7.8567286760338035
513,equality,514,7.08,1.8277,,3316.0,,,7.8567286760338035
514,faith,515,7.08,1.4405,1873.0,838.0,2399.0,654.0,7.8567286760338035
515,graduate,516,7.08,1.2428,3304.0,4184.0,710.0,,7.8567286760338035
516,improvements,517,7.08,1.4119,,4076.0,,,7.8567286760338035
517,memories,518,7.08,1.1925,1591.0,4354.0,2481.0,762.0,7.8567286760338035
518,park,519,7.08,1.3529,802.0,1909.0,262.0,1264.0,7.8567286760338035
519,pet,520,7.08,1.7004,1132.0,,,4364.0,7.8567286760338035
520,powerful,521,7.08,1.5365,1641.0,1391.0,1789.0,4452.0,7.8567286760338035
521,princess,522,7.08,1.5758,2507.0,4690.0,,3282.0,7.8567286760338035
522,qualities,523,7.08,1.1578,,2420.0,,,7.8567286760338035
523,thrill,524,7.08,1.5628,,,,1530.0,7.8567286760338035
524,true,525,7.08,1.1036,415.0,315.0,1069.0,202.0,7.8567286760338035
525,wonder,526,7.08,1.3068,344.0,2309.0,2665.0,409.0,7.8567286760338035
526,everlasting,527,7.06,1.3906,,,,2924.0,7.764554678553686
527,mamma,528,7.06,1.7006,,,,2973.0,7.764554678553686
528,caress,529,7.06,1.7192,,,,3091.0,7.764554678553686
529,charm,530,7.06,1.4201,3763.0,,4977.0,2765.0,7.764554678553686
530,clever,531,7.06,1.3463,4316.0,,,3151.0,7.764554678553686
531,father,532,7.06,1.7427,1203.0,375.0,139.0,747.0,7.764554678553686
532,grand,533,7.06,1.3614,1685.0,1709.0,944.0,1575.0,7.764554678553686
533,hehehe,534,7.06,1.6587,2791.0,,,,7.764554678553686
534,idea,535,7.06,1.2843,269.0,499.0,915.0,2144.0,7.764554678553686
535,pearl,536,7.06,1.4201,4078.0,,3995.0,3892.0,7.764554678553686
536,pictures,537,7.06,1.3157,1065.0,2328.0,1770.0,1540.0,7.764554678553686
537,restaurant,538,7.06,1.2521,1041.0,,1044.0,,7.764554678553686
538,sandwich,539,7.06,1.3763,2463.0,,,,7.764554678553686
539,sharing,540,7.06,1.2843,1885.0,4124.0,4554.0,3518.0,7.764554678553686
540,strong,541,7.06,1.5174,740.0,529.0,722.0,401.0,7.764554678553686
541,talent,542,7.06,0.9775,1306.0,4877.0,3034.0,,7.764554678553686
542,talented,543,7.06,1.5308,3256.0,,4996.0,,7.764554678553686
543,tenderness,544,7.06,1.2683,,,,3698.0,7.764554678553686
544,weddings,545,7.06,1.6587,,,504.0,,7.764554678553686
545,dove,546,7.04,1.4428,,,,2276.0,7.672380681073571
546,awsome,547,7.04,1.7952,4880.0,,,,7.672380681073571
547,cherry,548,7.04,1.4563,3311.0,,,2587.0,7.672380681073571
548,daughter,549,7.04,1.8066,1258.0,1265.0,272.0,1698.0,7.672380681073571
549,eat,550,7.04,1.4563,228.0,2093.0,2972.0,639.0,7.672380681073571
550,favorite,551,7.04,1.6532,501.0,4519.0,2048.0,1495.0,7.672380681073571
551,girlfriend,552,7.04,1.6283,2260.0,,,1695.0,7.672380681073571
552,hoping,553,7.04,1.1421,906.0,,2905.0,1203.0,7.672380681073571
553,impressive,554,7.04,1.0294,4271.0,,4363.0,,7.672380681073571
554,loyalty,555,7.04,1.7723,,4526.0,,,7.672380681073571
555,parent,556,7.04,1.293,4646.0,2581.0,2209.0,,7.672380681073571
556,relationship,557,7.04,1.293,1990.0,691.0,1430.0,4256.0,7.672380681073571
557,safe,558,7.04,1.6157,579.0,2024.0,2119.0,873.0,7.672380681073571
558,scholarship,559,7.04,1.6532,,,2975.0,,7.672380681073571
559,shining,560,7.04,1.7608,3585.0,,,837.0,7.672380681073571
560,sunrise,561,7.04,1.7952,3659.0,,,2605.0,7.672380681073571
561,yoga,562,7.04,1.5903,2695.0,,,,7.672380681073571
562,respects,563,7.02,1.6176,,3820.0,,,7.580206683593453
563,fairy,564,7.02,1.4789,,,,3337.0,7.580206683593453
564,humanity,565,7.02,1.6265,,3146.0,,4154.0,7.580206683593453
565,productivity,566,7.02,1.3148,,3778.0,,,7.580206683593453
566,brave,567,7.02,1.2856,2714.0,4617.0,,1741.0,7.580206683593453
567,colours,568,7.02,1.3775,,,,2974.0,7.580206683593453
568,correct,569,7.02,1.4913,2937.0,1486.0,3134.0,4564.0,7.580206683593453
569,dad,570,7.02,2.1236,672.0,,4297.0,1429.0,7.580206683593453
570,daddy,571,7.02,1.7201,1767.0,,,573.0,7.580206683593453
571,dollar,572,7.02,1.5185,1162.0,4001.0,1281.0,1229.0,7.580206683593453
572,easily,573,7.02,1.6349,2438.0,948.0,2270.0,2155.0,7.580206683593453
573,fans,574,7.02,1.2534,709.0,,1794.0,2906.0,7.580206683593453
574,goal,575,7.02,1.2204,1726.0,1964.0,1139.0,3122.0,7.580206683593453
575,hawaii,576,7.02,1.6841,2994.0,,,,7.580206683593453
576,honestly,577,7.02,1.5713,2091.0,,,4321.0,7.580206683593453
577,inspiration,578,7.02,1.4497,2692.0,4622.0,3379.0,3205.0,7.580206683593453
578,olympics,579,7.02,1.3476,2500.0,,2083.0,,7.580206683593453
579,saints,580,7.02,1.7201,1700.0,4749.0,,3778.0,7.580206683593453
580,sleeping,581,7.02,1.672,958.0,4686.0,,1023.0,7.580206683593453
581,wisdom,582,7.02,1.5583,3025.0,2168.0,2824.0,2050.0,7.580206683593453
582,believed,583,7.0,1.2778,,1256.0,1462.0,1884.0,7.488032686113339
583,better,584,7.0,1.2778,142.0,306.0,359.0,147.0,7.488032686113339
584,color,585,7.0,1.3702,789.0,1315.0,2204.0,1347.0,7.488032686113339
585,colors,586,7.0,1.7496,3047.0,4062.0,4050.0,1744.0,7.488032686113339
586,dad's,587,7.0,1.3851,,,,,7.488032686113339
587,determination,588,7.0,1.4142,,2086.0,,,7.488032686113339
588,discovered,589,7.0,1.2454,2262.0,1604.0,2593.0,,7.488032686113339
589,gentlemen,590,7.0,1.4289,,3472.0,,3049.0,7.488032686113339
590,girl,591,7.0,1.1606,127.0,1130.0,1923.0,101.0,7.488032686113339
591,harmony,592,7.0,1.4434,,3714.0,,2685.0,7.488032686113339
592,hello,593,7.0,1.5119,681.0,,,798.0,7.488032686113339
593,hopes,594,7.0,1.5518,2723.0,3248.0,1829.0,1909.0,7.488032686113339
594,noble,595,7.0,1.6036,,2375.0,,,7.488032686113339
595,praised,596,7.0,1.3851,,,4285.0,,7.488032686113339
596,reliable,597,7.0,1.4846,,4231.0,,,7.488032686113339
597,trip,598,7.0,1.5518,677.0,3013.0,1596.0,1043.0,7.488032686113339
598,agreed,599,6.98,1.3013,2440.0,1512.0,735.0,,7.395858688633226
599,approval,600,6.98,1.2036,,3524.0,1835.0,,7.395858688633226
600,brothers,601,6.98,1.4497,1493.0,2410.0,716.0,1115.0,7.395858688633226
601,concerts,602,6.98,1.5451,,,3270.0,,7.395858688633226
602,cooperation,603,6.98,1.3775,,2824.0,3280.0,,7.395858688633226
603,encouraged,604,6.98,1.237,,3073.0,4055.0,,7.395858688633226
604,giving,605,6.98,1.1516,640.0,973.0,1214.0,761.0,7.395858688633226
605,goals,606,6.98,1.2036,3003.0,2284.0,1866.0,,7.395858688633226
606,ideal,607,6.98,1.7082,,1761.0,4874.0,,7.395858688633226
607,intellectual,608,6.98,1.2856,,1652.0,4126.0,,7.395858688633226
608,invitation,609,6.98,1.3323,,,,4781.0,7.395858688633226
609,marry,610,6.98,1.868,2964.0,3751.0,,2527.0,7.395858688633226
610,musician,611,6.98,1.237,,,4916.0,,7.395858688633226
611,outdoors,612,6.98,1.6962,,,4411.0,,7.395858688633226
612,photography,613,6.98,1.4913,2754.0,,1677.0,,7.395858688633226
613,plenty,614,6.98,1.2204,2473.0,4041.0,3305.0,1836.0,7.395858688633226
614,rome,615,6.98,1.4213,,1612.0,3750.0,4446.0,7.395858688633226
615,trees,616,6.98,1.5971,2580.0,1296.0,2743.0,937.0,7.395858688633226
616,trips,617,6.98,1.3169,,,3985.0,4319.0,7.395858688633226
617,unique,618,6.98,1.4356,2825.0,2278.0,3782.0,,7.395858688633226
618,wildlife,619,6.98,1.6841,,,4215.0,,7.395858688633226
619,lullaby,620,6.98,1.931,,,,3215.0,7.395858688633226
620,thrills,621,6.98,1.3306,,,,4535.0,7.395858688633226
621,abroad,622,6.96,1.2282,,2864.0,2404.0,,7.303684691153107
622,bath,623,6.96,1.261,1219.0,4096.0,,3628.0,7.303684691153107
623,benefit,624,6.96,1.3087,3195.0,1541.0,1039.0,,7.303684691153107
624,birds,625,6.96,1.428,2872.0,2277.0,4442.0,1268.0,7.303684691153107
625,dads,626,6.96,1.4702,4402.0,,,,7.303684691153107
626,elegant,627,6.96,1.9268,,,4481.0,,7.303684691153107
627,eternally,628,6.96,1.7138,,,,3459.0,7.303684691153107
628,fair,629,6.96,1.261,1229.0,1348.0,1274.0,1165.0,7.303684691153107
629,fancy,630,6.96,1.3696,2643.0,4192.0,,2349.0,7.303684691153107
630,great-grandfather,631,6.96,1.7257,,,,,7.303684691153107
631,imagination,632,6.96,1.3547,,2389.0,4945.0,2388.0,7.303684691153107
632,improving,633,6.96,0.8797,,4723.0,4506.0,,7.303684691153107
633,mountains,634,6.96,1.1945,4720.0,1960.0,,1563.0,7.303684691153107
634,ocean,635,6.96,1.7138,1989.0,2566.0,2765.0,905.0,7.303684691153107
635,pancakes,636,6.96,1.2115,1973.0,,,,7.303684691153107
636,photograph,637,6.96,1.5644,,,3626.0,3718.0,7.303684691153107
637,praying,638,6.96,1.7492,2135.0,,,2023.0,7.303684691153107
638,present,639,6.96,1.2771,955.0,191.0,1099.0,2700.0,7.303684691153107
639,reunion,640,6.96,1.6283,2556.0,,,,7.303684691153107
640,safely,641,6.96,1.4563,4647.0,,,,7.303684691153107
641,saving,642,6.96,1.261,2376.0,3825.0,4611.0,2619.0,7.303684691153107
642,singing,643,6.96,1.7019,1042.0,3689.0,3079.0,731.0,7.303684691153107
643,songs,644,6.96,1.8731,751.0,3261.0,1519.0,863.0,7.303684691153107
644,sunny,645,6.96,2.0894,1596.0,,,1851.0,7.303684691153107
645,terrific,646,6.96,2.0796,,,,,7.303684691153107
646,theater,647,6.96,1.5513,2581.0,4729.0,246.0,,7.303684691153107
647,vanilla,648,6.96,1.3395,3969.0,,,,7.303684691153107
648,adore,649,6.96,1.8592,,,,1846.0,7.303684691153107
649,gentleman,650,6.96,1.7254,,2801.0,,,7.303684691153107
650,autumn,651,6.94,1.5039,4537.0,4471.0,,2850.0,7.211510693672993
651,cinema,652,6.94,1.596,3728.0,,,,7.211510693672993
652,college,653,6.94,1.4201,853.0,684.0,158.0,3431.0,7.211510693672993
653,concert,654,6.94,1.2022,1118.0,,1271.0,,7.211510693672993
654,correctly,655,6.94,1.3311,,4820.0,,,7.211510693672993
655,cozy,656,6.94,1.4626,4734.0,,,,7.211510693672993
656,dear,657,6.94,1.544,596.0,1454.0,579.0,651.0,7.211510693672993
657,earning,658,6.94,1.5308,,,4951.0,,7.211510693672993
658,earns,659,6.94,1.0956,,,1905.0,,7.211510693672993
659,gardening,660,6.94,1.2683,,,3624.0,,7.211510693672993
660,girls,661,6.94,1.4626,419.0,1472.0,2378.0,389.0,7.211510693672993
661,massage,662,6.94,1.6587,3123.0,,,,7.211510693672993
662,outdoor,663,6.94,1.2357,,,4278.0,,7.211510693672993
663,photos,664,6.94,1.1678,954.0,,,,7.211510693672993
664,piano,665,6.94,1.2683,2941.0,,2197.0,3141.0,7.211510693672993
665,sea,666,6.94,1.2843,1653.0,588.0,1777.0,502.0,7.211510693672993
666,trusted,667,6.94,1.5331,,,,4093.0,7.211510693672993
667,albums,668,6.92,1.3223,4149.0,,,,7.119336696192875
668,dignity,669,6.92,1.1753,,3521.0,4347.0,4779.0,7.119336696192875
669,favored,670,6.92,1.3529,,,4467.0,,7.119336696192875
670,fitness,671,6.92,1.7478,2647.0,,,,7.119336696192875
671,game,672,6.92,1.6015,115.0,1514.0,306.0,292.0,7.119336696192875
672,healing,673,6.92,1.3974,4556.0,4569.0,,2739.0,7.119336696192875
673,learned,674,6.92,1.5232,1655.0,1146.0,1643.0,897.0,7.119336696192875
674,learning,675,6.92,1.3529,1377.0,799.0,2445.0,2185.0,7.119336696192875
675,prayers,676,6.92,1.8499,2358.0,4624.0,,2465.0,7.119336696192875
676,promote,677,6.92,1.066,3366.0,3231.0,3390.0,,7.119336696192875
677,secure,678,6.92,1.2911,3497.0,2019.0,4137.0,,7.119336696192875
678,spa,679,6.92,1.4824,4286.0,,,,7.119336696192875
679,unity,680,6.92,1.7478,,2042.0,,4957.0,7.119336696192875
680,wish,681,6.92,1.4961,141.0,1092.0,1880.0,293.0,7.119336696192875
681,youtube,682,6.92,1.5097,522.0,,,,7.119336696192875
682,favour,683,6.92,1.5253,,2681.0,,,7.119336696192875
683,clean,684,6.9,1.8979,805.0,2441.0,2184.0,845.0,7.027162698712761
684,dynamic,685,6.9,1.3132,,2947.0,,,7.027162698712761
685,encourage,686,6.9,1.6812,,3447.0,3025.0,,7.027162698712761
686,infant,687,6.9,1.7642,,3222.0,,,7.027162698712761
687,jewelry,688,6.9,1.5017,3454.0,,4747.0,,7.027162698712761
688,necklace,689,6.9,1.165,4445.0,,,,7.027162698712761
689,paintings,690,6.9,1.594,,,2068.0,,7.027162698712761
690,stability,691,6.9,1.488,,2772.0,,,7.027162698712761
691,voyage,692,6.9,1.3286,,4256.0,,,7.027162698712761
692,worthy,693,6.9,1.6812,,2857.0,,3664.0,7.027162698712761
693,fulfill,694,6.9,1.3423,,,,4721.0,7.027162698712761
694,eternity,695,6.9,1.9596,,,,1755.0,7.027162698712761
695,accuracy,696,6.88,1.1718,,3405.0,,,6.934988701232642
696,bookstores,697,6.88,1.4518,,,2180.0,,6.934988701232642
697,breeze,698,6.88,1.3346,4464.0,,,1360.0,6.934988701232642
698,bunny,699,6.88,1.7916,2416.0,,,,6.934988701232642
699,cheese,700,6.88,1.4377,1088.0,,4972.0,2119.0,6.934988701232642
700,comics,701,6.88,1.3498,4821.0,,,,6.934988701232642
701,donated,702,6.88,1.2395,4633.0,,,,6.934988701232642
702,easter,703,6.88,1.698,1683.0,,,,6.934988701232642
703,education,704,6.88,1.6117,1210.0,337.0,466.0,4501.0,6.934988701232642
704,email,705,6.88,1.3192,714.0,,,,6.934988701232642
705,farmer,706,6.88,1.6243,,4030.0,,,6.934988701232642
706,female,707,6.88,1.272,1839.0,1250.0,2781.0,3266.0,6.934988701232642
707,flavor,708,6.88,1.2229,,,,3203.0,6.934988701232642
708,friday,709,6.88,1.686,371.0,,190.0,1719.0,6.934988701232642
709,moms,710,6.88,1.7687,2055.0,,,3111.0,6.934988701232642
710,photo,711,6.88,1.3944,840.0,,4597.0,,6.934988701232642
711,pillow,712,6.88,1.2229,2716.0,,,2252.0,6.934988701232642
712,pure,713,6.88,1.3498,2275.0,1475.0,4895.0,1279.0,6.934988701232642
713,saved,714,6.88,1.507,2291.0,3041.0,4157.0,1418.0,6.934988701232642
714,shakespeare,715,6.88,1.7802,,4262.0,,,6.934988701232642
715,survived,716,6.88,1.4797,4911.0,,143.0,4680.0,6.934988701232642
716,taste,717,6.88,1.272,861.0,2256.0,2916.0,667.0,6.934988701232642
717,valued,718,6.88,1.1183,,,4287.0,,6.934988701232642
718,vitamin,719,6.88,1.3797,,4891.0,,,6.934988701232642
719,infants,720,6.88,1.6283,,4162.0,,,6.934988701232642
720,silk,721,6.88,1.4525,,4432.0,,4317.0,6.934988701232642
721,dreamed,722,6.87,1.3922,,,,1620.0,6.888901702492586
722,#music,723,6.86,1.8953,,,,,6.842814703752529
723,acceptance,724,6.86,1.2779,,2923.0,,,6.842814703752529
724,banana,725,6.86,1.2938,3130.0,,,4566.0,6.842814703752529
725,breakfast,726,6.86,1.143,733.0,4293.0,4367.0,3142.0,6.842814703752529
726,cooperative,727,6.86,1.3999,,4780.0,,,6.842814703752529
727,dancer,728,6.86,1.5388,4387.0,,4444.0,3004.0,6.842814703752529
728,grace,729,6.86,1.5254,2936.0,1919.0,1851.0,1074.0,6.842814703752529
729,greatly,730,6.86,1.3403,,1686.0,2066.0,,6.842814703752529
730,guarantee,731,6.86,1.3095,,4700.0,3940.0,3412.0,6.842814703752529
731,improved,732,6.86,1.3554,,2318.0,2878.0,,6.842814703752529
732,improvement,733,6.86,1.2618,,2027.0,3541.0,,6.842814703752529
733,independent,734,6.86,1.8071,4258.0,980.0,1166.0,4531.0,6.842814703752529
734,liking,735,6.86,0.8809,3424.0,,,,6.842814703752529
735,paris,736,6.86,1.6661,1997.0,956.0,1363.0,2895.0,6.842814703752529
736,pasta,737,6.86,1.4144,2052.0,,,,6.842814703752529
737,photographs,738,6.86,1.4984,,,2105.0,,6.842814703752529
738,recipes,739,6.86,1.3095,3829.0,,,,6.842814703752529
739,relationships,740,6.86,1.125,3725.0,1502.0,4448.0,,6.842814703752529
740,relief,741,6.86,1.6037,2319.0,1868.0,2091.0,3699.0,6.842814703752529
741,sailing,742,6.86,1.4848,,,,2582.0,6.842814703752529
742,science,743,6.86,1.578,1561.0,522.0,685.0,3530.0,6.842814703752529
743,seas,744,6.86,1.6289,,,,2081.0,6.842814703752529
744,toast,745,6.86,1.4144,2957.0,,,2473.0,6.842814703752529
745,truly,746,6.86,0.9691,1491.0,2145.0,2289.0,1649.0,6.842814703752529
746,platinum,747,6.86,1.8484,,,,2218.0,6.842814703752529
747,superstar,748,6.86,1.9685,,,,3214.0,6.842814703752529
748,understands,749,6.86,1.2076,,,,3366.0,6.842814703752529
749,accurately,750,6.84,1.4619,,4841.0,,,6.75064070627241
750,advantage,751,6.84,1.2835,2377.0,1295.0,2190.0,4780.0,6.75064070627241
751,belonging,752,6.84,1.2993,,3321.0,,,6.75064070627241
752,buddy,753,6.84,1.0568,1962.0,,,2552.0,6.75064070627241
753,childhood,754,6.84,1.8556,4236.0,2817.0,3976.0,3773.0,6.75064070627241
754,daylight,755,6.84,1.4049,4943.0,,,2255.0,6.75064070627241
755,discover,756,6.84,1.4049,3053.0,3090.0,,2848.0,6.75064070627241
756,forgiveness,757,6.84,1.9832,,,,3041.0,6.75064070627241
757,great-grandmother,758,6.84,1.8223,,,,,6.75064070627241
758,hopefully,759,6.84,1.5167,804.0,,,,6.75064070627241
759,horses,760,6.84,1.4758,,2103.0,4975.0,2658.0,6.75064070627241
760,interested,761,6.84,1.0947,1440.0,1645.0,1840.0,,6.75064070627241
761,kid,762,6.84,1.4758,732.0,,4164.0,693.0,6.75064070627241
762,live,763,6.84,1.5167,187.0,653.0,533.0,155.0,6.75064070627241
763,lol,764,6.84,1.7884,42.0,,,,6.75064070627241
764,movie,765,6.84,1.9832,158.0,,1082.0,1452.0,6.75064070627241
765,popularity,766,6.84,1.5696,,,4766.0,,6.75064070627241
766,solution,767,6.84,1.3756,3088.0,722.0,2492.0,3291.0,6.75064070627241
767,swim,768,6.84,1.2993,3319.0,,,1791.0,6.75064070627241
768,toy,769,6.84,2.034,1318.0,,,2483.0,6.75064070627241
769,understanding,770,6.84,1.1669,3988.0,786.0,2599.0,2679.0,6.75064070627241
770,universe,771,6.84,1.2835,2870.0,2597.0,,2080.0,6.75064070627241
771,woman,772,6.84,1.6458,454.0,473.0,575.0,359.0,6.75064070627241
772,woohoo,773,6.84,2.044,2788.0,,,,6.75064070627241
773,rivers,774,6.84,1.5322,,3306.0,,2537.0,6.75064070627241
774,sail,775,6.84,1.5592,,,,1368.0,6.75064070627241
775,cared,776,6.83,1.2738,,,,2229.0,6.704553707532353
776,active,777,6.82,1.7692,3815.0,941.0,1504.0,,6.658466708792297
777,artists,778,6.82,1.4241,2763.0,3507.0,1356.0,,6.658466708792297
778,babe,779,6.82,1.2728,1582.0,,,561.0,6.658466708792297
779,believes,780,6.82,1.1899,,4318.0,2859.0,3615.0,6.658466708792297
780,born,781,6.82,1.6499,1613.0,785.0,656.0,474.0,6.658466708792297
781,champagne,782,6.82,1.746,4435.0,,,2724.0,6.658466708792297
782,compassion,783,6.82,1.9026,,,4599.0,,6.658466708792297
783,completed,784,6.82,1.3656,3342.0,1978.0,1375.0,,6.658466708792297
784,create,785,6.82,1.1008,1332.0,1286.0,1196.0,2644.0,6.658466708792297
785,dedicated,786,6.82,1.32,4526.0,4531.0,2178.0,3955.0,6.658466708792297
786,experienced,787,6.82,1.1726,,2057.0,3829.0,,6.658466708792297
787,fathers,788,6.82,1.826,,3332.0,,4230.0,6.658466708792297
788,first,789,6.82,1.4803,133.0,73.0,74.0,256.0,6.658466708792297
789,gains,790,6.82,1.4803,,4440.0,1244.0,,6.658466708792297
790,heal,791,6.82,1.4525,3950.0,,,1480.0,6.658466708792297
791,new,792,6.82,1.1373,41.0,66.0,25.0,168.0,6.658466708792297
792,significant,793,6.82,1.0821,,789.0,1606.0,,6.658466708792297
793,singer,794,6.82,1.4525,2728.0,,1627.0,3172.0,6.658466708792297
794,surprisingly,795,6.82,1.32,4564.0,,,,6.658466708792297
795,young,796,6.82,1.2403,464.0,280.0,371.0,350.0,6.658466708792297
796,mansion,797,6.82,1.6288,,,,4390.0,6.658466708792297
797,prevail,798,6.82,1.7281,,,,4979.0,6.658466708792297
798,qualified,799,6.81,1.5664,,4372.0,,,6.6123797100522355
799,air,800,6.8,1.6537,378.0,395.0,555.0,458.0,6.566292711312178
800,amazon,801,6.8,1.5386,1934.0,,,,6.566292711312178
801,animal,802,6.8,1.8516,1982.0,1281.0,3132.0,2133.0,6.566292711312178
802,bedroom,803,6.8,1.4428,2680.0,,,2231.0,6.566292711312178
803,camera,804,6.8,1.2936,1313.0,4455.0,3355.0,3158.0,6.566292711312178
804,cream,805,6.8,1.2936,1076.0,,4085.0,1576.0,6.566292711312178
805,dreamer,806,6.8,1.4983,,,,3319.0,6.566292711312178
806,forgiven,807,6.8,1.5253,,,,4402.0,6.566292711312178
807,highest,808,6.8,1.7613,4503.0,1482.0,2072.0,3033.0,6.566292711312178
808,horse,809,6.8,1.5119,1544.0,1473.0,1225.0,1735.0,6.566292711312178
809,magic,810,6.8,1.7613,1560.0,3857.0,3117.0,777.0,6.566292711312178
810,manners,811,6.8,1.2454,,4339.0,,,6.566292711312178
811,naturally,812,6.8,1.6036,,1888.0,,4758.0,6.566292711312178
812,novels,813,6.8,1.6903,,4411.0,3894.0,,6.566292711312178
813,performers,814,6.8,1.2617,,,3596.0,,6.566292711312178
814,pies,815,6.8,1.3702,,,,4188.0,6.566292711312178
815,protect,816,6.8,1.4142,3269.0,2253.0,1650.0,2079.0,6.566292711312178
816,santa,817,6.8,1.7728,1124.0,4094.0,1806.0,1454.0,6.566292711312178
817,shared,818,6.8,1.3401,4034.0,2237.0,2516.0,1980.0,6.566292711312178
818,smooth,819,6.8,1.178,2357.0,3084.0,,1731.0,6.566292711312178
819,together,820,6.8,1.5908,609.0,349.0,723.0,264.0,6.566292711312178
820,uncle,821,6.8,1.5649,2742.0,3058.0,1670.0,2295.0,6.566292711312178
821,efficient,822,6.8,1.5135,,2690.0,,,6.566292711312178
822,elevated,823,6.8,1.1899,,4439.0,,,6.566292711312178
823,cafe,824,6.78,1.4469,1920.0,,3449.0,4289.0,6.474118713832064
824,coke,825,6.78,1.6199,2930.0,,,1885.0,6.474118713832064
825,completion,826,6.78,1.3445,,4666.0,,,6.474118713832064
826,coolest,827,6.78,1.8103,3786.0,,,,6.474118713832064
827,creation,828,6.78,1.4039,,1706.0,3644.0,2786.0,6.474118713832064
828,dogs,829,6.78,1.8215,1230.0,3480.0,3684.0,1363.0,6.474118713832064
829,effectiveness,830,6.78,1.2664,,3757.0,,,6.474118713832064
830,esteemed,831,6.78,1.4039,,,2251.0,,6.474118713832064
831,finished,832,6.78,1.4184,536.0,2127.0,1325.0,2940.0,6.474118713832064
832,glee,833,6.78,1.8658,2903.0,,,,6.474118713832064
833,green,834,6.78,1.6938,376.0,1013.0,932.0,670.0,6.474118713832064
834,heartbeat,835,6.78,1.7058,,,,2396.0,6.474118713832064
835,island,836,6.78,1.5425,1527.0,1063.0,320.0,1808.0,6.474118713832064
836,jukebox,837,6.78,1.5817,,,,4447.0,6.474118713832064
837,medal,838,6.78,1.4327,4209.0,,3505.0,,6.474118713832064
838,mom's,839,6.78,1.6199,,,,,6.474118713832064
839,museums,840,6.78,1.7177,,,4234.0,,6.474118713832064
840,painting,841,6.78,1.1657,2611.0,2830.0,2403.0,4705.0,6.474118713832064
841,pie,842,6.78,1.7177,1031.0,,,1943.0,6.474118713832064
842,pool,843,6.78,1.4609,1961.0,4091.0,2757.0,2244.0,6.474118713832064
843,reading,844,6.78,1.4609,473.0,772.0,1529.0,3495.0,6.474118713832064
844,real,845,6.78,1.2002,234.0,410.0,357.0,177.0,6.474118713832064
845,ruby,846,6.78,1.2664,,,,3478.0,6.474118713832064
846,share,847,6.78,1.4039,850.0,1093.0,141.0,724.0,6.474118713832064
847,sons,848,6.78,1.6199,,1943.0,636.0,2600.0,6.474118713832064
848,traveling,849,6.78,1.6695,4012.0,,3692.0,4131.0,6.474118713832064
849,variety,850,6.78,1.3138,,1154.0,2245.0,,6.474118713832064
850,wonders,851,6.78,1.8876,3128.0,,,3462.0,6.474118713832064
851,worth,852,6.78,1.3445,662.0,1352.0,862.0,656.0,6.474118713832064
852,guaranteed,853,6.78,1.1773,,,,3688.0,6.474118713832064
853,raindrops,854,6.78,1.4181,,,,4708.0,6.474118713832064
854,visions,855,6.78,1.3733,,,,2224.0,6.474118713832064
855,pearls,856,6.77,1.7041,,,,3681.0,6.428031715092003
856,america,857,6.76,1.5194,1090.0,576.0,471.0,1571.0,6.381944716351946
857,easy,858,6.76,1.598,381.0,1040.0,1424.0,395.0,6.381944716351946
858,effective,859,6.76,1.2867,3575.0,882.0,1425.0,,6.381944716351946
859,future,860,6.76,1.4223,811.0,494.0,572.0,719.0,6.381944716351946
860,humans,861,6.76,1.4507,4693.0,4109.0,,,6.381944716351946
861,intimate,862,6.76,1.3024,,4212.0,,,6.381944716351946
862,married,863,6.76,1.8468,1698.0,1178.0,1002.0,1945.0,6.381944716351946
863,muffin,864,6.76,1.2382,4199.0,,,,6.381944716351946
864,papa,865,6.76,1.9332,4155.0,,,2127.0,6.381944716351946
865,plus,866,6.76,1.4923,835.0,2392.0,1603.0,901.0,6.381944716351946
866,popcorn,867,6.76,1.8245,3771.0,,,,6.381944716351946
867,savior,868,6.76,1.6233,,,,2900.0,6.381944716351946
868,seasons,869,6.76,1.2216,4390.0,,2698.0,2447.0,6.381944716351946
869,shop,870,6.76,1.0412,858.0,2905.0,2146.0,1965.0,6.381944716351946
870,sister,871,6.76,1.6483,894.0,1775.0,302.0,1003.0,6.381944716351946
871,style,872,6.76,1.6233,1194.0,1068.0,1148.0,679.0,6.381944716351946
872,supporter,873,6.76,1.2216,,,3485.0,,6.381944716351946
873,switzerland,874,6.76,1.5059,,,3822.0,,6.381944716351946
874,tenderly,875,6.76,1.6233,,,,4748.0,6.381944716351946
875,top,876,6.76,1.5194,379.0,805.0,606.0,475.0,6.381944716351946
876,oxygen,877,6.76,1.422,,2378.0,,,6.381944716351946
877,rhyme,878,6.76,1.1995,,,,858.0,6.381944716351946
878,allright,879,6.74,1.5624,,,,4282.0,6.289770718871832
879,american,880,6.74,1.5228,564.0,188.0,83.0,1607.0,6.289770718871832
880,artist,881,6.74,1.4401,1480.0,2972.0,1369.0,4613.0,6.289770718871832
881,capable,882,6.74,1.6759,,1782.0,4359.0,,6.289770718871832
882,complete,883,6.74,1.2423,1242.0,638.0,1615.0,1657.0,6.289770718871832
883,convenient,884,6.74,1.2257,,3640.0,,,6.289770718871832
884,courtesy,885,6.74,1.0844,4634.0,4164.0,,,6.289770718871832
885,donate,886,6.74,1.3372,2199.0,,,,6.289770718871832
886,drinks,887,6.74,1.4259,1614.0,,,2508.0,6.289770718871832
887,father's,888,6.74,1.3822,,2762.0,,,6.289770718871832
888,fine,889,6.74,1.3674,735.0,851.0,1093.0,406.0,6.289770718871832
889,focused,890,6.74,1.1395,4448.0,3800.0,3106.0,,6.289770718871832
890,guitars,891,6.74,1.3969,,,,4588.0,6.289770718871832
891,hi,892,6.74,1.0654,534.0,3701.0,,1842.0,6.289770718871832
892,integrity,893,6.74,1.5093,,4299.0,3176.0,,6.289770718871832
893,justice,894,6.74,1.9568,1884.0,895.0,609.0,2643.0,6.289770718871832
894,lake,895,6.74,1.6759,1240.0,1564.0,1407.0,2261.0,6.289770718871832
895,mankind,896,6.74,1.6011,,3265.0,,3295.0,6.289770718871832
896,mentor,897,6.74,1.1214,,,4576.0,,6.289770718871832
897,merit,898,6.74,1.209,,3989.0,,,6.289770718871832
898,performance,899,6.74,1.3372,1635.0,820.0,700.0,,6.289770718871832
899,plant,900,6.74,1.3524,2023.0,1131.0,1149.0,3245.0,6.289770718871832
900,prepared,901,6.74,1.0654,3698.0,1123.0,1897.0,2599.0,6.289770718871832
901,raise,902,6.74,1.209,2121.0,2293.0,1229.0,1048.0,6.289770718871832
902,romeo,903,6.74,1.712,,,,3005.0,6.289770718871832
903,shiny,904,6.74,1.2257,4723.0,,,2970.0,6.289770718871832
904,sugar,905,6.74,1.9358,1152.0,2246.0,3564.0,1055.0,6.289770718871832
905,surprising,906,6.74,1.2906,,3762.0,4537.0,,6.289770718871832
906,technology,907,6.74,1.4957,1773.0,1228.0,553.0,,6.289770718871832
907,treat,908,6.74,1.712,1326.0,2925.0,3487.0,841.0,6.289770718871832
908,university,909,6.74,1.3822,2245.0,247.0,92.0,,6.289770718871832
909,wishing,910,6.74,1.0461,1471.0,,,1497.0,6.289770718871832
910,yes,911,6.74,1.4542,207.0,896.0,1909.0,235.0,6.289770718871832
911,desires,912,6.73,1.4688,,3690.0,,3329.0,6.243683720131775
912,wished,913,6.73,1.4109,,2673.0,,3243.0,6.243683720131775
913,4-bedroom,914,6.72,1.4988,,,,,6.197596721391713
914,attract,915,6.72,1.1436,,,4042.0,,6.197596721391713
915,bike,916,6.72,1.3856,1478.0,,,4354.0,6.197596721391713
916,car,917,6.72,2.1,208.0,1336.0,764.0,481.0,6.197596721391713
917,civilization,918,6.72,1.3099,,3004.0,,,6.197596721391713
918,classy,919,6.72,1.0309,,,,,6.197596721391713
919,confirmed,920,6.72,1.2296,4011.0,3152.0,3058.0,,6.197596721391713
920,costumes,921,6.72,1.1256,,,3372.0,,6.197596721391713
921,creating,922,6.72,1.1613,2701.0,2629.0,2441.0,,6.197596721391713
922,culture,923,6.72,1.8075,2985.0,642.0,1284.0,3784.0,6.197596721391713
923,finish,924,6.72,1.4148,830.0,4337.0,2355.0,2324.0,6.197596721391713
924,gallery,925,6.72,1.2784,3250.0,4979.0,1342.0,,6.197596721391713
925,knowing,926,6.72,1.3559,1966.0,2123.0,3552.0,985.0,6.197596721391713
926,lifelong,927,6.72,1.4434,,,4413.0,,6.197596721391713
927,momma,928,6.72,1.7384,3735.0,,,1197.0,6.197596721391713
928,neat,929,6.72,1.4434,3979.0,,,,6.197596721391713
929,niece,930,6.72,1.3559,4434.0,,4070.0,,6.197596721391713
930,online,931,6.72,1.2784,321.0,,1812.0,,6.197596721391713
931,orchestra,932,6.72,1.3708,3590.0,,1653.0,,6.197596721391713
932,plays,933,6.72,1.5784,2157.0,2202.0,1478.0,1796.0,6.197596721391713
933,revenue,934,6.72,1.5258,,2641.0,911.0,,6.197596721391713
934,shower,935,6.72,1.5124,809.0,,,2740.0,6.197596721391713
935,spiritual,936,6.72,1.9487,,1347.0,4679.0,3968.0,6.197596721391713
936,surprised,937,6.72,1.3559,1169.0,3356.0,3097.0,2677.0,6.197596721391713
937,tremendous,938,6.72,1.5913,,,4219.0,,6.197596721391713
938,values,939,6.72,1.5654,,583.0,2534.0,,6.197596721391713
939,villages,940,6.72,1.3708,,3089.0,,,6.197596721391713
940,warm,941,6.72,1.7961,815.0,2095.0,2553.0,702.0,6.197596721391713
941,doggy,942,6.71,2.1794,,,,3981.0,6.151509722651657
942,hallelujah,943,6.71,1.9896,,,,2347.0,6.151509722651657
943,candle,944,6.71,1.5704,,,,2033.0,6.151509722651657
944,secured,945,6.71,1.1478,,3422.0,,,6.151509722651657
945,valid,946,6.71,1.4434,,3404.0,,,6.151509722651657
946,agree,947,6.7,1.1824,799.0,2070.0,1854.0,2384.0,6.1054227239116
947,anniversary,948,6.7,1.8434,2174.0,,2682.0,,6.1054227239116
948,antiques,949,6.7,1.374,,,3928.0,,6.1054227239116
949,believe,950,6.7,1.594,420.0,539.0,638.0,156.0,6.1054227239116
950,bucks,951,6.7,1.6812,2975.0,,,3472.0,6.1054227239116
951,cruise,952,6.7,1.9614,3290.0,,4514.0,2798.0,6.1054227239116
952,dancers,953,6.7,1.6067,,,3068.0,,6.1054227239116
953,dine,954,6.7,1.4033,,,,4951.0,6.1054227239116
954,dog,955,6.7,1.8434,343.0,2305.0,2578.0,596.0,6.1054227239116
955,florida,956,6.7,1.6568,1658.0,4308.0,859.0,,6.1054227239116
956,grandsons,957,6.7,1.9086,,,4595.0,,6.1054227239116
957,grants,958,6.7,1.2495,,4733.0,3912.0,,6.1054227239116
958,hired,959,6.7,1.488,,,2663.0,,6.1054227239116
959,learn,960,6.7,1.4178,385.0,1175.0,1651.0,551.0,6.1054227239116
960,marriage,961,6.7,2.27,2444.0,1050.0,1246.0,,6.1054227239116
961,mum,962,6.7,1.7525,1833.0,,,,6.1054227239116
962,partner,963,6.7,1.2495,3006.0,3485.0,889.0,3371.0,6.1054227239116
963,productive,964,6.7,1.1294,2150.0,3737.0,,,6.1054227239116
964,rockin,965,6.7,1.7525,4502.0,,,2602.0,6.1054227239116
965,teaches,966,6.7,1.0926,,,2248.0,,6.1054227239116
966,treats,967,6.7,1.5682,4886.0,,,4892.0,6.1054227239116
967,tv,968,6.7,1.5017,355.0,4174.0,1160.0,856.0,6.1054227239116
968,water,969,6.7,1.2164,407.0,177.0,713.0,487.0,6.1054227239116
969,grin,970,6.69,1.7465,,,,2938.0,6.059335725171543
970,invention,971,6.69,1.3103,,4708.0,,,6.059335725171543
971,virtues,972,6.69,1.4318,,4675.0,,,6.059335725171543
972,brains,973,6.69,1.4754,,,,1989.0,6.059335725171543
973,sensation,974,6.68,1.4004,,4614.0,,3107.0,6.013248726431481
974,ability,975,6.68,0.9988,3332.0,1023.0,1620.0,,6.013248726431481
975,ace,976,6.68,1.6835,2475.0,,4915.0,4136.0,6.013248726431481
976,animals,977,6.68,2.0247,2654.0,1097.0,2677.0,3445.0,6.013248726431481
977,bake,978,6.68,1.4061,2789.0,,,,6.013248726431481
978,bridegroom,979,6.68,1.4205,,,1239.0,,6.013248726431481
979,desire,980,6.68,1.3619,2452.0,976.0,3053.0,921.0,6.013248726431481
980,famous,981,6.68,2.0045,1059.0,1733.0,2625.0,2382.0,6.013248726431481
981,forest,982,6.68,1.5706,3909.0,1739.0,1468.0,2546.0,6.013248726431481
982,fountain,983,6.68,1.2848,,,,4295.0,6.013248726431481
983,goodmorning,984,6.68,1.9213,4471.0,,,,6.013248726431481
984,greater,985,6.68,1.3161,3772.0,456.0,1414.0,3439.0,6.013248726431481
985,grow,986,6.68,1.2196,1451.0,1949.0,2191.0,621.0,6.013248726431481
986,heritage,987,6.68,1.3468,,,3959.0,,6.013248726431481
987,landscape,988,6.68,1.1683,,3645.0,3658.0,,6.013248726431481
988,liberties,989,6.68,1.7076,,,4434.0,,6.013248726431481
989,living,990,6.68,1.2196,720.0,514.0,755.0,336.0,6.013248726431481
990,lyrics,991,6.68,1.5576,2156.0,,4534.0,1291.0,6.013248726431481
991,mercy,992,6.68,1.7664,,3765.0,,1162.0,6.013248726431481
992,museum,993,6.68,1.463,1844.0,2295.0,418.0,,6.013248726431481
993,novel,994,6.68,1.463,3639.0,1837.0,827.0,,6.013248726431481
994,palace,995,6.68,1.6468,4320.0,2851.0,4744.0,4831.0,6.013248726431481
995,pianist,996,6.68,1.4061,,,2612.0,,6.013248726431481
996,potential,997,6.68,1.0774,2794.0,919.0,1248.0,,6.013248726431481
997,power,998,6.68,1.4907,369.0,158.0,427.0,569.0,6.013248726431481
998,privilege,999,6.68,1.6468,,4038.0,,,6.013248726431481
999,proceed,1000,6.68,1.2526,,2873.0,,4645.0,6.013248726431481
1000,promised,1001,6.68,1.0774,4678.0,2852.0,2535.0,1464.0,6.013248726431481
1001,river,1002,6.68,1.3316,1364.0,579.0,1024.0,616.0,6.013248726431481
1002,scotland,1003,6.68,1.4907,,3016.0,,,6.013248726431481
1003,shares,1004,6.68,1.2196,3670.0,3442.0,474.0,,6.013248726431481
1004,skating,1005,6.68,1.2848,3885.0,,4730.0,,6.013248726431481
1005,thanx,1006,6.68,1.8565,2777.0,,,,6.013248726431481
1006,theatre,1007,6.68,1.5312,3287.0,2541.0,,,6.013248726431481
1007,tours,1008,6.68,1.5312,,,3159.0,,6.013248726431481
1008,well,1009,6.68,1.2526,108.0,93.0,189.0,109.0,6.013248726431481
1009,acceptable,1010,6.67,1.2143,,3612.0,,,5.967161727691424
1010,possibilities,1011,6.67,1.4774,,3213.0,,,5.967161727691424
1011,accurate,1012,6.67,1.0383,,2759.0,,,5.967161727691424
1012,candles,1013,6.67,1.4923,,,,3327.0,5.967161727691424
1013,approve,1014,6.66,1.5986,,,4141.0,,5.921074728951368
1014,assets,1015,6.66,1.6239,,3259.0,1268.0,,5.921074728951368
1015,aunt,1016,6.66,1.5729,3297.0,4364.0,1625.0,,5.921074728951368
1016,career,1017,6.66,1.423,1666.0,1806.0,726.0,4439.0,5.921074728951368
1017,charms,1018,6.66,1.3793,,,,3799.0,5.921074728951368
1018,communicate,1019,6.66,1.0224,,4894.0,,,5.921074728951368
1019,competent,1020,6.66,1.6856,,4945.0,,,5.921074728951368
1020,currency,1021,6.66,1.5201,,3739.0,1890.0,,5.921074728951368
1021,dedication,1022,6.66,1.3644,,,4402.0,,5.921074728951368
1022,dvd,1023,6.66,1.4086,1134.0,,,,5.921074728951368
1023,eligible,1024,6.66,1.2715,,,4312.0,,5.921074728951368
1024,fan,1025,6.66,1.0422,585.0,,3899.0,2271.0,5.921074728951368
1025,firefighters,1026,6.66,1.423,,,4666.0,,5.921074728951368
1026,greet,1027,6.66,1.5598,4910.0,,,3670.0,5.921074728951368
1027,motivation,1028,6.66,1.4514,4266.0,4825.0,,,5.921074728951368
1028,nieces,1029,6.66,1.4514,,,1628.0,,5.921074728951368
1029,personality,1030,6.66,1.5201,4569.0,1861.0,4269.0,4849.0,5.921074728951368
1030,powers,1031,6.66,1.3188,,1008.0,2858.0,3421.0,5.921074728951368
1031,raises,1032,6.66,1.6239,4905.0,,4392.0,,5.921074728951368
1032,sculpture,1033,6.66,1.2554,,,3785.0,,5.921074728951368
1033,survivors,1034,6.66,1.3342,,,1987.0,,5.921074728951368
1034,tea,1035,6.66,1.6612,722.0,2962.0,4751.0,2503.0,5.921074728951368
1035,television,1036,6.66,1.5858,3669.0,2472.0,344.0,3357.0,5.921074728951368
1036,tour,1037,6.66,1.4654,927.0,4475.0,1109.0,2868.0,5.921074728951368
1037,pony,1038,6.65,1.4076,,,,4376.0,5.874987730211311
1038,rhythm,1039,6.65,1.5619,,,,1076.0,5.874987730211311
1039,bird,1040,6.64,1.5487,1175.0,2878.0,3981.0,1151.0,5.828900731471249
1040,care,1041,6.64,1.6507,388.0,436.0,437.0,239.0,5.828900731471249
1041,cat,1042,6.64,1.977,525.0,3789.0,,1060.0,5.828900731471249
1042,cook,1043,6.64,1.495,899.0,3748.0,2683.0,2788.0,5.828900731471249
1043,corn,1044,6.64,1.1563,3620.0,3043.0,4897.0,3866.0,5.828900731471249
1044,deposits,1045,6.64,1.4107,,3587.0,,,5.828900731471249
1045,expert,1046,6.64,1.3211,3359.0,3834.0,2726.0,,5.828900731471249
1046,high,1047,6.64,1.2081,444.0,161.0,275.0,216.0,5.828900731471249
1047,holy,1048,6.64,1.7815,1050.0,1271.0,2221.0,924.0,5.828900731471249
1048,invite,1049,6.64,1.4251,2359.0,,,4576.0,5.828900731471249
1049,leading,1050,6.64,1.5086,3117.0,1185.0,974.0,2617.0,5.828900731471249
1050,photographer,1051,6.64,1.2898,,,3465.0,,5.828900731471249
1051,picture,1052,6.64,1.3056,776.0,1031.0,493.0,718.0,5.828900731471249
1052,promising,1053,6.64,1.1205,,,4373.0,,5.828900731471249
1053,recover,1054,6.64,1.6258,,4941.0,,,5.828900731471249
1054,recovered,1055,6.64,1.3211,,4226.0,4350.0,,5.828900731471249
1055,recovery,1056,6.64,1.495,3242.0,2821.0,3256.0,,5.828900731471249
1056,salad,1057,6.64,1.7114,1543.0,,,,5.828900731471249
1057,shops,1058,6.64,1.2415,4562.0,,2575.0,,5.828900731471249
1058,solutions,1059,6.64,1.3815,4549.0,2381.0,4864.0,,5.828900731471249
1059,sparks,1060,6.64,1.3056,,,,4346.0,5.828900731471249
1060,sport,1061,6.64,1.6874,2792.0,4909.0,3018.0,4149.0,5.828900731471249
1061,supreme,1062,6.64,1.3365,,1757.0,1089.0,3865.0,5.828900731471249
1062,theaters,1063,6.64,1.663,,,4169.0,,5.828900731471249
1063,tunes,1064,6.64,1.3815,3942.0,,,4258.0,5.828900731471249
1064,unite,1065,6.64,1.1911,,,,4867.0,5.828900731471249
1065,volunteers,1066,6.64,1.4813,,,4133.0,,5.828900731471249
1066,simplicity,1067,6.62,1.5246,,4809.0,,,5.736726733991135
1067,attained,1068,6.62,1.3981,,4127.0,,,5.736726733991135
1068,book's,1069,6.62,1.3686,,,,,5.736726733991135
1069,cameras,1070,6.62,1.2919,,,4799.0,,5.736726733991135
1070,chatting,1071,6.62,1.2436,4586.0,,,,5.736726733991135
1071,crown,1072,6.62,1.4693,3640.0,1936.0,3553.0,1707.0,5.736726733991135
1072,disney,1073,6.62,1.6646,1584.0,,3228.0,,5.736726733991135
1073,dresses,1074,6.62,1.713,4941.0,,,,5.736726733991135
1074,heartfelt,1075,6.62,1.8832,,,1404.0,,5.736726733991135
1075,homes,1076,6.62,1.2436,3190.0,2915.0,1449.0,3523.0,5.736726733991135
1076,husband,1077,6.62,1.7484,1398.0,1239.0,205.0,3702.0,5.736726733991135
1077,immortal,1078,6.62,1.6523,,,,4530.0,5.736726733991135
1078,invest,1079,6.62,1.028,3448.0,,4322.0,,5.736726733991135
1079,kitty,1080,6.62,1.8614,2757.0,,,3448.0,5.736726733991135
1080,offer,1081,6.62,1.028,1424.0,1291.0,738.0,2139.0,5.736726733991135
1081,organized,1082,6.62,1.2436,,1829.0,2590.0,,5.736726733991135
1082,performances,1083,6.62,1.3686,,,1633.0,,5.736726733991135
1083,perfume,1084,6.62,1.6149,3463.0,,,3169.0,5.736726733991135
1084,pray,1085,6.62,1.968,1272.0,3628.0,,576.0,5.736726733991135
1085,rescue,1086,6.62,1.6646,1996.0,,3561.0,2309.0,5.736726733991135
1086,restaurants,1087,6.62,1.783,,,1727.0,,5.736726733991135
1087,salaries,1088,6.62,1.817,,,4990.0,,5.736726733991135
1088,sisters,1089,6.62,1.689,2711.0,3949.0,1355.0,2351.0,5.736726733991135
1089,slept,1090,6.62,1.5635,1769.0,,,3046.0,5.736726733991135
1090,steak,1091,6.62,1.9784,2956.0,,,,5.736726733991135
1091,stories,1092,6.62,1.5894,1588.0,1570.0,1492.0,1774.0,5.736726733991135
1092,varieties,1093,6.62,1.3076,,4431.0,,,5.736726733991135
1093,vision,1094,6.62,1.2103,1939.0,1648.0,2157.0,1249.0,5.736726733991135
1094,wife,1095,6.62,1.8058,530.0,639.0,99.0,878.0,5.736726733991135
1095,youth,1096,6.62,1.8832,1540.0,1577.0,2308.0,1654.0,5.736726733991135
1096,zoo,1097,6.62,1.968,4454.0,,,4075.0,5.736726733991135
1097,stimulation,1098,6.61,1.3512,,4276.0,,,5.690639735251079
1098,touching,1099,6.61,1.681,,,,2411.0,5.690639735251079
1099,furnished,1100,6.6,1.2673,,4026.0,,,5.644552736511017
1100,suitable,1101,6.6,0.893,,2199.0,,,5.644552736511017
1101,album,1102,6.6,1.1066,592.0,,2377.0,2064.0,5.644552736511017
1102,amour,1103,6.6,1.6162,,,,4349.0,5.644552736511017
1103,art,1104,6.6,1.4983,460.0,457.0,199.0,1760.0,5.644552736511017
1104,beam,1105,6.6,1.3702,,3361.0,,3745.0,5.644552736511017
1105,captain,1106,6.6,1.6288,3892.0,1385.0,2454.0,2501.0,5.644552736511017
1106,certainty,1107,6.6,1.3553,,4878.0,,,5.644552736511017
1107,child's,1108,6.6,1.3702,,3609.0,,,5.644552736511017
1108,clothing,1109,6.6,1.3093,2390.0,3560.0,3267.0,,5.644552736511017
1109,conservation,1110,6.6,1.2778,,4319.0,3863.0,,5.644552736511017
1110,desired,1111,6.6,1.5649,,1882.0,,,5.644552736511017
1111,dress,1112,6.6,1.178,698.0,2624.0,3424.0,1125.0,5.644552736511017
1112,favorited,1113,6.6,1.7613,1788.0,,,,5.644552736511017
1113,females,1114,6.6,1.6903,3714.0,4034.0,,,5.644552736511017
1114,growth,1115,6.6,1.088,3469.0,505.0,1026.0,,5.644552736511017
1115,helps,1116,6.6,1.5649,1637.0,3816.0,3327.0,3299.0,5.644552736511017
1116,highly,1117,6.6,1.178,2910.0,1039.0,1913.0,,5.644552736511017
1117,ideals,1118,6.6,1.6162,,4958.0,,,5.644552736511017
1118,lady,1119,6.6,1.4569,581.0,1111.0,2085.0,537.0,5.644552736511017
1119,lime,1120,6.6,1.3401,,,,4943.0,5.644552736511017
1120,popular,1121,6.6,1.2122,2010.0,1006.0,1303.0,,5.644552736511017
1121,proposal,1122,6.6,1.7613,,3120.0,1076.0,,5.644552736511017
1122,protected,1123,6.6,1.178,,3407.0,4658.0,,5.644552736511017
1123,relatives,1124,6.6,1.8626,,4169.0,2651.0,,5.644552736511017
1124,rhymes,1125,6.6,1.6537,,,,913.0,5.644552736511017
1125,singers,1126,6.6,1.5908,,,4114.0,,5.644552736511017
1126,specialty,1127,6.6,1.2454,,,,,5.644552736511017
1127,spirit,1128,6.6,1.4983,1246.0,572.0,1448.0,1044.0,5.644552736511017
1128,starry,1129,6.6,1.666,,,,4662.0,5.644552736511017
1129,stroll,1130,6.6,1.3997,,,,4357.0,5.644552736511017
1130,supported,1131,6.6,1.5386,,1725.0,2169.0,,5.644552736511017
1131,therapeutic,1132,6.6,1.5649,,4529.0,,,5.644552736511017
1132,unlimited,1133,6.6,1.6288,4364.0,,,,5.644552736511017
1133,visiting,1134,6.6,1.2122,2974.0,4814.0,1385.0,,5.644552736511017
1134,expressions,1135,6.6,1.2965,,3456.0,,,5.644552736511017
1135,efficiency,1136,6.59,1.3681,,2183.0,,,5.59846573777096
1136,sleeps,1137,6.59,1.4708,,,,3055.0,5.59846573777096
1137,vocals,1138,6.59,1.4566,,,,4968.0,5.59846573777096
1138,impress,1139,6.58,1.4708,,,,4032.0,5.552378739030903
1139,sympathetic,1140,6.58,1.7484,,4747.0,,,5.552378739030903
1140,advance,1141,6.58,1.3262,3898.0,1781.0,2049.0,,5.552378739030903
1141,advanced,1142,6.58,1.0708,,1576.0,2255.0,,5.552378739030903
1142,arts,1143,6.58,1.9388,3229.0,2023.0,462.0,,5.552378739030903
1143,available,1144,6.58,1.0897,1029.0,545.0,570.0,,5.552378739030903
1144,baking,1145,6.58,1.5661,3470.0,,,,5.552378739030903
1145,classic,1146,6.58,1.5791,1448.0,4035.0,2101.0,,5.552378739030903
1146,classical,1147,6.58,1.401,,2379.0,1961.0,,5.552378739030903
1147,colour,1148,6.58,1.5265,3965.0,2479.0,,2588.0,5.552378739030903
1148,drawing,1149,6.58,1.1082,2818.0,1865.0,3361.0,4436.0,5.552378739030903
1149,english,1150,6.58,1.4859,1099.0,345.0,961.0,2957.0,5.552378739030903
1150,exhibition,1151,6.58,1.4155,,,1374.0,,5.552378739030903
1151,expecting,1152,6.58,1.2469,3363.0,,,,5.552378739030903
1152,fish,1153,6.58,1.7507,912.0,1558.0,1990.0,1703.0,5.552378739030903
1153,goodnight,1154,6.58,1.2469,992.0,,,1839.0,5.552378739030903
1154,invented,1155,6.58,1.0319,4018.0,,,,5.552378739030903
1155,islands,1156,6.58,1.9493,,2159.0,4968.0,,5.552378739030903
1156,language,1157,6.58,1.2137,2237.0,388.0,1344.0,2999.0,5.552378739030903
1157,majesty,1158,6.58,1.6914,,3662.0,,4956.0,5.552378739030903
1158,me,1159,6.58,1.4299,16.0,79.0,203.0,7.0,5.552378739030903
1159,preferred,1160,6.58,0.9495,,2936.0,2214.0,,5.552378739030903
1160,radio,1161,6.58,1.6047,338.0,2213.0,1081.0,775.0,5.552378739030903
1161,ready,1162,6.58,1.1622,255.0,1015.0,1410.0,339.0,5.552378739030903
1162,relative,1163,6.58,1.2631,,1070.0,4592.0,,5.552378739030903
1163,sale,1164,6.58,1.6424,834.0,2148.0,613.0,2343.0,5.552378739030903
1164,solve,1165,6.58,1.2304,,4067.0,4136.0,3822.0,5.552378739030903
1165,springs,1166,6.58,1.2469,4759.0,4555.0,3559.0,,5.552378739030903
1166,student,1167,6.58,1.2469,1703.0,1181.0,1066.0,,5.552378739030903
1167,symphony,1168,6.58,1.7507,,,2303.0,4301.0,5.552378739030903
1168,traditions,1169,6.58,1.6424,,3269.0,,,5.552378739030903
1169,understood,1170,6.58,1.1796,,1335.0,4480.0,2449.0,5.552378739030903
1170,upgrade,1171,6.58,1.1796,3340.0,,,,5.552378739030903
1171,usa,1172,6.58,1.8416,1087.0,2996.0,3015.0,2969.0,5.552378739030903
1172,saviour,1173,6.57,1.5275,,,,3834.0,5.5062917402908464
1173,skill,1174,6.57,1.3385,,2507.0,,4928.0,5.5062917402908464
1174,belonged,1175,6.56,1.2532,,3987.0,,,5.460204741550784
1175,muscles,1176,6.56,1.4053,,3034.0,,,5.460204741550784
1176,able,1177,6.56,1.248,736.0,403.0,664.0,1902.0,5.460204741550784
1177,ahaha,1178,6.56,1.728,2866.0,,,,5.460204741550784
1178,butter,1179,6.56,1.514,1422.0,,,3180.0,5.460204741550784
1179,circus,1180,6.56,1.9604,3508.0,,,3437.0,5.460204741550784
1180,cosmic,1181,6.56,1.445,,,,4982.0,5.460204741550784
1181,coupon,1182,6.56,1.2316,3026.0,,,,5.460204741550784
1182,diploma,1183,6.56,1.7398,3353.0,,,,5.460204741550784
1183,donations,1184,6.56,1.3118,,,678.0,,5.460204741550784
1184,e-mail,1185,6.56,1.2316,,,,,5.460204741550784
1185,encore,1186,6.56,1.402,,,,3659.0,5.460204741550784
1186,film,1187,6.56,1.58,766.0,1415.0,241.0,3450.0,5.460204741550784
1187,guidance,1188,6.56,1.1278,,3546.0,4011.0,,5.460204741550784
1188,illustration,1189,6.56,1.2316,,3869.0,,,5.460204741550784
1189,increase,1190,6.56,1.1095,2735.0,515.0,630.0,,5.460204741550784
1190,international,1191,6.56,1.2643,1644.0,476.0,211.0,,5.460204741550784
1191,ipod,1192,6.56,1.7515,889.0,,,,5.460204741550784
1192,morning,1193,6.56,1.95,120.0,697.0,1087.0,376.0,5.460204741550784
1193,natural,1194,6.56,1.4868,1037.0,451.0,1237.0,1817.0,5.460204741550784
1194,okay,1195,6.56,1.3118,502.0,,,880.0,5.460204741550784
1195,preservation,1196,6.56,1.248,,4673.0,3949.0,,5.460204741550784
1196,progressive,1197,6.56,1.3273,,3134.0,,,5.460204741550784
1197,protection,1198,6.56,1.3273,,1230.0,1607.0,3241.0,5.460204741550784
1198,raised,1199,6.56,1.2316,3643.0,1174.0,1073.0,1700.0,5.460204741550784
1199,showers,1200,6.56,1.0529,4754.0,,,,5.460204741550784
1200,tacos,1201,6.56,1.4868,4407.0,,,,5.460204741550784
1201,teach,1202,6.56,1.5539,1838.0,2646.0,3742.0,1252.0,5.460204741550784
1202,traveler,1203,6.56,1.445,,,3189.0,,5.460204741550784
1203,understand,1204,6.56,1.7043,806.0,711.0,1293.0,327.0,5.460204741550784
1204,universities,1205,6.56,1.6801,,3598.0,4318.0,,5.460204741550784
1205,worldwide,1206,6.56,1.2643,4841.0,,2376.0,4838.0,5.460204741550784
1206,privileges,1207,6.55,1.7207,,4502.0,,,5.414117742810728
1207,accepted,1208,6.54,1.4598,,1270.0,2078.0,,5.368030744070671
1208,adoption,1209,6.54,1.4598,,4084.0,3200.0,,5.368030744070671
1209,asset,1210,6.54,1.6189,,,3889.0,,5.368030744070671
1210,blanket,1211,6.54,1.0919,3976.0,,,4180.0,5.368030744070671
1211,cats,1212,6.54,2.0224,1734.0,,,1386.0,5.368030744070671
1212,cleaned,1213,6.54,1.5147,3532.0,,,,5.368030744070671
1213,coin,1214,6.54,1.1817,4786.0,,,,5.368030744070671
1214,cooked,1215,6.54,1.0919,3630.0,,,,5.368030744070671
1215,crystal,1216,6.54,1.5012,3627.0,4023.0,,2443.0,5.368030744070671
1216,dawn,1217,6.54,1.3881,2318.0,4705.0,,861.0,5.368030744070671
1217,dearly,1218,6.54,1.2488,,,4311.0,,5.368030744070671
1218,discovery,1219,6.54,1.4172,4296.0,2470.0,3532.0,,5.368030744070671
1219,done,1220,6.54,1.4316,248.0,332.0,629.0,227.0,5.368030744070671
1220,eager,1221,6.54,1.3126,,4656.0,3832.0,,5.368030744070671
1221,emails,1222,6.54,1.1817,2605.0,,,,5.368030744070671
1222,exercises,1223,6.54,1.2969,,3908.0,,,5.368030744070671
1223,found,1224,6.54,1.1817,362.0,135.0,342.0,272.0,5.368030744070671
1224,give,1225,6.54,1.7286,247.0,226.0,405.0,99.0,5.368030744070671
1225,groovy,1226,6.54,1.7637,,,,4443.0,5.368030744070671
1226,haven,1227,6.54,1.6439,,3042.0,2028.0,,5.368030744070671
1227,invited,1228,6.54,1.2324,2908.0,3428.0,2626.0,,5.368030744070671
1228,iphone,1229,6.54,1.854,472.0,,,,5.368030744070671
1229,moral,1230,6.54,1.8649,2804.0,787.0,2804.0,4959.0,5.368030744070671
1230,nephew,1231,6.54,1.6189,3930.0,,3570.0,,5.368030744070671
1231,orange,1232,6.54,1.8649,1671.0,3948.0,1974.0,3325.0,5.368030744070671
1232,overcome,1233,6.54,1.6686,,3255.0,4919.0,3490.0,5.368030744070671
1233,pays,1234,6.54,1.7404,4222.0,,4872.0,3631.0,5.368030744070671
1234,potato,1235,6.54,0.9304,3744.0,,,,5.368030744070671
1235,premiere,1236,6.54,1.5147,2998.0,,3920.0,,5.368030744070671
1236,pride,1237,6.54,1.7404,2546.0,2786.0,3931.0,770.0,5.368030744070671
1237,receiving,1238,6.54,1.2324,,2679.0,2120.0,,5.368030744070671
1238,recognition,1239,6.54,1.1817,,1946.0,3537.0,,5.368030744070671
1239,reindeer,1240,6.54,1.8318,,,,4250.0,5.368030744070671
1240,right,1241,6.54,1.2651,112.0,154.0,244.0,76.0,5.368030744070671
1241,rising,1242,6.54,1.1104,2386.0,2267.0,2212.0,1441.0,5.368030744070671
1242,save,1243,6.54,1.1643,395.0,1634.0,1634.0,460.0,5.368030744070671
1243,scholars,1244,6.54,1.2969,,2913.0,4981.0,,5.368030744070671
1244,shelter,1245,6.54,1.3126,,,3656.0,2198.0,5.368030744070671
1245,solar,1246,6.54,1.4172,2614.0,4736.0,,,5.368030744070671
1246,spontaneous,1247,6.54,1.3584,,4981.0,,,5.368030744070671
1247,tasting,1248,6.54,1.1466,4486.0,,,,5.368030744070671
1248,ultimate,1249,6.54,1.2324,2455.0,2754.0,4165.0,4186.0,5.368030744070671
1249,visit,1250,6.54,1.1988,742.0,1320.0,1173.0,3219.0,5.368030744070671
1250,advantages,1251,6.53,1.3709,,2510.0,,,5.321943745330614
1251,sailed,1252,6.53,1.5289,,,,4512.0,5.321943745330614
1252,feather,1253,6.52,1.3207,,,,3966.0,5.275856746590552
1253,ambitious,1254,6.52,1.2493,,,4877.0,,5.275856746590552
1254,baker,1255,6.52,1.4177,,,2029.0,,5.275856746590552
1255,brain,1256,6.52,1.5285,1164.0,1309.0,3190.0,705.0,5.275856746590552
1256,champ,1257,6.52,1.8653,4119.0,,,,5.275856746590552
1257,communication,1258,6.52,1.7984,4893.0,1196.0,,,5.275856746590552
1258,compensation,1259,6.52,1.6932,,3337.0,3423.0,,5.275856746590552
1259,ease,1260,6.52,1.5939,,3439.0,4028.0,1332.0,5.275856746590552
1260,ethics,1261,6.52,1.3589,,3555.0,3161.0,,5.275856746590552
1261,extra,1262,6.52,1.4032,993.0,2656.0,2132.0,2226.0,5.275856746590552
1262,fries,1263,6.52,1.3738,3652.0,,,,5.275856746590552
1263,growing,1264,6.52,0.9947,2051.0,1231.0,1242.0,1256.0,5.275856746590552
1264,guest,1265,6.52,1.5016,2200.0,,3070.0,,5.275856746590552
1265,incredibly,1266,6.52,1.313,3758.0,,,,5.275856746590552
1266,initiative,1267,6.52,1.1993,,4550.0,4247.0,,5.275856746590552
1267,jesus,1268,6.52,1.9298,994.0,1072.0,,696.0,5.275856746590552
1268,lips,1269,6.52,1.2656,2619.0,2798.0,,624.0,5.275856746590552
1269,literature,1270,6.52,1.7984,,793.0,2751.0,,5.275856746590552
1270,nights,1271,6.52,1.5151,1535.0,,3913.0,648.0,5.275856746590552
1271,phenomenon,1272,6.52,1.1822,,2771.0,,,5.275856746590552
1272,planet,1273,6.52,1.555,1779.0,,,1683.0,5.275856746590552
1273,poem,1274,6.52,1.581,,2133.0,,,5.275856746590552
1274,poet,1275,6.52,1.0736,,2002.0,3667.0,,5.275856746590552
1275,prefer,1276,6.52,1.0349,2215.0,3861.0,4170.0,4874.0,5.275856746590552
1276,read,1277,6.52,1.581,303.0,488.0,1080.0,682.0,5.275856746590552
1277,sang,1278,6.52,1.313,3880.0,,4175.0,1788.0,5.275856746590552
1278,soup,1279,6.52,1.6689,1731.0,,,,5.275856746590552
1279,surf,1280,6.52,1.3738,4975.0,,,,5.275856746590552
1280,swimming,1281,6.52,1.2162,3685.0,,4121.0,2902.0,5.275856746590552
1281,videos,1282,6.52,1.581,932.0,,,,5.275856746590552
1282,wings,1283,6.52,1.2816,2137.0,4054.0,4997.0,766.0,5.275856746590552
1283,world,1284,6.52,1.6567,106.0,125.0,116.0,100.0,5.275856746590552
1284,amore,1285,6.51,1.7335,,,,3579.0,5.229769747850495
1285,bounce,1286,6.51,1.5017,,,,1164.0,5.229769747850495
1286,cultures,1287,6.51,1.6724,,3187.0,,,5.229769747850495
1287,eden,1288,6.51,1.5562,,,,4563.0,5.229769747850495
1288,interaction,1289,6.51,1.2268,,2078.0,,,5.229769747850495
1289,mercedes,1290,6.51,1.9485,,,,4291.0,5.229769747850495
1290,velvet,1291,6.51,1.2603,,,,3081.0,5.229769747850495
1291,balanced,1292,6.51,1.4384,,4978.0,,,5.229769747850495
1292,agriculture,1293,6.5,1.2976,,2014.0,3787.0,,5.183682749110439
1293,allies,1294,6.5,1.2495,,3806.0,3519.0,,5.183682749110439
1294,americans,1295,6.5,1.6933,2561.0,1630.0,864.0,,5.183682749110439
1295,bells,1296,6.5,1.185,,,,1378.0,5.183682749110439
1296,chips,1297,6.5,1.3887,2429.0,,4930.0,2709.0,5.183682749110439
1297,contribute,1298,6.5,1.359,,3208.0,4372.0,,5.183682749110439
1298,couples,1299,6.5,1.1995,,,4745.0,,5.183682749110439
1299,cousins,1300,6.5,1.4321,3814.0,,4628.0,,5.183682749110439
1300,deals,1301,6.5,1.5811,2107.0,,2638.0,,5.183682749110439
1301,determined,1302,6.5,1.5286,,849.0,2242.0,,5.183682749110439
1302,eaten,1303,6.5,1.2164,3279.0,,,,5.183682749110439
1303,fame,1304,6.5,1.7409,2083.0,3799.0,3736.0,1237.0,5.183682749110439
1304,gives,1305,6.5,1.2817,1106.0,823.0,1604.0,1251.0,5.183682749110439
1305,hire,1306,6.5,1.3439,4063.0,,4558.0,,5.183682749110439
1306,innocence,1307,6.5,1.7291,,,,2038.0,5.183682749110439
1307,ipad,1308,6.5,1.8098,1976.0,,,,5.183682749110439
1308,leadership,1309,6.5,1.594,4223.0,1833.0,1353.0,,5.183682749110439
1309,legend,1310,6.5,1.4321,1942.0,,,3522.0,5.183682749110439
1310,lounge,1311,6.5,1.3439,2798.0,,,,5.183682749110439
1311,mature,1312,6.5,1.2657,,4824.0,,,5.183682749110439
1312,newest,1313,6.5,1.5551,3474.0,,,,5.183682749110439
1313,newly,1314,6.5,1.2495,4631.0,3451.0,3191.0,,5.183682749110439
1314,performing,1315,6.5,1.3132,3567.0,4633.0,2479.0,,5.183682749110439
1315,receive,1316,6.5,1.1112,2520.0,1251.0,1221.0,3025.0,5.183682749110439
1316,recipe,1317,6.5,1.4463,2476.0,,,,5.183682749110439
1317,roast,1318,6.5,1.4463,4177.0,,,,5.183682749110439
1318,starting,1319,6.5,1.0546,641.0,2313.0,1286.0,1660.0,5.183682749110439
1319,stunning,1320,6.5,2.1783,4642.0,,,,5.183682749110439
1320,tales,1321,6.5,1.594,,4285.0,,3068.0,5.183682749110439
1321,elder,1322,6.49,1.309,,4881.0,,,5.137595750370382
1322,grows,1323,6.49,1.3559,,4627.0,,1597.0,5.137595750370382
1323,herb,1324,6.49,1.7093,,,,4477.0,5.137595750370382
1324,illustrations,1325,6.49,1.4012,,3962.0,,,5.137595750370382
1325,rays,1326,6.49,1.416,,3892.0,,4506.0,5.137595750370382
1326,relevant,1327,6.49,1.0433,,2143.0,,,5.137595750370382
1327,sanity,1328,6.49,1.3712,,,,3580.0,5.137595750370382
1328,acoustic,1329,6.48,1.4462,4974.0,,,,5.091508751630325
1329,always,1330,6.48,1.2493,180.0,217.0,301.0,127.0,5.091508751630325
1330,answers,1331,6.48,1.1471,3010.0,2922.0,4038.0,1449.0,5.091508751630325
1331,bible,1332,6.48,1.9403,2851.0,2394.0,,3056.0,5.091508751630325
1332,boost,1333,6.48,1.2329,3794.0,,,,5.091508751630325
1333,clap,1334,6.48,1.6567,,,,1450.0,5.091508751630325
1334,dining,1335,6.48,1.7524,,,1126.0,,5.091508751630325
1335,electronics,1336,6.48,1.1993,,,3550.0,,5.091508751630325
1336,exclusive,1337,6.48,1.4602,3139.0,4008.0,,,5.091508751630325
1337,family's,1338,6.48,2.0627,,,,,5.091508751630325
1338,gathering,1339,6.48,1.2329,,4437.0,3952.0,,5.091508751630325
1339,hehe,1340,6.48,1.6932,951.0,,,,5.091508751630325
1340,humble,1341,6.48,1.2974,4440.0,4901.0,,3534.0,5.091508751630325
1341,information,1342,6.48,1.0544,1631.0,263.0,325.0,3173.0,5.091508751630325
1342,italian,1343,6.48,1.6318,2543.0,2072.0,1824.0,,5.091508751630325
1343,library,1344,6.48,1.764,1528.0,1049.0,1267.0,,5.091508751630325
1344,mate,1345,6.48,1.7756,2231.0,,,4236.0,5.091508751630325
1345,modern,1346,6.48,1.1822,2034.0,535.0,1144.0,2631.0,5.091508751630325
1346,offers,1347,6.48,1.555,2099.0,2595.0,1477.0,,5.091508751630325
1347,paperbacks,1348,6.48,1.8097,,,4286.0,,5.091508751630325
1348,perform,1349,6.48,1.2329,3146.0,2176.0,2124.0,,5.091508751630325
1349,poems,1350,6.48,1.568,,2434.0,,,5.091508751630325
1350,potatoes,1351,6.48,1.1471,4243.0,,,,5.091508751630325
1351,prayer,1352,6.48,2.2061,2596.0,2217.0,,1284.0,5.091508751630325
1352,pumpkin,1353,6.48,1.7407,3360.0,,,,5.091508751630325
1353,restored,1354,6.48,1.2162,,4014.0,4418.0,,5.091508751630325
1354,rights,1355,6.48,1.555,2686.0,571.0,546.0,3053.0,5.091508751630325
1355,scholar,1356,6.48,1.1292,,,3558.0,,5.091508751630325
1356,screenplay,1357,6.48,1.2329,,,4910.0,,5.091508751630325
1357,shopper,1358,6.48,1.4462,,,4845.0,,5.091508751630325
1358,sings,1359,6.48,1.787,4051.0,,,1831.0,5.091508751630325
1359,soft,1360,6.48,1.2162,1673.0,1895.0,3329.0,1095.0,5.091508751630325
1360,starbucks,1361,6.48,1.6932,1870.0,,,,5.091508751630325
1361,story,1362,6.48,1.3438,526.0,541.0,718.0,600.0,5.091508751630325
1362,supporting,1363,6.48,0.9739,4274.0,3584.0,3359.0,,5.091508751630325
1363,video,1364,6.48,1.111,155.0,4628.0,1403.0,2819.0,5.091508751630325
1364,instrumental,1365,6.48,1.0104,,,,1303.0,5.091508751630325
1365,backyard,1366,6.47,1.6721,,,,4293.0,5.045421752890263
1366,drums,1367,6.47,1.5825,,,,2971.0,5.045421752890263
1367,virtue,1368,6.47,1.769,,2098.0,,,5.045421752890263
1368,activities,1369,6.46,1.2157,,739.0,1859.0,,4.999334754150206
1369,athletic,1370,6.46,1.5147,,,2011.0,,4.999334754150206
1370,clothes,1371,6.46,1.2324,1321.0,2562.0,2769.0,797.0,4.999334754150206
1371,cultivated,1372,6.46,1.3584,,4875.0,,,4.999334754150206
1372,forever,1373,6.46,1.4598,939.0,3933.0,1422.0,246.0,4.999334754150206
1373,goods,1374,6.46,1.1466,,1086.0,2490.0,,4.999334754150206
1374,grass,1375,6.46,1.3881,2905.0,2822.0,4861.0,1503.0,4.999334754150206
1375,higher,1376,6.46,1.2157,2351.0,492.0,887.0,794.0,4.999334754150206
1376,literary,1377,6.46,1.3584,,1470.0,3014.0,,4.999334754150206
1377,london,1378,6.46,1.6315,933.0,361.0,822.0,2517.0,4.999334754150206
1378,memory,1379,6.46,1.2811,1284.0,1078.0,729.0,812.0,4.999334754150206
1379,mint,1380,6.46,1.3126,4842.0,,,,4.999334754150206
1380,nephews,1381,6.46,1.7867,,,1587.0,,4.999334754150206
1381,prime,1382,6.46,1.2811,3703.0,2399.0,1055.0,3961.0,4.999334754150206
1382,prospect,1383,6.46,1.5012,,4253.0,2628.0,,4.999334754150206
1383,reception,1384,6.46,1.1287,,4599.0,3477.0,,4.999334754150206
1384,recommended,1385,6.46,1.0343,4705.0,2565.0,3084.0,,4.999334754150206
1385,research,1386,6.46,1.0919,1498.0,364.0,411.0,,4.999334754150206
1386,resource,1387,6.46,1.5147,,2976.0,,,4.999334754150206
1387,resources,1388,6.46,1.1466,3535.0,924.0,1635.0,,4.999334754150206
1388,riverside,1389,6.46,1.7049,,,2102.0,,4.999334754150206
1389,rocking,1390,6.46,1.4737,3420.0,,,2528.0,4.999334754150206
1390,scored,1391,6.46,1.6439,4288.0,,1054.0,,4.999334754150206
1391,talking,1392,6.46,1.2324,478.0,1944.0,1452.0,534.0,4.999334754150206
1392,believer,1393,6.46,1.5431,,,,4219.0,4.999334754150206
1393,functioning,1394,6.46,1.237,,4473.0,,,4.999334754150206
1394,poets,1395,6.46,1.6497,,3641.0,,,4.999334754150206
1395,boats,1396,6.45,1.2427,,4069.0,,,4.953247755410149
1396,remedy,1397,6.45,1.5419,,4537.0,,4485.0,4.953247755410149
1397,tender,1398,6.45,1.7207,,3882.0,,1424.0,4.953247755410149
1398,aaah,1399,6.44,1.6922,,,,4397.0,4.907160756670092
1399,beatles,1400,6.44,2.3313,3797.0,,,,4.907160756670092
1400,chance,1401,6.44,1.4165,421.0,1428.0,1016.0,390.0,4.907160756670092
1401,coast,1402,6.44,1.3874,1158.0,1538.0,1763.0,1405.0,4.907160756670092
1402,draw,1403,6.44,1.402,2478.0,1857.0,2763.0,1804.0,4.907160756670092
1403,earth,1404,6.44,1.8201,664.0,673.0,2606.0,529.0,4.907160756670092
1404,eats,1405,6.44,1.6433,4370.0,,,4922.0,4.907160756670092
1405,effectively,1406,6.44,1.6056,,3037.0,4109.0,,4.907160756670092
1406,familiar,1407,6.44,1.2643,4452.0,1797.0,2401.0,2623.0,4.907160756670092
1407,fast,1408,6.44,1.2316,693.0,1726.0,2194.0,483.0,4.907160756670092
1408,forgive,1409,6.44,1.2803,3713.0,,,1051.0,4.907160756670092
1409,gained,1410,6.44,1.5928,,2466.0,2586.0,,4.907160756670092
1410,graphics,1411,6.44,1.248,,,,,4.907160756670092
1411,improve,1412,6.44,1.5005,1831.0,2322.0,1942.0,,4.907160756670092
1412,increases,1413,6.44,1.6056,,1747.0,2125.0,,4.907160756670092
1413,infinite,1414,6.44,1.5005,,3341.0,,4313.0,4.907160756670092
1414,languages,1415,6.44,1.3577,,2346.0,,,4.907160756670092
1415,likely,1416,6.44,1.2149,2035.0,647.0,745.0,,4.907160756670092
1416,nap,1417,6.44,1.9183,891.0,,,,4.907160756670092
1417,philosophy,1418,6.44,1.3118,,1104.0,3691.0,,4.907160756670092
1418,phone,1419,6.44,1.4309,328.0,3291.0,1500.0,622.0,4.907160756670092
1419,prince,1420,6.44,1.3426,2663.0,1496.0,2478.0,2240.0,4.907160756670092
1420,princes,1421,6.44,1.5928,,4923.0,,,4.907160756670092
1421,professional,1422,6.44,1.1634,2578.0,1337.0,1324.0,,4.907160756670092
1422,revival,1423,6.44,1.0333,,,4462.0,,4.907160756670092
1423,rice,1424,6.44,1.6801,1995.0,3092.0,2805.0,4899.0,4.907160756670092
1424,rides,1425,6.44,1.3426,,,,2777.0,4.907160756670092
1425,satisfactory,1426,6.44,1.6056,,3116.0,,,4.907160756670092
1426,scientific,1427,6.44,1.5274,,1148.0,2710.0,,4.907160756670092
1427,scoring,1428,6.44,1.248,,,3856.0,,4.907160756670092
1428,sis,1429,6.44,1.3118,1488.0,,,,4.907160756670092
1429,soccer,1430,6.44,1.5407,2097.0,,1551.0,,4.907160756670092
1430,supermarkets,1431,6.44,1.445,,,,,4.907160756670092
1431,support,1432,6.44,1.4309,618.0,413.0,421.0,3499.0,4.907160756670092
1432,teachers,1433,6.44,1.2961,3159.0,1156.0,1739.0,4965.0,4.907160756670092
1433,teaching,1434,6.44,1.198,2569.0,1164.0,2537.0,,4.907160756670092
1434,wage,1435,6.44,1.2961,,2794.0,4324.0,,4.907160756670092
1435,whale,1436,6.44,1.567,4722.0,,,,4.907160756670092
1436,wink,1437,6.44,1.1457,3647.0,,,4802.0,4.907160756670092
1437,wit,1438,6.44,1.514,225.0,,3363.0,382.0,4.907160756670092
1438,accept,1439,6.42,1.0708,2811.0,1442.0,1734.0,2327.0,4.814986759189973
1439,assist,1440,6.42,1.295,,3512.0,,,4.814986759189973
1440,band,1441,6.42,1.553,666.0,2157.0,1348.0,931.0,4.814986759189973
1441,chat,1442,6.42,1.1796,490.0,,,4491.0,4.814986759189973
1442,composer,1443,6.42,1.401,,,3031.0,,4.814986759189973
1443,contribution,1444,6.42,1.4859,,2455.0,3231.0,,4.814986759189973
1444,cousin,1445,6.42,1.1265,1994.0,4934.0,3491.0,3368.0,4.814986759189973
1445,curves,1446,6.42,1.2304,,3814.0,,,4.814986759189973
1446,dates,1447,6.42,1.295,3352.0,4130.0,4083.0,,4.814986759189973
1447,delivered,1448,6.42,1.1968,4050.0,2496.0,3600.0,,4.814986759189973
1448,environmental,1449,6.42,1.401,,1705.0,1121.0,,4.814986759189973
1449,evening,1450,6.42,1.2137,812.0,1204.0,954.0,1257.0,4.814986759189973
1450,feed,1451,6.42,1.1968,1470.0,3276.0,,1096.0,4.814986759189973
1451,fest,1452,6.42,1.4441,3789.0,,,,4.814986759189973
1452,gaming,1453,6.42,1.8745,3857.0,,,,4.814986759189973
1453,india,1454,6.42,1.9804,1693.0,760.0,2302.0,,4.814986759189973
1454,interests,1455,6.42,1.7738,,922.0,1748.0,,4.814986759189973
1455,jazz,1456,6.42,1.4581,2718.0,,1218.0,4231.0,4.814986759189973
1456,novelist,1457,6.42,1.7272,,,4112.0,,4.814986759189973
1457,panties,1458,6.42,1.9388,,,,4582.0,4.814986759189973
1458,partnership,1459,6.42,1.4441,,,2906.0,,4.814986759189973
1459,party's,1460,6.42,1.6299,,,,,4.814986759189973
1460,portrait,1461,6.42,1.3716,,3937.0,3838.0,,4.814986759189973
1461,remember,1462,6.42,1.4859,446.0,1053.0,1457.0,252.0,4.814986759189973
1462,residence,1463,6.42,1.2631,,3273.0,3172.0,,4.814986759189973
1463,shore,1464,6.42,1.6174,3557.0,2791.0,2780.0,1591.0,4.814986759189973
1464,simply,1465,6.42,1.3566,1933.0,718.0,1111.0,1840.0,4.814986759189973
1465,stream,1466,6.42,1.4995,2523.0,2141.0,,2608.0,4.814986759189973
1466,traveled,1467,6.42,1.3864,,,4519.0,4456.0,4.814986759189973
1467,wine,1468,6.42,2.1198,552.0,2480.0,1321.0,825.0,4.814986759189973
1468,wondered,1469,6.42,1.2792,,4586.0,,3491.0,4.814986759189973
1469,farming,1470,6.42,1.5275,,4869.0,,,4.814986759189973
1470,hats,1471,6.41,1.3216,,,,4977.0,4.768899760449917
1471,hearted,1472,6.41,1.3832,,,,3878.0,4.768899760449917
1472,1980s,1473,6.4,1.8952,,4695.0,,,4.72281276170986
1473,actress,1474,6.4,1.7261,4980.0,,3051.0,,4.72281276170986
1474,adopt,1475,6.4,1.4708,,3939.0,,,4.72281276170986
1475,altogether,1476,6.4,1.3702,,2576.0,,,4.72281276170986
1476,architecture,1477,6.4,1.4708,,2844.0,2316.0,,4.72281276170986
1477,australia,1478,6.4,1.5908,2111.0,2835.0,2722.0,,4.72281276170986
1478,baked,1479,6.4,1.8844,3967.0,,,,4.72281276170986
1479,buying,1480,6.4,1.2936,1277.0,4972.0,1930.0,3853.0,4.72281276170986
1480,ceremony,1481,6.4,1.5649,,4398.0,2509.0,,4.72281276170986
1481,charity,1482,6.4,1.906,2813.0,4479.0,2407.0,,4.72281276170986
1482,chicken,1483,6.4,1.6288,864.0,,3119.0,1776.0,4.72281276170986
1483,chorus,1484,6.4,1.2617,,,4891.0,88.0,4.72281276170986
1484,consciousness,1485,6.4,1.4846,,1598.0,,,4.72281276170986
1485,cultivation,1486,6.4,1.1952,,4414.0,,,4.72281276170986
1486,dating,1487,6.4,1.4846,2071.0,,,,4.72281276170986
1487,deserve,1488,6.4,1.3553,1935.0,,4387.0,1541.0,4.72281276170986
1488,destination,1489,6.4,1.4286,,,,3113.0,4.72281276170986
1489,documentary,1490,6.4,1.178,4413.0,,3621.0,,4.72281276170986
1490,drawings,1491,6.4,1.5119,,,4361.0,,4.72281276170986
1491,educational,1492,6.4,1.4846,,1381.0,2427.0,,4.72281276170986
1492,electronic,1493,6.4,1.3248,4858.0,3436.0,2333.0,,4.72281276170986
1493,equally,1494,6.4,1.5518,,1484.0,3862.0,,4.72281276170986
1494,europe,1495,6.4,1.7613,2965.0,761.0,848.0,,4.72281276170986
1495,floating,1496,6.4,1.6162,,,,2085.0,4.72281276170986
1496,futures,1497,6.4,1.4286,,,3746.0,,4.72281276170986
1497,gain,1498,6.4,1.5386,3056.0,1627.0,478.0,2100.0,4.72281276170986
1498,generations,1499,6.4,1.3553,,3573.0,3442.0,,4.72281276170986
1499,gmail,1500,6.4,1.5908,3291.0,,,,4.72281276170986
1500,hills,1501,6.4,1.4142,2969.0,2606.0,1130.0,1931.0,4.72281276170986
1501,increasing,1502,6.4,1.2936,,1194.0,2444.0,,4.72281276170986
1502,kidding,1503,6.4,1.3702,2061.0,,,,4.72281276170986
1503,launch,1504,6.4,1.2936,1799.0,,,,4.72281276170986
1504,light,1505,6.4,1.5119,645.0,310.0,928.0,184.0,4.72281276170986
1505,mountain,1506,6.4,1.7143,1361.0,1737.0,2309.0,947.0,4.72281276170986
1506,participate,1507,6.4,1.2617,,4028.0,3872.0,,4.72281276170986
1507,pics,1508,6.4,1.3553,854.0,,,,4.72281276170986
1508,playin,1509,6.4,1.807,2403.0,,,1857.0,4.72281276170986
1509,poetry,1510,6.4,1.906,3019.0,1578.0,3412.0,3898.0,4.72281276170986
1510,possibility,1511,6.4,1.2454,,1498.0,1960.0,,4.72281276170986
1511,provide,1512,6.4,1.088,3169.0,574.0,817.0,4581.0,4.72281276170986
1512,resolved,1513,6.4,1.4708,,3137.0,4762.0,,4.72281276170986
1513,shores,1514,6.4,1.6162,,,,4567.0,4.72281276170986
1514,studies,1515,6.4,1.3702,4385.0,443.0,1209.0,,4.72281276170986
1515,summer,1516,6.4,2.3905,896.0,1226.0,721.0,590.0,4.72281276170986
1516,tennis,1517,6.4,1.4142,1915.0,,1023.0,,4.72281276170986
1517,touch,1518,6.4,1.2778,936.0,1996.0,2583.0,304.0,4.72281276170986
1518,touched,1519,6.4,1.2289,4952.0,3682.0,2744.0,1519.0,4.72281276170986
1519,tradition,1520,6.4,1.6162,,1343.0,2546.0,,4.72281276170986
1520,twins,1521,6.4,1.6537,4378.0,,,,4.72281276170986
1521,visits,1522,6.4,1.2936,,4390.0,4192.0,,4.72281276170986
1522,wages,1523,6.4,1.3401,,2473.0,,,4.72281276170986
1523,waves,1524,6.4,1.3997,4175.0,2731.0,,1430.0,4.72281276170986
1524,willing,1525,6.4,1.0302,2781.0,2075.0,1699.0,1983.0,4.72281276170986
1525,younger,1526,6.4,1.4983,3767.0,2385.0,2327.0,2963.0,4.72281276170986
1526,exercised,1527,6.39,1.5848,,4418.0,,,4.676725762969799
1527,enabled,1528,6.39,1.3817,,3927.0,,,4.676725762969799
1528,greeks,1529,6.39,1.2216,,4761.0,,,4.676725762969799
1529,purely,1530,6.39,1.4835,,3230.0,,,4.676725762969799
1530,seeds,1531,6.39,1.4974,,4313.0,,2651.0,4.676725762969799
1531,sixteen,1532,6.39,1.4835,,4456.0,,2744.0,4.676725762969799
1532,softly,1533,6.39,1.525,,,,1972.0,4.676725762969799
1533,cradle,1534,6.38,1.6091,,,,3409.0,4.630638764229741
1534,80's,1535,6.38,1.713,,,,,4.630638764229741
1535,americas,1536,6.38,1.0859,,,3417.0,,4.630638764229741
1536,arose,1537,6.38,1.2103,,3735.0,,,4.630638764229741
1537,bigger,1538,6.38,1.3981,1993.0,,3165.0,1401.0,4.630638764229741
1538,boyfriend,1539,6.38,1.7248,1664.0,,,2385.0,4.630638764229741
1539,breath,1540,6.38,1.5765,2334.0,2872.0,,571.0,4.630638764229741
1540,committed,1541,6.38,1.4126,,2296.0,1999.0,,4.630638764229741
1541,contributing,1542,6.38,1.4831,,,3004.0,,4.630638764229741
1542,craft,1543,6.38,1.5765,4889.0,,4923.0,,4.630638764229741
1543,designers,1544,6.38,1.4831,,,3890.0,,4.630638764229741
1544,development,1545,6.38,1.4968,2461.0,221.0,554.0,,4.630638764229741
1545,distinction,1546,6.38,1.2436,,1858.0,4924.0,,4.630638764229741
1546,faster,1547,6.38,1.3536,2368.0,4631.0,3998.0,1442.0,4.630638764229741
1547,functional,1548,6.38,1.1229,,2536.0,,,4.630638764229741
1548,giveaway,1549,6.38,1.783,1894.0,,,,4.630638764229741
1549,increased,1550,6.38,1.4693,,602.0,1154.0,,4.630638764229741
1550,lamb,1551,6.38,1.2599,3841.0,,,3147.0,4.630638764229741
1551,leader,1552,6.38,1.3384,1401.0,1717.0,645.0,3312.0,4.630638764229741
1552,lottery,1553,6.38,2.1275,3836.0,,,,4.630638764229741
1553,maximum,1554,6.38,1.5238,,1573.0,3461.0,,4.630638764229741
1554,meet,1555,6.38,1.2599,521.0,886.0,938.0,484.0,4.630638764229741
1555,neighborhood,1556,6.38,1.2919,3602.0,4180.0,526.0,2549.0,4.630638764229741
1556,ownership,1557,6.38,1.4126,,3467.0,3178.0,,4.630638764229741
1557,painter,1558,6.38,1.0476,,,4469.0,,4.630638764229741
1558,played,1559,6.38,1.427,871.0,1640.0,653.0,859.0,4.630638764229741
1559,preserve,1560,6.38,1.4968,,3657.0,3623.0,,4.630638764229741
1560,purchased,1561,6.38,1.2271,,3916.0,3769.0,,4.630638764229741
1561,queens,1562,6.38,1.6646,,,634.0,2843.0,4.630638764229741
1562,reasonable,1563,6.38,0.8303,,2052.0,3590.0,,4.630638764229741
1563,revenues,1564,6.38,1.4968,,,1955.0,,4.630638764229741
1564,rocket,1565,6.38,1.7366,,,,3115.0,4.630638764229741
1565,sails,1566,6.38,1.3834,,,,4322.0,4.630638764229741
1566,saves,1567,6.38,1.5238,4963.0,,,,4.630638764229741
1567,score,1568,6.38,1.0859,1972.0,3244.0,1870.0,2067.0,4.630638764229741
1568,seeing,1569,6.38,1.3076,726.0,1732.0,2394.0,1275.0,4.630638764229741
1569,silver,1570,6.38,1.9048,1977.0,1681.0,1774.0,1083.0,4.630638764229741
1570,skills,1571,6.38,1.5504,2439.0,1929.0,3234.0,3153.0,4.630638764229741
1571,sung,1572,6.38,1.2436,,,,2362.0,4.630638764229741
1572,tasted,1573,6.38,1.3231,,,,4115.0,4.630638764229741
1573,tastes,1574,6.38,1.76,3254.0,,,3992.0,4.630638764229741
1574,thinks,1575,6.38,1.2271,904.0,3305.0,3207.0,1510.0,4.630638764229741
1575,thought,1576,6.38,1.3384,161.0,212.0,667.0,207.0,4.630638764229741
1576,touches,1577,6.38,1.2599,,,,4495.0,4.630638764229741
1577,we,1578,6.38,1.3076,46.0,37.0,40.0,20.0,4.630638764229741
1578,agricultural,1579,6.38,1.4468,,1609.0,,,4.630638764229741
1579,belle,1580,6.37,1.537,,,,4824.0,4.584551765489684
1580,explore,1581,6.37,1.3338,,4959.0,,,4.584551765489684
1581,sketch,1582,6.37,1.5233,,4897.0,,,4.584551765489684
1582,voluntary,1583,6.37,1.2365,,3795.0,,,4.584551765489684
1583,acquire,1584,6.36,1.3211,,4255.0,3307.0,,4.538464766749628
1584,april,1585,6.36,1.5221,1643.0,940.0,221.0,4585.0,4.538464766749628
1585,architect,1586,6.36,1.1386,,,2896.0,,4.538464766749628
1586,broadway,1587,6.36,1.3516,,,824.0,4552.0,4.538464766749628
1587,calm,1588,6.36,1.6005,2470.0,3842.0,,1533.0,4.538464766749628
1588,climbed,1589,6.36,1.3962,,,,3962.0,4.538464766749628
1589,colleagues,1590,6.36,1.5748,,3669.0,2035.0,,4.538464766749628
1590,curious,1591,6.36,1.2739,1519.0,3085.0,,4209.0,4.538464766749628
1591,definite,1592,6.36,1.4675,,2639.0,,,4.538464766749628
1592,democracy,1593,6.36,1.7233,,2114.0,2042.0,,4.538464766749628
1593,deposit,1594,6.36,1.4813,,4898.0,,,4.538464766749628
1594,developed,1595,6.36,1.4813,,663.0,1839.0,,4.538464766749628
1595,distinguished,1596,6.36,1.4251,,2010.0,2565.0,,4.538464766749628
1596,dressed,1597,6.36,1.1205,2406.0,3534.0,,1390.0,4.538464766749628
1597,drink,1598,6.36,1.77,628.0,2412.0,3982.0,568.0,4.538464766749628
1598,employment,1599,6.36,1.7815,4164.0,1303.0,3103.0,,4.538464766749628
1599,farms,1600,6.36,1.5086,,4581.0,4958.0,,4.538464766749628
1600,fashion,1601,6.36,1.8043,1415.0,2329.0,1307.0,2494.0,4.538464766749628
1601,gravy,1602,6.36,1.7815,,,,4880.0,4.538464766749628
1602,guiding,1603,6.36,1.1021,,,,4235.0,4.538464766749628
1603,imagined,1604,6.36,1.495,,4640.0,,,4.538464766749628
1604,innocent,1605,6.36,1.3815,3507.0,3924.0,4550.0,1708.0,4.538464766749628
1605,instantly,1606,6.36,1.0645,4920.0,,,,4.538464766749628
1606,interest,1607,6.36,1.5354,1428.0,330.0,455.0,,4.538464766749628
1607,justified,1608,6.36,1.2081,,3647.0,,,4.538464766749628
1608,logical,1609,6.36,1.3962,,2752.0,,,4.538464766749628
1609,mail,1610,6.36,1.6874,718.0,2820.0,2109.0,3018.0,4.538464766749628
1610,maintained,1611,6.36,1.4394,,1948.0,3927.0,,4.538464766749628
1611,mario,1612,6.36,1.4394,3222.0,,3687.0,,4.538464766749628
1612,mobile,1613,6.36,1.2081,1185.0,4989.0,4832.0,,4.538464766749628
1613,mp3,1614,6.36,1.5086,,,,,4.538464766749628
1614,obtained,1615,6.36,1.2081,,720.0,3433.0,,4.538464766749628
1615,original,1616,6.36,1.4394,1539.0,685.0,1168.0,2667.0,4.538464766749628
1616,patience,1617,6.36,1.663,4174.0,4943.0,,2731.0,4.538464766749628
1617,performed,1618,6.36,1.4675,,1524.0,1601.0,,4.538464766749628
1618,please,1619,6.36,1.6753,184.0,1959.0,2122.0,203.0,4.538464766749628
1619,prayed,1620,6.36,1.663,,,,3164.0,4.538464766749628
1620,rain,1621,6.36,1.9141,335.0,2469.0,2758.0,299.0,4.538464766749628
1621,rational,1622,6.36,1.4107,,2807.0,,,4.538464766749628
1622,relation,1623,6.36,1.1563,,826.0,,,4.538464766749628
1623,rings,1624,6.36,1.6995,4161.0,,,1544.0,4.538464766749628
1624,rise,1625,6.36,1.5618,2048.0,965.0,1405.0,646.0,4.538464766749628
1625,rudolph,1626,6.36,1.6132,,,4020.0,,4.538464766749628
1626,teacher,1627,6.36,1.5354,930.0,1248.0,1158.0,2635.0,4.538464766749628
1627,technologies,1628,6.36,1.6874,,,3637.0,,4.538464766749628
1628,value,1629,6.36,1.2415,1906.0,281.0,1056.0,,4.538464766749628
1629,vegas,1630,6.36,1.793,1300.0,,3817.0,3535.0,4.538464766749628
1630,volunteer,1631,6.36,1.3815,,,2913.0,,4.538464766749628
1631,wifi,1632,6.36,1.5221,2863.0,,,,4.538464766749628
1632,revealed,1633,6.35,1.5087,,2317.0,,4954.0,4.4923777680095665
1633,branches,1634,6.35,1.1998,,2387.0,,,4.4923777680095665
1634,existed,1635,6.35,1.4369,,2837.0,,,4.4923777680095665
1635,spotlight,1636,6.35,1.3401,,,,4604.0,4.4923777680095665
1636,bread,1637,6.34,1.7567,1777.0,2723.0,,1770.0,4.446290769269509
1637,castle,1638,6.34,1.7096,4130.0,3066.0,4827.0,3177.0,4.446290769269509
1638,cheddar,1639,6.34,1.7096,,,,4993.0,4.446290769269509
1639,clouds,1640,6.34,1.9755,2436.0,4009.0,,915.0,4.446290769269509
1640,clubs,1641,6.34,1.4654,,,3111.0,3324.0,4.446290769269509
1641,colleges,1642,6.34,1.2715,,4147.0,3040.0,,4.446290769269509
1642,completely,1643,6.34,1.3032,1353.0,1172.0,2745.0,2314.0,4.446290769269509
1643,connected,1644,6.34,0.9817,4591.0,1523.0,4893.0,4513.0,4.446290769269509
1644,december,1645,6.34,1.8473,1586.0,1137.0,497.0,2998.0,4.446290769269509
1645,dew,1646,6.34,1.4086,,,,4100.0,4.446290769269509
1646,employ,1647,6.34,1.423,,4036.0,,,4.446290769269509
1647,exists,1648,6.34,1.3494,,2031.0,,,4.446290769269509
1648,expedition,1649,6.34,1.2224,,3367.0,,,4.446290769269509
1649,experience,1650,6.34,1.2056,1151.0,392.0,1094.0,3387.0,4.446290769269509
1650,farmers,1651,6.34,1.1886,,2556.0,3374.0,,4.446290769269509
1651,firefox,1652,6.34,1.2715,3523.0,,,,4.446290769269509
1652,football,1653,6.34,2.0062,813.0,,277.0,4789.0,4.446290769269509
1653,grant,1654,6.34,1.7215,3878.0,1849.0,1901.0,4689.0,4.446290769269509
1654,hiring,1655,6.34,1.8026,3904.0,,4354.0,,4.446290769269509
1655,hollywood,1656,6.34,1.7215,2138.0,,2089.0,1870.0,4.446290769269509
1656,house,1657,6.34,1.6239,125.0,196.0,163.0,387.0,4.446290769269509
1657,illustrated,1658,6.34,1.0806,,2407.0,4090.0,,4.446290769269509
1658,images,1659,6.34,1.2224,3031.0,1962.0,2224.0,4193.0,4.446290769269509
1659,jeans,1660,6.34,1.891,2268.0,,,1871.0,4.446290769269509
1660,largest,1661,6.34,1.3793,3840.0,2238.0,1029.0,,4.446290769269509
1661,linguistic,1662,6.34,1.394,,3951.0,,,4.446290769269509
1662,lord,1663,6.34,1.8251,1070.0,431.0,3497.0,344.0,4.446290769269509
1663,purchase,1664,6.34,1.0224,2513.0,2404.0,1899.0,,4.446290769269509
1664,received,1665,6.34,1.1537,2423.0,527.0,372.0,,4.446290769269509
1665,released,1666,6.34,1.5201,2072.0,3406.0,836.0,4140.0,4.446290769269509
1666,saint,1667,6.34,1.8026,3041.0,2777.0,3301.0,2505.0,4.446290769269509
1667,scientists,1668,6.34,1.4654,,3591.0,2021.0,,4.446290769269509
1668,september,1669,6.34,1.4086,3572.0,1117.0,523.0,4055.0,4.446290769269509
1669,soon,1670,6.34,0.8947,300.0,446.0,898.0,432.0,4.446290769269509
1670,soul,1671,6.34,1.6734,1227.0,990.0,3275.0,218.0,4.446290769269509
1671,soundtrack,1672,6.34,1.7096,3046.0,,,,4.446290769269509
1672,studio,1673,6.34,1.3644,1312.0,,2374.0,3494.0,4.446290769269509
1673,tickets,1674,6.34,1.2554,956.0,,869.0,,4.446290769269509
1674,wave,1675,6.34,1.1537,2146.0,1854.0,3385.0,1226.0,4.446290769269509
1675,continuity,1676,6.33,1.6252,,4946.0,,,4.400203770529452
1676,equilibrium,1677,6.33,1.5192,,2800.0,,,4.400203770529452
1677,activity,1678,6.32,0.9988,2912.0,591.0,2581.0,,4.354116771789395
1678,agreement,1679,6.32,1.2196,3913.0,1126.0,696.0,,4.354116771789395
1679,amor,1680,6.32,1.6591,4019.0,,,538.0,4.354116771789395
1680,arrival,1681,6.32,1.0774,,2717.0,4727.0,,4.354116771789395
1681,arrive,1682,6.32,0.8437,3520.0,3952.0,4726.0,3425.0,4.354116771789395
1682,asian,1683,6.32,1.4907,2389.0,3623.0,2952.0,,4.354116771789395
1683,bbq,1684,6.32,1.5576,2885.0,,,,4.354116771789395
1684,bedtime,1685,6.32,1.5964,4220.0,,,,4.354116771789395
1685,berry,1686,6.32,1.3768,3971.0,,,,4.354116771789395
1686,brunch,1687,6.32,1.2848,4322.0,,,,4.354116771789395
1687,commitment,1688,6.32,1.4348,,3319.0,1873.0,,4.354116771789395
1688,date,1689,6.32,1.6092,897.0,908.0,952.0,1765.0,4.354116771789395
1689,deal,1690,6.32,1.0774,707.0,880.0,510.0,839.0,4.354116771789395
1690,democratic,1691,6.32,1.6591,,1643.0,658.0,,4.354116771789395
1691,design,1692,6.32,1.1328,879.0,709.0,843.0,3395.0,4.354116771789395
1692,designer,1693,6.32,1.6343,3048.0,,1513.0,,4.354116771789395
1693,devotion,1694,6.32,2.0941,,4576.0,4292.0,3212.0,4.354116771789395
1694,experiences,1695,6.32,1.0774,,1779.0,4900.0,,4.354116771789395
1695,fly,1696,6.32,1.3005,1254.0,3256.0,2922.0,310.0,4.354116771789395
1696,foxy,1697,6.32,1.9424,,,,4805.0,4.354116771789395
1697,france,1698,6.32,1.3768,2829.0,683.0,1102.0,4763.0,4.354116771789395
1698,handy,1699,6.32,1.1683,4953.0,,,,4.354116771789395
1699,importance,1700,6.32,1.1328,,708.0,3392.0,,4.354116771789395
1700,important,1701,6.32,1.3316,1030.0,201.0,513.0,2781.0,4.354116771789395
1701,jamaica,1702,6.32,1.7076,,,3760.0,,4.354116771789395
1702,jobs,1703,6.32,1.7431,1008.0,2642.0,970.0,,4.354116771789395
1703,june,1704,6.32,1.3915,3262.0,810.0,204.0,3434.0,4.354116771789395
1704,kin,1705,6.32,1.5043,,,,4482.0,4.354116771789395
1705,lights,1706,6.32,1.4061,1355.0,3627.0,3804.0,523.0,4.354116771789395
1706,mornings,1707,6.32,2.2264,4346.0,,,,4.354116771789395
1707,newspaper,1708,6.32,1.3468,4441.0,2787.0,1335.0,,4.354116771789395
1708,offering,1709,6.32,1.6468,3260.0,3369.0,1150.0,,4.354116771789395
1709,organic,1710,6.32,1.6343,2906.0,2525.0,,,4.354116771789395
1710,parade,1711,6.32,1.9319,3027.0,,3422.0,2965.0,4.354116771789395
1711,pink,1712,6.32,1.2027,1196.0,,,1988.0,4.354116771789395
1712,published,1713,6.32,1.3161,3187.0,714.0,732.0,,4.354116771789395
1713,reader,1714,6.32,1.1856,3100.0,1636.0,3059.0,,4.354116771789395
1714,remembered,1715,6.32,1.7893,3383.0,2504.0,1434.0,4676.0,4.354116771789395
1715,resolve,1716,6.32,1.1683,,,3741.0,,4.354116771789395
1716,ring,1717,6.32,1.6835,1574.0,2262.0,3633.0,680.0,4.354116771789395
1717,rofl,1718,6.32,1.8344,3499.0,,,,4.354116771789395
1718,selected,1719,6.32,1.1683,,1557.0,3089.0,,4.354116771789395
1719,snow,1720,6.32,2.1801,189.0,2567.0,3156.0,894.0,4.354116771789395
1720,streams,1721,6.32,1.5312,,4738.0,,,4.354116771789395
1721,sufficient,1722,6.32,1.2526,,1052.0,,,4.354116771789395
1722,sufficiently,1723,6.32,1.2196,,2568.0,,,4.354116771789395
1723,sure,1724,6.32,1.4907,216.0,715.0,823.0,322.0,4.354116771789395
1724,universal,1725,6.32,1.4907,4122.0,1710.0,3657.0,4987.0,4.354116771789395
1725,unlocked,1726,6.32,1.3768,4743.0,,,,4.354116771789395
1726,visitors,1727,6.32,1.6956,,4515.0,2383.0,,4.354116771789395
1727,waters,1728,6.32,1.1507,,2324.0,4203.0,2251.0,4.354116771789395
1728,women's,1729,6.32,1.4348,,2048.0,,,4.354116771789395
1729,worship,1730,6.32,1.4769,3591.0,2506.0,,2986.0,4.354116771789395
1730,writers,1731,6.32,1.2688,4148.0,1694.0,1769.0,,4.354116771789395
1731,assembled,1732,6.31,1.3862,,4532.0,,,4.308029773049334
1732,chickens,1733,6.31,1.4166,,,,4983.0,4.308029773049334
1733,wheat,1734,6.31,1.3862,,3532.0,,,4.308029773049334
1734,connections,1735,6.31,1.2111,,3650.0,,,4.308029773049334
1735,scent,1736,6.31,1.2451,,,,3852.0,4.308029773049334
1736,volumes,1737,6.31,1.2943,,3189.0,,,4.308029773049334
1737,whistle,1738,6.31,1.4024,,,,2409.0,4.308029773049334
1738,absolutely,1739,6.3,1.4178,1275.0,2691.0,3594.0,4543.0,4.261942774309277
1739,atmosphere,1740,6.3,1.1995,,2438.0,3706.0,4119.0,4.261942774309277
1740,belongs,1741,6.3,1.1473,,3716.0,,2456.0,4.261942774309277
1741,bought,1742,6.3,1.233,648.0,2805.0,1402.0,1107.0,4.261942774309277
1742,chess,1743,6.3,1.5682,,,3859.0,,4.261942774309277
1743,christian,1744,6.3,1.6444,2110.0,734.0,1140.0,4121.0,4.261942774309277
1744,clear,1745,6.3,1.1294,1421.0,470.0,766.0,589.0,4.261942774309277
1745,clearer,1746,6.3,1.5419,,,,4715.0,4.261942774309277
1746,commonwealth,1747,6.3,1.3132,,4562.0,,,4.261942774309277
1747,conversations,1748,6.3,1.0546,4846.0,,,,4.261942774309277
1748,designed,1749,6.3,0.953,3803.0,1433.0,1481.0,,4.261942774309277
1749,downloaded,1750,6.3,1.4604,3274.0,,,,4.261942774309277
1750,earrings,1751,6.3,1.5682,4732.0,,,,4.261942774309277
1751,engineer,1752,6.3,1.1824,4368.0,4357.0,2947.0,,4.261942774309277
1752,epic,1753,6.3,1.1824,1632.0,,,,4.261942774309277
1753,exercise,1754,6.3,1.6444,1656.0,1225.0,3036.0,,4.261942774309277
1754,expansion,1755,6.3,1.488,,2117.0,2902.0,,4.261942774309277
1755,feeding,1756,6.3,1.3132,4867.0,3831.0,,3440.0,4.261942774309277
1756,flowing,1757,6.3,1.374,,,,2514.0,4.261942774309277
1757,headphones,1758,6.3,1.1824,4344.0,,,,4.261942774309277
1758,indians,1759,6.3,1.6933,,1517.0,4263.0,,4.261942774309277
1759,joined,1760,6.3,1.0926,613.0,1965.0,1304.0,,4.261942774309277
1760,lipstick,1761,6.3,1.5286,,,,4359.0,4.261942774309277
1761,metropolitan,1762,6.3,1.6812,,,1292.0,,4.261942774309277
1762,mine,1763,6.3,1.359,582.0,1774.0,4156.0,205.0,4.261942774309277
1763,myself,1764,6.3,1.669,372.0,833.0,2250.0,228.0,4.261942774309277
1764,paint,1765,6.3,1.0738,1551.0,4312.0,3428.0,1379.0,4.261942774309277
1765,painted,1766,6.3,0.9949,,3358.0,4077.0,2131.0,4.261942774309277
1766,plane,1767,6.3,1.632,964.0,1891.0,2115.0,1834.0,4.261942774309277
1767,produced,1768,6.3,1.1995,,690.0,1006.0,,4.261942774309277
1768,protecting,1769,6.3,1.6067,,,4806.0,,4.261942774309277
1769,reasoning,1770,6.3,1.2495,,3510.0,,,4.261942774309277
1770,relations,1771,6.3,1.6067,,662.0,1078.0,,4.261942774309277
1771,salvation,1772,6.3,1.9193,,3721.0,,2450.0,4.261942774309277
1772,sciences,1773,6.3,1.3286,,2371.0,3709.0,,4.261942774309277
1773,sense,1774,6.3,1.0351,1120.0,344.0,705.0,827.0,4.261942774309277
1774,software,1775,6.3,1.4321,1347.0,2952.0,1605.0,,4.261942774309277
1775,suite,1776,6.3,1.5017,3890.0,,3289.0,,4.261942774309277
1776,surplus,1777,6.3,1.4178,,4588.0,4639.0,,4.261942774309277
1777,swing,1778,6.3,1.2657,3597.0,,4567.0,1097.0,4.261942774309277
1778,visited,1779,6.3,1.4178,,2756.0,3339.0,,4.261942774309277
1779,cheeks,1780,6.29,1.5293,,,,4453.0,4.21585577556922
1780,observation,1781,6.29,1.3202,,1977.0,,,4.21585577556922
1781,calcium,1782,6.29,1.3844,,3711.0,,,4.21585577556922
1782,conceived,1783,6.29,1.6202,,3776.0,,,4.21585577556922
1783,rum,1784,6.29,2.0917,,,,2842.0,4.21585577556922
1784,amigo,1785,6.28,1.8956,,,,4064.0,4.169768776829163
1785,babes,1786,6.28,1.7501,4819.0,,,,4.169768776829163
1786,begin,1787,6.28,1.1256,1813.0,1249.0,866.0,874.0,4.169768776829163
1787,breathe,1788,6.28,1.5258,2986.0,,,610.0,4.169768776829163
1788,bridegroom's,1789,6.28,1.6418,,,,,4.169768776829163
1789,buy,1790,6.28,1.3559,366.0,2165.0,779.0,652.0,4.169768776829163
1790,community,1791,6.28,1.3856,1403.0,464.0,380.0,,4.169768776829163
1791,cooler,1792,6.28,1.3099,4671.0,,,,4.169768776829163
1792,country,1793,6.28,1.7148,901.0,223.0,313.0,870.0,4.169768776829163
1793,disco,1794,6.28,1.7148,3608.0,,,1944.0,4.169768776829163
1794,emerging,1795,6.28,0.9697,,,4805.0,,4.169768776829163
1795,england,1796,6.28,1.5258,2133.0,462.0,1316.0,4464.0,4.169768776829163
1796,experts,1797,6.28,1.4434,4832.0,4449.0,1415.0,,4.169768776829163
1797,fairly,1798,6.28,1.1613,,2138.0,4064.0,,4.169768776829163
1798,fix,1799,6.28,1.5258,1244.0,,4935.0,1525.0,4.169768776829163
1799,founded,1800,6.28,1.2461,,2221.0,2163.0,,4.169768776829163
1800,globe,1801,6.28,1.4291,4321.0,,,,4.169768776829163
1801,honorary,1802,6.28,1.4988,,,4310.0,,4.169768776829163
1802,hoped,1803,6.28,1.1073,,2899.0,2258.0,4037.0,4.169768776829163
1803,introduced,1804,6.28,1.3559,,1328.0,2421.0,,4.169768776829163
1804,lead,1805,6.28,1.4574,1406.0,757.0,528.0,631.0,4.169768776829163
1805,listening,1806,6.28,1.4434,312.0,3753.0,4718.0,1460.0,4.169768776829163
1806,lots,1807,6.28,1.4291,567.0,,3263.0,1673.0,4.169768776829163
1807,market,1808,6.28,1.6041,546.0,566.0,233.0,4460.0,4.169768776829163
1808,monkey,1809,6.28,1.7148,3140.0,,,1777.0,4.169768776829163
1809,olympic,1810,6.28,1.5654,2775.0,,2200.0,,4.169768776829163
1810,pioneer,1811,6.28,1.5258,,,4638.0,,4.169768776829163
1811,plaza,1812,6.28,1.0309,,,1948.0,,4.169768776829163
1812,professionals,1813,6.28,1.4003,,,4451.0,,4.169768776829163
1813,reflect,1814,6.28,1.0887,,2751.0,908.0,,4.169768776829163
1814,remembering,1815,6.28,1.2623,4962.0,,,3610.0,4.169768776829163
1815,reputation,1816,6.28,1.3708,,3144.0,3138.0,3988.0,4.169768776829163
1816,sentimental,1817,6.28,1.6665,,,,4030.0,4.169768776829163
1817,skype,1818,6.28,1.4574,2897.0,,,,4.169768776829163
1818,students,1819,6.28,1.8299,1534.0,552.0,425.0,,4.169768776829163
1819,sweden,1820,6.28,1.5124,,,4145.0,,4.169768776829163
1820,technological,1821,6.28,1.4003,,4047.0,,,4.169768776829163
1821,themes,1822,6.28,1.2461,,4625.0,,,4.169768776829163
1822,thinking,1823,6.28,1.2943,406.0,955.0,1622.0,451.0,4.169768776829163
1823,tips,1824,6.28,1.5784,979.0,,,4092.0,4.169768776829163
1824,vehicles,1825,6.28,1.4988,,,2801.0,,4.169768776829163
1825,village,1826,6.28,1.1256,2073.0,1109.0,785.0,4738.0,4.169768776829163
1826,virginia,1827,6.28,1.4291,3943.0,2099.0,1151.0,,4.169768776829163
1827,website,1828,6.28,1.1613,737.0,,,,4.169768776829163
1828,white,1829,6.28,1.5391,290.0,312.0,263.0,411.0,4.169768776829163
1829,wines,1830,6.28,2.3737,,,3316.0,,4.169768776829163
1830,reasonably,1831,6.27,1.3643,,4852.0,,,4.123681778089102
1831,uptown,1832,6.27,1.1982,,,,2673.0,4.123681778089102
1832,aims,1833,6.27,1.2209,,4235.0,,,4.123681778089102
1833,observe,1834,6.27,1.3659,,2684.0,,,4.123681778089102
1834,regards,1835,6.27,1.335,,3929.0,,,4.123681778089102
1835,allows,1836,6.26,1.192,4657.0,2440.0,3048.0,,4.077594779349044
1836,appropriate,1837,6.26,1.2423,,1099.0,2819.0,,4.077594779349044
1837,australian,1838,6.26,1.2257,3514.0,4016.0,4205.0,,4.077594779349044
1838,blackberry,1839,6.26,1.6389,1553.0,,,,4.077594779349044
1839,breathing,1840,6.26,1.2257,4699.0,4554.0,,1461.0,4.077594779349044
1840,camp,1841,6.26,1.5361,2118.0,1702.0,1747.0,4229.0,4.077594779349044
1841,cars,1842,6.26,1.688,1684.0,3500.0,1241.0,1088.0,4.077594779349044
1842,considerable,1843,6.26,1.0264,,971.0,4222.0,,4.077594779349044
1843,costume,1844,6.26,1.7591,3896.0,,,,4.077594779349044
1844,degree,1845,6.26,1.5884,3369.0,679.0,810.0,3769.0,4.077594779349044
1845,develop,1846,6.26,1.0461,,1236.0,1967.0,,4.077594779349044
1846,egypt,1847,6.26,1.1572,,2570.0,4464.0,,4.077594779349044
1847,events,1848,6.26,1.4682,1947.0,832.0,1219.0,,4.077594779349044
1848,flag,1849,6.26,1.3063,2806.0,4250.0,4275.0,2446.0,4.077594779349044
1849,gave,1850,6.26,1.2906,715.0,465.0,597.0,427.0,4.077594779349044
1850,gods,1851,6.26,1.9146,3795.0,2557.0,,1746.0,4.077594779349044
1851,gr8,1852,6.26,1.7591,,,,,4.077594779349044
1852,hotels,1853,6.26,1.482,2915.0,,3076.0,,4.077594779349044
1853,human,1854,6.26,1.6389,1207.0,218.0,602.0,889.0,4.077594779349044
1854,indian,1855,6.26,1.7706,1951.0,775.0,1724.0,3191.0,4.077594779349044
1855,leap,1856,6.26,1.2906,,,,4344.0,4.077594779349044
1856,lifetime,1857,6.26,1.6264,3702.0,,3898.0,1539.0,4.077594779349044
1857,magnetic,1858,6.26,1.2906,,2898.0,,,4.077594779349044
1858,mirror,1859,6.26,1.1031,3207.0,3768.0,4750.0,988.0,4.077594779349044
1859,mmmm,1860,6.26,1.5624,2537.0,,,3538.0,4.077594779349044
1860,occasion,1861,6.26,1.1747,,1525.0,4888.0,,4.077594779349044
1861,produce,1862,6.26,1.1214,4838.0,834.0,1828.0,,4.077594779349044
1862,prominent,1863,6.26,1.1031,,2748.0,2829.0,,4.077594779349044
1863,promises,1864,6.26,1.5493,,4910.0,4086.0,1456.0,4.077594779349044
1864,proved,1865,6.26,1.9358,,1465.0,3140.0,,4.077594779349044
1865,raising,1866,6.26,1.2257,4555.0,3241.0,2432.0,4972.0,4.077594779349044
1866,school,1867,6.26,1.8824,232.0,227.0,112.0,685.0,4.077594779349044
1867,shirt,1868,6.26,1.3372,1367.0,,,2022.0,4.077594779349044
1868,spark,1869,6.26,1.6637,,,,2026.0,4.077594779349044
1869,surely,1870,6.26,1.2586,3392.0,2401.0,3169.0,1645.0,4.077594779349044
1870,team,1871,6.26,1.4259,499.0,1870.0,349.0,1631.0,4.077594779349044
1871,travelers,1872,6.26,1.5624,,,4158.0,,4.077594779349044
1872,upcoming,1873,6.26,1.0264,2940.0,,,,4.077594779349044
1873,us,1874,6.26,1.7591,130.0,96.0,136.0,121.0,4.077594779349044
1874,valley,1875,6.26,1.1572,2317.0,1674.0,1371.0,1801.0,4.077594779349044
1875,vintage,1876,6.26,1.3372,3063.0,,,,4.077594779349044
1876,proteins,1877,6.25,1.28,,3520.0,,,4.031507780608988
1877,almighty,1878,6.24,2.0466,,,,4541.0,3.985420781868931
1878,horizon,1879,6.24,1.3155,,,,2703.0,3.985420781868931
1879,insight,1880,6.24,1.5749,,4228.0,,,3.985420781868931
1880,ooooh,1881,6.24,1.9422,,,,2391.0,3.985420781868931
1881,poetic,1882,6.24,1.7973,,4872.0,,,3.985420781868931
1882,spirits,1883,6.24,1.7973,,2978.0,,2554.0,3.985420781868931
1883,aboard,1884,6.24,1.3786,,,4353.0,4432.0,3.985420781868931
1884,acknowledge,1885,6.24,1.318,,4711.0,3977.0,,3.985420781868931
1885,actors,1886,6.24,1.2048,,4019.0,3109.0,,3.985420781868931
1886,advances,1887,6.24,1.3486,,4310.0,,,3.985420781868931
1887,aid,1888,6.24,1.3637,3129.0,1192.0,1095.0,,3.985420781868931
1888,answer,1889,6.24,1.5722,511.0,748.0,1533.0,756.0,3.985420781868931
1889,athletes,1890,6.24,1.3786,,,4093.0,,3.985420781868931
1890,bowling,1891,6.24,1.5059,3180.0,,,,3.985420781868931
1891,boy,1892,6.24,1.2867,265.0,1089.0,1711.0,194.0,3.985420781868931
1892,built,1893,6.24,1.1877,2637.0,907.0,1179.0,1319.0,3.985420781868931
1893,choice,1894,6.24,1.318,1182.0,1064.0,1001.0,1182.0,3.985420781868931
1894,constitution,1895,6.24,1.3486,,1223.0,2849.0,,3.985420781868931
1895,conversation,1896,6.24,1.4507,2064.0,2034.0,3367.0,2162.0,3.985420781868931
1896,cowboy,1897,6.24,1.4078,,,,2036.0,3.985420781868931
1897,day,1898,6.24,1.3637,50.0,132.0,126.0,85.0,3.985420781868931
1898,deliver,1899,6.24,1.0214,4132.0,4435.0,3865.0,2799.0,3.985420781868931
1899,developments,1900,6.24,1.0984,,3205.0,4848.0,,3.985420781868931
1900,distinctive,1901,6.24,1.3024,,4867.0,,,3.985420781868931
1901,dvds,1902,6.24,1.4507,4804.0,,,,3.985420781868931
1902,edison,1903,6.24,1.135,,,4417.0,,3.985420781868931
1903,eighteen,1904,6.24,1.4647,,4202.0,,4632.0,3.985420781868931
1904,enterprise,1905,6.24,1.2382,,2513.0,4620.0,,3.985420781868931
1905,eyes,1906,6.24,1.0984,610.0,433.0,2003.0,117.0,3.985420781868931
1906,flying,1907,6.24,1.6483,1823.0,3680.0,3407.0,1084.0,3.985420781868931
1907,grad,1908,6.24,1.2867,4447.0,,,,3.985420781868931
1908,grammy,1909,6.24,1.3786,4302.0,,,,3.985420781868931
1909,grill,1910,6.24,1.6971,3636.0,,,2772.0,3.985420781868931
1910,halloween,1911,6.24,2.0057,2125.0,,,4762.0,3.985420781868931
1911,holland,1912,6.24,1.3024,,4378.0,4058.0,,3.985420781868931
1912,jelly,1913,6.24,1.318,3322.0,,,4544.0,3.985420781868931
1913,jingle,1914,6.24,1.7792,,,,3813.0,3.985420781868931
1914,legitimate,1915,6.24,1.6107,,4290.0,4725.0,,3.985420781868931
1915,making,1916,6.24,1.1877,302.0,357.0,456.0,515.0,3.985420781868931
1916,more,1917,6.24,0.9596,68.0,42.0,47.0,82.0,3.985420781868931
1917,options,1918,6.24,0.9381,3201.0,3574.0,2279.0,,3.985420781868931
1918,possible,1919,6.24,1.598,1114.0,233.0,706.0,3359.0,3.985420781868931
1919,practical,1920,6.24,1.2867,,1147.0,2703.0,,3.985420781868931
1920,proceeds,1921,6.24,1.1168,,4359.0,4214.0,,3.985420781868931
1921,proposed,1922,6.24,1.6971,,1253.0,1041.0,,3.985420781868931
1922,provides,1923,6.24,1.4647,,1300.0,2142.0,,3.985420781868931
1923,queen,1924,6.24,1.7907,1146.0,1682.0,2714.0,882.0,3.985420781868931
1924,revolutionary,1925,6.24,1.8578,,2612.0,,,3.985420781868931
1925,rises,1926,6.24,1.2545,,4654.0,,3946.0,3.985420781868931
1926,samsung,1927,6.24,1.2048,4794.0,,,,3.985420781868931
1927,self,1928,6.24,1.2382,1104.0,320.0,,1102.0,3.985420781868931
1928,show,1929,6.24,1.4923,167.0,422.0,283.0,186.0,3.985420781868931
1929,sooner,1930,6.24,1.3933,4501.0,4540.0,,2710.0,3.985420781868931
1930,speed,1931,6.24,1.4786,1902.0,1533.0,2459.0,1391.0,3.985420781868931
1931,strategy,1932,6.24,1.2382,3116.0,1866.0,1795.0,,3.985420781868931
1932,tale,1933,6.24,1.135,,3545.0,3809.0,2142.0,3.985420781868931
1933,tip,1934,6.24,1.0412,1909.0,4232.0,,1947.0,3.985420781868931
1934,updating,1935,6.24,1.0606,3810.0,,,,3.985420781868931
1935,vip,1936,6.24,1.4507,3539.0,,,4327.0,3.985420781868931
1936,websites,1937,6.24,1.4923,3365.0,,,,3.985420781868931
1937,worlds,1938,6.24,1.5592,4561.0,,,2111.0,3.985420781868931
1938,writing,1939,6.24,1.6483,683.0,717.0,1134.0,2157.0,3.985420781868931
1939,xbox,1940,6.24,1.7445,1325.0,,,,3.985420781868931
1940,you,1941,6.24,1.546,9.0,34.0,51.0,3.0,3.985420781868931
1941,yours,1942,6.24,1.3786,1202.0,3824.0,,645.0,3.985420781868931
1942,yourself,1943,6.24,1.5059,663.0,1759.0,4074.0,337.0,3.985420781868931
1943,collective,1944,6.23,1.3707,,2795.0,,,3.9393337831288737
1944,embrace,1945,6.22,1.8959,,,,1711.0,3.8932467843888126
1945,produces,1946,6.22,1.3427,,2953.0,,,3.8932467843888126
1946,meanings,1947,6.22,1.3295,,4645.0,,,3.8932467843888126
1947,accompanied,1948,6.22,1.1119,,2215.0,3778.0,,3.8932467843888126
1948,advice,1949,6.22,1.5022,1531.0,2104.0,2380.0,2221.0,3.8932467843888126
1949,all,1950,6.22,1.4039,33.0,36.0,50.0,16.0,3.8932467843888126
1950,answered,1951,6.22,1.3445,4371.0,1856.0,2674.0,4830.0,3.8932467843888126
1951,architectural,1952,6.22,1.1301,,,4183.0,,3.8932467843888126
1952,asia,1953,6.22,1.9513,4551.0,2130.0,2292.0,,3.8932467843888126
1953,authors,1954,6.22,1.6817,,1923.0,3704.0,,3.8932467843888126
1954,avid,1955,6.22,1.148,,,4993.0,,3.8932467843888126
1955,batman,1956,6.22,1.5945,4410.0,,,,3.8932467843888126
1956,big,1957,6.22,1.5022,173.0,853.0,350.0,198.0,3.8932467843888126
1957,breast,1958,6.22,1.4469,2534.0,2938.0,3705.0,4212.0,3.8932467843888126
1958,bro,1959,6.22,1.2982,920.0,,,4307.0,3.8932467843888126
1959,build,1960,6.22,1.0746,1416.0,1925.0,1233.0,1105.0,3.8932467843888126
1960,chef,1961,6.22,1.8327,2917.0,,3969.0,,3.8932467843888126
1961,clowns,1962,6.22,1.8438,,,,3570.0,3.8932467843888126
1962,contacts,1963,6.22,1.2002,4303.0,4931.0,,,3.8932467843888126
1963,contributions,1964,6.22,1.5556,,3104.0,580.0,,3.8932467843888126
1964,cotton,1965,6.22,1.2824,,2422.0,,3207.0,3.8932467843888126
1965,cowboys,1966,6.22,1.6695,3283.0,,,4746.0,3.8932467843888126
1966,decent,1967,6.22,1.7058,2350.0,,,,3.8932467843888126
1967,designs,1968,6.22,1.6573,3881.0,3744.0,4321.0,,3.8932467843888126
1968,downloading,1969,6.22,1.3596,3510.0,,,,3.8932467843888126
1969,environment,1970,6.22,1.7177,4461.0,1018.0,1962.0,,3.8932467843888126
1970,evolution,1971,6.22,1.6073,,2125.0,4482.0,,3.8932467843888126
1971,farm,1972,6.22,1.5817,2022.0,1644.0,1834.0,3132.0,3.8932467843888126
1972,finishing,1973,6.22,1.6573,2382.0,,,,3.8932467843888126
1973,fit,1974,6.22,1.5158,1349.0,1669.0,3075.0,1139.0,3.8932467843888126
1974,foundations,1975,6.22,1.1657,,4233.0,,,3.8932467843888126
1975,full,1976,6.22,1.2171,394.0,366.0,671.0,440.0,3.8932467843888126
1976,guys,1977,6.22,1.4184,308.0,,2188.0,1133.0,3.8932467843888126
1977,instrument,1978,6.22,1.2337,,2169.0,,,3.8932467843888126
1978,join,1979,6.22,1.5556,631.0,2310.0,1743.0,1436.0,3.8932467843888126
1979,karma,1980,6.22,1.7296,4925.0,,,4539.0,3.8932467843888126
1980,knight,1981,6.22,1.4609,3210.0,,,4857.0,3.8932467843888126
1981,lives,1982,6.22,1.148,1314.0,968.0,408.0,582.0,3.8932467843888126
1982,logic,1983,6.22,1.4748,,2402.0,,,3.8932467843888126
1983,milk,1984,6.22,1.9303,966.0,2044.0,4449.0,2591.0,3.8932467843888126
1984,most,1985,6.22,1.5556,240.0,78.0,93.0,556.0,3.8932467843888126
1985,neon,1986,6.22,1.2337,,,,2755.0,3.8932467843888126
1986,night,1987,6.22,1.2982,93.0,406.0,308.0,87.0,3.8932467843888126
1987,package,1988,6.22,1.4748,2592.0,,2476.0,,3.8932467843888126
1988,participation,1989,6.22,1.148,,2248.0,4560.0,,3.8932467843888126
1989,penny,1990,6.22,1.7058,,,,3116.0,3.8932467843888126
1990,pregnant,1991,6.22,2.0829,2638.0,,,,3.8932467843888126
1991,properly,1992,6.22,1.0554,3987.0,2110.0,4577.0,,3.8932467843888126
1992,quest,1993,6.22,1.4609,,,,3647.0,3.8932467843888126
1993,restoration,1994,6.22,1.3445,,4258.0,4622.0,,3.8932467843888126
1994,seventeen,1995,6.22,1.5425,,,,3397.0,3.8932467843888126
1995,social,1996,6.22,1.0359,271.0,162.0,651.0,3503.0,3.8932467843888126
1996,styles,1997,6.22,1.016,,,3818.0,2721.0,3.8932467843888126
1997,supports,1998,6.22,1.5292,,4768.0,4302.0,,3.8932467843888126
1998,tech,1999,6.22,1.3293,1389.0,,,3689.0,3.8932467843888126
1999,thai,2000,6.22,1.3596,3089.0,,,,3.8932467843888126
2000,thoughts,2001,6.22,1.5425,1130.0,1653.0,3344.0,700.0,3.8932467843888126
2001,today,2002,6.22,1.4469,70.0,877.0,120.0,355.0,3.8932467843888126
2002,transformation,2003,6.22,1.2982,,2796.0,,,3.8932467843888126
2003,treaty,2004,6.22,1.3293,,1807.0,2889.0,,3.8932467843888126
2004,tribute,2005,6.22,1.3596,4350.0,,3592.0,,3.8932467843888126
2005,aesthetic,2006,6.21,1.5839,,4774.0,,,3.8471597856487554
2006,upside,2007,6.21,1.3832,,,,2329.0,3.8471597856487554
2007,behold,2008,6.2,1.4574,,,,3017.0,3.8010727869086987
2008,dough,2009,6.2,1.4574,,,,1311.0,3.8010727869086987
2009,sands,2010,6.2,1.5135,,,,3837.0,3.8010727869086987
2010,3-bedroom,2011,6.2,1.2617,,,,,3.8010727869086987
2011,actor,2012,6.2,1.3553,3545.0,,2208.0,,3.8010727869086987
2012,agreements,2013,6.2,1.5649,,4216.0,4198.0,,3.8010727869086987
2013,arise,2014,6.2,1.1249,,2635.0,,3614.0,3.8010727869086987
2014,assured,2015,6.2,1.5649,,3535.0,,,3.8010727869086987
2015,bubble,2016,6.2,1.5518,3526.0,,,2417.0,3.8010727869086987
2016,cereal,2017,6.2,1.3997,3610.0,,,,3.8010727869086987
2017,definitely,2018,6.2,1.4142,859.0,4688.0,3795.0,,3.8010727869086987
2018,dime,2019,6.2,1.3553,,,,1189.0,3.8010727869086987
2019,engage,2020,6.2,1.3401,,4013.0,,,3.8010727869086987
2020,erected,2021,6.2,1.4846,,4603.0,,,3.8010727869086987
2021,estate,2022,6.2,1.666,2193.0,1871.0,940.0,,3.8010727869086987
2022,ethical,2023,6.2,1.3702,,3478.0,4548.0,,3.8010727869086987
2023,everybody,2024,6.2,1.2122,829.0,3530.0,2164.0,303.0,3.8010727869086987
2024,faces,2025,6.2,1.4569,2456.0,2813.0,2022.0,982.0,3.8010727869086987
2025,feeds,2026,6.2,1.4708,,,,4335.0,3.8010727869086987
2026,haircut,2027,6.2,1.5119,3867.0,,,,3.8010727869086987
2027,halo,2028,6.2,1.807,4392.0,,,,3.8010727869086987
2028,jacket,2029,6.2,1.1249,2824.0,,,4213.0,3.8010727869086987
2029,joining,2030,6.2,1.1066,4002.0,,3803.0,,3.8010727869086987
2030,kingdom,2031,6.2,1.3248,4779.0,1501.0,,2046.0,3.8010727869086987
2031,lifted,2032,6.2,1.2289,,4433.0,,3268.0,3.8010727869086987
2032,listened,2033,6.2,1.2778,2721.0,4727.0,,3103.0,3.8010727869086987
2033,meat,2034,6.2,2.1381,2202.0,2930.0,4101.0,2282.0,3.8010727869086987
2034,menu,2035,6.2,1.2936,3076.0,,3395.0,,3.8010727869086987
2035,nurse,2036,6.2,1.2617,2442.0,3294.0,4394.0,4920.0,3.8010727869086987
2036,opening,2037,6.2,0.9258,1514.0,1621.0,1116.0,4507.0,3.8010727869086987
2037,pension,2038,6.2,2.0,,,2719.0,,3.8010727869086987
2038,phd,2039,6.2,1.5119,,,3282.0,,3.8010727869086987
2039,phones,2040,6.2,1.4286,2272.0,,,,3.8010727869086987
2040,plans,2041,6.2,1.0102,1049.0,1554.0,512.0,1304.0,3.8010727869086987
2041,premier,2042,6.2,1.0498,4125.0,,,,3.8010727869086987
2042,proposals,2043,6.2,1.6903,,4071.0,2271.0,,3.8010727869086987
2043,protein,2044,6.2,1.3093,,1776.0,,,3.8010727869086987
2044,providence,2045,6.2,1.7496,,,3983.0,,3.8010727869086987
2045,recommendations,2046,6.2,1.4142,,4459.0,4535.0,,3.8010727869086987
2046,sexual,2047,6.2,1.4569,3527.0,1417.0,1852.0,3744.0,3.8010727869086987
2047,soda,2048,6.2,1.7379,4202.0,,,,3.8010727869086987
2048,spain,2049,6.2,1.6903,4612.0,1982.0,2914.0,,3.8010727869086987
2049,stable,2050,6.2,1.3702,,2638.0,3975.0,,3.8010727869086987
2050,succession,2051,6.2,1.2936,,3568.0,,,3.8010727869086987
2051,supporters,2052,6.2,1.5779,,,2280.0,,3.8010727869086987
2052,taco,2053,6.2,1.7496,2748.0,,,,3.8010727869086987
2053,think,2054,6.2,1.2936,73.0,228.0,168.0,92.0,3.8010727869086987
2054,trading,2055,6.2,1.2454,3068.0,3761.0,1075.0,,3.8010727869086987
2055,upward,2056,6.2,1.5119,,4691.0,,,3.8010727869086987
2056,yields,2057,6.2,1.4286,,4740.0,,,3.8010727869086987
2057,sailor,2058,6.19,1.2272,,,,3601.0,3.7549857881686415
2058,dynamics,2059,6.19,1.3153,,4321.0,,,3.7549857881686415
2059,lyrical,2060,6.19,1.5527,,,,2890.0,3.7549857881686415
2060,copper,2061,6.18,1.603,,2650.0,,,3.7088987894285803
2061,realise,2062,6.18,1.2529,,,,2804.0,3.7088987894285803
2062,righteous,2063,6.18,1.822,,,,3557.0,3.7088987894285803
2063,transformed,2064,6.18,1.1488,,4217.0,,,3.7088987894285803
2064,venus,2065,6.18,1.5636,,,,4998.0,3.7088987894285803
2065,80s,2066,6.18,1.7106,,,,,3.7088987894285803
2066,advocates,2067,6.18,1.4665,,,3421.0,,3.7088987894285803
2067,aha,2068,6.18,1.2567,3038.0,,,4412.0,3.7088987894285803
2068,ate,2069,6.18,1.4525,1014.0,,,2912.0,3.7088987894285803
2069,atlantic,2070,6.18,1.207,,3443.0,1618.0,,3.7088987894285803
2070,awareness,2071,6.18,1.2887,3972.0,3292.0,,,3.7088987894285803
2071,balance,2072,6.18,1.6123,3370.0,1387.0,2161.0,3516.0,3.7088987894285803
2072,blonde,2073,6.18,1.5996,3302.0,,,3969.0,3.7088987894285803
2073,burger,2074,6.18,2.3008,2070.0,,,,3.7088987894285803
2074,buyer,2075,6.18,1.1551,,,2264.0,,3.7088987894285803
2075,certificate,2076,6.18,1.1373,4690.0,,,,3.7088987894285803
2076,chances,2077,6.18,1.0437,3975.0,,3696.0,1862.0,3.7088987894285803
2077,chief,2078,6.18,1.1551,3333.0,721.0,260.0,,3.7088987894285803
2078,clearly,2079,6.18,1.1192,2354.0,802.0,1578.0,2732.0,3.7088987894285803
2079,cultural,2080,6.18,1.1551,,870.0,1573.0,,3.7088987894285803
2080,draws,2081,6.18,1.32,,,,3983.0,3.7088987894285803
2081,driving,2082,6.18,1.6499,822.0,3267.0,1979.0,1120.0,3.7088987894285803
2082,duck,2083,6.18,1.3952,3710.0,,,2209.0,3.7088987894285803
2083,eagle,2084,6.18,1.8811,4887.0,,,3010.0,3.7088987894285803
2084,emotions,2085,6.18,1.7106,,3558.0,,1985.0,3.7088987894285803
2085,established,2086,6.18,1.1726,,637.0,1791.0,,3.7088987894285803
2086,experiments,2087,6.18,1.5996,,1881.0,,,3.7088987894285803
2087,expression,2088,6.18,1.3045,,839.0,4788.0,,3.7088987894285803
2088,fishing,2089,6.18,1.826,4237.0,3764.0,4212.0,,3.7088987894285803
2089,fri,2090,6.18,2.0572,2946.0,,,,3.7088987894285803
2090,fully,2091,6.18,1.2237,2858.0,1120.0,1896.0,3873.0,3.7088987894285803
2091,informed,2092,6.18,1.3354,,2334.0,4293.0,,3.7088987894285803
2092,initiated,2093,6.18,1.3805,,4960.0,,,3.7088987894285803
2093,italy,2094,6.18,1.4665,4252.0,1846.0,1925.0,,3.7088987894285803
2094,king,2095,6.18,1.5609,597.0,379.0,924.0,542.0,3.7088987894285803
2095,land,2096,6.18,1.3354,1670.0,289.0,1048.0,464.0,3.7088987894285803
2096,lion,2097,6.18,1.6123,2900.0,,,3089.0,3.7088987894285803
2097,miami,2098,6.18,1.746,1810.0,,1378.0,4054.0,3.7088987894285803
2098,midnight,2099,6.18,1.4241,1737.0,,3635.0,1041.0,3.7088987894285803
2099,mineral,2100,6.18,1.0039,,4133.0,,,3.7088987894285803
2100,nomination,2101,6.18,1.207,,,2877.0,,3.7088987894285803
2101,oak,2102,6.18,1.4665,,,4383.0,,3.7088987894285803
2102,occasions,2103,6.18,1.5077,,3199.0,,,3.7088987894285803
2103,philosophical,2104,6.18,1.3805,,2891.0,,,3.7088987894285803
2104,playlist,2105,6.18,1.6123,4139.0,,,,3.7088987894285803
2105,profound,2106,6.18,1.5477,,3668.0,2373.0,,3.7088987894285803
2106,provided,2107,6.18,1.1899,,586.0,1191.0,,3.7088987894285803
2107,resolution,2108,6.18,1.2887,4442.0,1904.0,2499.0,,3.7088987894285803
2108,riding,2109,6.18,1.3952,2328.0,4850.0,4420.0,1295.0,3.7088987894285803
2109,safety,2110,6.18,1.7343,2712.0,1723.0,1167.0,3857.0,3.7088987894285803
2110,scientist,2111,6.18,1.2887,,,3702.0,,3.7088987894285803
2111,she,2112,6.18,1.5868,105.0,55.0,41.0,55.0,3.7088987894285803
2112,sight,2113,6.18,0.9833,3631.0,1504.0,4307.0,737.0,3.7088987894285803
2113,spice,2114,6.18,1.7225,4836.0,,,,3.7088987894285803
2114,steady,2115,6.18,1.3354,4234.0,3266.0,4547.0,1433.0,3.7088987894285803
2115,survey,2116,6.18,1.5077,3328.0,1579.0,2055.0,,3.7088987894285803
2116,swiss,2117,6.18,1.6499,,,3567.0,,3.7088987894285803
2117,t-shirt,2118,6.18,1.4384,,,,,3.7088987894285803
2118,tiger,2119,6.18,1.746,1296.0,,,4159.0,3.7088987894285803
2119,tomorrow,2120,6.18,1.3805,170.0,4618.0,683.0,508.0,3.7088987894285803
2120,tourist,2121,6.18,1.4241,,,4909.0,,3.7088987894285803
2121,tournament,2122,6.18,1.3805,4861.0,,1498.0,,3.7088987894285803
2122,trade,2123,6.18,1.0039,2025.0,478.0,500.0,2092.0,3.7088987894285803
2123,trains,2124,6.18,1.32,4884.0,,3460.0,3945.0,3.7088987894285803
2124,tune,2125,6.18,1.4241,1082.0,,,1380.0,3.7088987894285803
2125,victor,2126,6.18,1.7225,,,2976.0,,3.7088987894285803
2126,walking,2127,6.18,1.5609,1024.0,2730.0,2452.0,546.0,3.7088987894285803
2127,wireless,2128,6.18,1.5996,3034.0,,4873.0,,3.7088987894285803
2128,www,2129,6.18,1.5609,,2721.0,,,3.7088987894285803
2129,yea,2130,6.18,1.6744,549.0,,,634.0,3.7088987894285803
2130,beds,2131,6.17,1.7177,,4360.0,,,3.662811790688523
2131,preference,2132,6.17,0.9964,,3923.0,,,3.662811790688523
2132,applying,2133,6.16,1.1609,,4078.0,,,3.6167247919484664
2133,crop,2134,6.16,1.2474,,3654.0,,,3.6167247919484664
2134,enable,2135,6.16,1.1963,,2919.0,,,3.6167247919484664
2135,interactions,2136,6.16,1.1609,,3677.0,,,3.6167247919484664
2136,narrative,2137,6.16,1.241,,2315.0,,,3.6167247919484664
2137,railway,2138,6.16,1.3439,,2633.0,,,3.6167247919484664
2138,afford,2139,6.16,1.2349,3249.0,3226.0,2845.0,2543.0,3.6167247919484664
2139,allowing,2140,6.16,1.0947,,3417.0,2690.0,,3.6167247919484664
2140,automobile,2141,6.16,1.3756,,,4650.0,,3.6167247919484664
2141,bands,2142,6.16,1.4619,3045.0,4415.0,,4687.0,3.6167247919484664
2142,boys,2143,6.16,1.2349,689.0,1373.0,2205.0,471.0,3.6167247919484664
2143,cds,2144,6.16,1.2014,4913.0,,,,3.6167247919484664
2144,christ,2145,6.16,2.3067,2509.0,909.0,4238.0,1526.0,3.6167247919484664
2145,dictionary,2146,6.16,1.5696,,4987.0,,,3.6167247919484664
2146,downloads,2147,6.16,1.1314,4476.0,,,,3.6167247919484664
2147,eagles,2148,6.16,1.4479,3861.0,,,,3.6167247919484664
2148,engaged,2149,6.16,1.9625,3854.0,1823.0,4277.0,,3.6167247919484664
2149,especially,2150,6.16,1.0174,1021.0,429.0,946.0,3471.0,3.6167247919484664
2150,fiction,2151,6.16,1.4337,,3194.0,2869.0,4332.0,3.6167247919484664
2151,grocery,2152,6.16,1.7304,2511.0,,,,3.6167247919484664
2152,hotel,2153,6.16,1.5954,523.0,2465.0,981.0,1826.0,3.6167247919484664
2153,houses,2154,6.16,1.6333,4326.0,1272.0,1658.0,3617.0,3.6167247919484664
2154,hubby,2155,6.16,1.7186,1757.0,,,,3.6167247919484664
2155,included,2156,6.16,1.2993,4105.0,966.0,316.0,,3.6167247919484664
2156,lemon,2157,6.16,1.3456,3548.0,,,,3.6167247919484664
2157,mellow,2158,6.16,1.5301,,,,4082.0,3.6167247919484664
2158,minds,2159,6.16,1.2349,2803.0,2308.0,4217.0,1181.0,3.6167247919484664
2159,my,2160,6.16,1.2835,10.0,64.0,115.0,8.0,3.6167247919484664
2160,own,2161,6.16,1.9205,367.0,119.0,222.0,222.0,3.6167247919484664
2161,pacific,2162,6.16,1.1843,4244.0,2463.0,1915.0,,3.6167247919484664
2162,people,2163,6.16,1.5826,52.0,102.0,66.0,179.0,3.6167247919484664
2163,planning,2164,6.16,1.4619,1265.0,1180.0,1301.0,,3.6167247919484664
2164,polish,2165,6.16,1.3903,,3961.0,4346.0,,3.6167247919484664
2165,premium,2166,6.16,1.4479,4532.0,,,,3.6167247919484664
2166,providing,2167,6.16,1.2014,,2061.0,2448.0,,3.6167247919484664
2167,readers,2168,6.16,1.2349,4904.0,2386.0,1946.0,,3.6167247919484664
2168,rocked,2169,6.16,1.4479,4269.0,,,3398.0,3.6167247919484664
2169,sausage,2170,6.16,1.8223,4768.0,,,,3.6167247919484664
2170,south,2171,6.16,1.6081,833.0,370.0,311.0,927.0,3.6167247919484664
2171,transportation,2172,6.16,1.6826,,3076.0,1489.0,,3.6167247919484664
2172,turkey,2173,6.16,1.8111,1598.0,4657.0,3892.0,,3.6167247919484664
2173,wed,2174,6.16,1.8223,2861.0,,,,3.6167247919484664
2174,wheels,2175,6.16,1.2182,,,,1617.0,3.6167247919484664
2175,woods,2176,6.16,1.3303,1836.0,3349.0,3262.0,2884.0,3.6167247919484664
2176,yacht,2177,6.16,1.3607,,,4034.0,,3.6167247919484664
2177,livin,2178,6.15,1.5977,,,,1425.0,3.5706377932084092
2178,believing,2179,6.14,1.5275,,,,2043.0,3.524550794468348
2179,chemistry,2180,6.14,1.3994,,4059.0,,,3.524550794468348
2180,continuous,2181,6.14,1.1365,,2144.0,,,3.524550794468348
2181,persons,2182,6.14,1.2748,,654.0,,,3.524550794468348
2182,seed,2183,6.14,1.3844,,3286.0,,1996.0,3.524550794468348
2183,sheep,2184,6.14,1.5411,,3481.0,,2719.0,3.524550794468348
2184,successive,2185,6.14,1.4142,,4298.0,,,3.524550794468348
2185,adult,2186,6.14,1.3403,1676.0,1975.0,2854.0,,3.524550794468348
2186,amsterdam,2187,6.14,1.4984,,,1381.0,,3.524550794468348
2187,arises,2188,6.14,1.1068,,3915.0,,,3.524550794468348
2188,arrived,2189,6.14,1.3999,1857.0,1338.0,2195.0,3679.0,3.524550794468348
2189,asleep,2190,6.14,1.7498,847.0,,,1349.0,3.524550794468348
2190,aviation,2191,6.14,1.3403,,,4334.0,,3.524550794468348
2191,basketball,2192,6.14,2.0899,1786.0,,257.0,,3.524550794468348
2192,browser,2193,6.14,1.0304,4300.0,,,,3.524550794468348
2193,cathedral,2194,6.14,1.552,,,3381.0,,3.524550794468348
2194,cd,2195,6.14,1.3554,1149.0,4375.0,,3581.0,3.524550794468348
2195,cheek,2196,6.14,1.5909,,,,2611.0,3.524550794468348
2196,combination,2197,6.14,1.143,,1825.0,3366.0,,3.524550794468348
2197,conscious,2198,6.14,1.3852,,2350.0,,,3.524550794468348
2198,cricket,2199,6.14,1.6164,4797.0,,,,3.524550794468348
2199,debut,2200,6.14,1.2618,4589.0,,3312.0,,3.524550794468348
2200,dividends,2201,6.14,1.552,,,4378.0,,3.524550794468348
2201,drinking,2202,6.14,1.7144,876.0,3389.0,4197.0,1665.0,3.524550794468348
2202,elizabeth,2203,6.14,1.7263,,2703.0,801.0,,3.524550794468348
2203,eye,2204,6.14,1.4287,978.0,953.0,1998.0,494.0,3.524550794468348
2204,generate,2205,6.14,1.1608,,4632.0,,,3.524550794468348
2205,granted,2206,6.14,1.8071,,2026.0,3398.0,2604.0,3.524550794468348
2206,guests,2207,6.14,1.3852,4781.0,4803.0,3521.0,,3.524550794468348
2207,huge,2208,6.14,1.7025,787.0,2621.0,1646.0,,3.524550794468348
2208,jumping,2209,6.14,1.578,3922.0,,,3011.0,3.524550794468348
2209,kindle,2210,6.14,1.2456,3751.0,,,,3.524550794468348
2210,launches,2211,6.14,1.125,3285.0,,,,3.524550794468348
2211,mend,2212,6.14,1.2124,,,,2645.0,3.524550794468348
2212,models,2213,6.14,1.578,3720.0,1466.0,3009.0,,3.524550794468348
2213,mutual,2214,6.14,1.1068,,2665.0,1860.0,,3.524550794468348
2214,offered,2215,6.14,1.3999,4154.0,1207.0,969.0,,3.524550794468348
2215,places,2216,6.14,1.1608,1706.0,918.0,1722.0,1058.0,3.524550794468348
2216,plan,2217,6.14,1.2779,659.0,624.0,353.0,853.0,3.524550794468348
2217,principles,2218,6.14,1.3999,,855.0,4371.0,,3.524550794468348
2218,recovering,2219,6.14,1.3095,4669.0,,,,3.524550794468348
2219,respectively,2220,6.14,1.2124,,2109.0,1195.0,,3.524550794468348
2220,restore,2221,6.14,1.1608,,4932.0,3990.0,,3.524550794468348
2221,ride,2222,6.14,1.3852,867.0,3964.0,3078.0,280.0,3.524550794468348
2222,rock,2223,6.14,1.2938,289.0,1616.0,1306.0,232.0,3.524550794468348
2223,shirts,2224,6.14,1.0304,3515.0,,,,3.524550794468348
2224,sony,2225,6.14,1.3554,2856.0,,,,3.524550794468348
2225,strategies,2226,6.14,1.4429,,2655.0,4043.0,,3.524550794468348
2226,strongly,2227,6.14,1.2779,,2030.0,3181.0,,3.524550794468348
2227,temple,2228,6.14,1.4144,,1892.0,1568.0,3427.0,3.524550794468348
2228,thousands,2229,6.14,1.0692,3074.0,2342.0,1406.0,4044.0,3.524550794468348
2229,tonight,2230,6.14,1.3403,139.0,,855.0,180.0,3.524550794468348
2230,trail,2231,6.14,1.143,4521.0,4380.0,3674.0,2478.0,3.524550794468348
2231,twin,2232,6.14,1.2938,3230.0,,4564.0,4916.0,3.524550794468348
2232,up,2233,6.14,1.5254,34.0,72.0,69.0,31.0,3.524550794468348
2233,updates,2234,6.14,1.2124,1506.0,,,,3.524550794468348
2234,vagina,2235,6.14,1.8071,3341.0,,,,3.524550794468348
2235,yahoo,2236,6.14,1.738,2008.0,,,,3.524550794468348
2236,receives,2237,6.13,1.4237,,4559.0,,,3.478463795728291
2237,exclusively,2238,6.12,1.4385,,3821.0,,,3.432376796988234
2238,writings,2239,6.12,1.6964,,2608.0,,,3.432376796988234
2239,destiny,2240,6.12,1.4525,,,,1233.0,3.432376796988234
2240,outcomes,2241,6.12,1.4381,,4580.0,,,3.432376796988234
2241,quicker,2242,6.12,1.1481,,,,4042.0,3.432376796988234
2242,boulevard,2243,6.12,1.2558,,,2799.0,4033.0,3.432376796988234
2243,chapels,2244,6.12,1.3192,,,3734.0,,3.432376796988234
2244,consideration,2245,6.12,1.272,,1410.0,4125.0,,3.432376796988234
2245,digital,2246,6.12,1.4234,1384.0,4385.0,2778.0,,3.432376796988234
2246,dish,2247,6.12,1.409,4457.0,,,,3.432376796988234
2247,eat-in,2248,6.12,1.1542,,,,,3.432376796988234
2248,ensure,2249,6.12,1.3649,,2634.0,,,3.432376796988234
2249,event,2250,6.12,1.6492,538.0,1240.0,1189.0,,3.432376796988234
2250,everyone,2251,6.12,1.2229,205.0,1731.0,998.0,516.0,3.432376796988234
2251,face,2252,6.12,1.1718,267.0,393.0,774.0,160.0,3.432376796988234
2252,focus,2253,6.12,1.0622,1707.0,1586.0,1534.0,2712.0,3.432376796988234
2253,funds,2254,6.12,1.8254,4847.0,2005.0,717.0,,3.432376796988234
2254,garlic,2255,6.12,1.6616,4697.0,,,,3.432376796988234
2255,investing,2256,6.12,1.5471,,,2876.0,,3.432376796988234
2256,keyboard,2257,6.12,1.3944,3188.0,,,,3.432376796988234
2257,knows,2258,6.12,0.8953,868.0,1620.0,1535.0,379.0,3.432376796988234
2258,leaf,2259,6.12,1.3944,,4060.0,,3634.0,3.432376796988234
2259,males,2260,6.12,1.4658,,3752.0,,,3.432376796988234
2260,maps,2261,6.12,1.1542,4437.0,4259.0,,,3.432376796988234
2261,masters,2262,6.12,1.3346,,3681.0,4758.0,,3.432376796988234
2262,networking,2263,6.12,1.2558,1623.0,,,,3.432376796988234
2263,nursing,2264,6.12,1.4658,4640.0,2793.0,3126.0,,3.432376796988234
2264,patiently,2265,6.12,1.507,,,,4173.0,3.432376796988234
2265,proceeded,2266,6.12,1.3346,,3607.0,,,3.432376796988234
2266,proceeding,2267,6.12,1.3944,,4728.0,,,3.432376796988234
2267,profession,2268,6.12,1.1183,,3106.0,,,3.432376796988234
2268,robot,2269,6.12,1.3192,3494.0,,,3519.0,3.432376796988234
2269,snowing,2270,6.12,2.1631,2239.0,,,,3.432376796988234
2270,studied,2271,6.12,1.3037,,1741.0,3458.0,,3.432376796988234
2271,study,2272,6.12,1.6243,1017.0,264.0,771.0,4835.0,3.432376796988234
2272,theme,2273,6.12,1.1718,1526.0,2749.0,3197.0,,3.432376796988234
2273,toward,2274,6.12,1.1364,4278.0,538.0,793.0,4074.0,3.432376796988234
2274,traditional,2275,6.12,1.698,4684.0,1188.0,1710.0,,3.432376796988234
2275,treasurer,2276,6.12,1.5205,,,4404.0,,3.432376796988234
2276,university's,2277,6.12,1.4518,,,,,3.432376796988234
2277,v-day,2278,6.12,1.507,,,,,3.432376796988234
2278,very,2279,6.12,1.8913,129.0,84.0,166.0,447.0,3.432376796988234
2279,voted,2280,6.12,1.2558,754.0,,1964.0,,3.432376796988234
2280,wii,2281,6.12,1.599,1368.0,,,,3.432376796988234
2281,waving,2282,6.11,1.4481,,,,4424.0,3.386289798248177
2282,extending,2283,6.1,1.2588,,4056.0,,,3.340202799508116
2283,readily,2284,6.1,1.4475,,2216.0,,,3.340202799508116
2284,mirrors,2285,6.1,1.3423,,,,4612.0,3.340202799508116
2285,nearer,2286,6.1,1.1769,,4917.0,,,3.340202799508116
2286,nurses,2287,6.1,1.9175,,4844.0,,,3.340202799508116
2287,preserved,2288,6.1,1.403,,3119.0,,,3.340202799508116
2288,senses,2289,6.1,1.4895,,3885.0,,2397.0,3.340202799508116
2289,aah,2290,6.1,1.5811,,,,2654.0,3.340202799508116
2290,acknowledged,2291,6.1,1.4321,,4132.0,2262.0,,3.340202799508116
2291,beers,2292,6.1,2.2246,4358.0,,,,3.340202799508116
2292,bentley,2293,6.1,1.6933,,,,4905.0,3.340202799508116
2293,brazil,2294,6.1,1.359,2653.0,4776.0,3211.0,,3.340202799508116
2294,cattle,2295,6.1,1.3887,,2819.0,,,3.340202799508116
2295,challenging,2296,6.1,1.5419,,,,,3.340202799508116
2296,check,2297,6.1,1.5286,204.0,1852.0,2321.0,509.0,3.340202799508116
2297,chili,2298,6.1,1.8544,3395.0,,,,3.340202799508116
2298,citizens,2299,6.1,1.5152,,1655.0,1879.0,,3.340202799508116
2299,collection,2300,6.1,1.0738,1963.0,1331.0,1187.0,,3.340202799508116
2300,comprehend,2301,6.1,1.594,,,,4858.0,3.340202799508116
2301,customers,2302,6.1,1.0926,2822.0,3513.0,1392.0,,3.340202799508116
2302,elected,2303,6.1,1.4178,,2297.0,1527.0,,3.340202799508116
2303,electricity,2304,6.1,1.6194,,4404.0,4177.0,,3.340202799508116
2304,enters,2305,6.1,1.2817,,4737.0,,,3.340202799508116
2305,essence,2306,6.1,1.1473,,3357.0,,4730.0,3.340202799508116
2306,fab,2307,6.1,1.5152,2945.0,,,,3.340202799508116
2307,forthcoming,2308,6.1,1.0738,,,3871.0,,3.340202799508116
2308,forward,2309,6.1,0.8391,590.0,1029.0,1253.0,2058.0,3.340202799508116
2309,guide,2310,6.1,1.165,1322.0,1805.0,2121.0,1555.0,3.340202799508116
2310,herself,2311,6.1,1.1112,3218.0,1022.0,2384.0,2491.0,3.340202799508116
2311,increasingly,2312,6.1,1.3439,,2456.0,2504.0,,3.340202799508116
2312,info,2313,6.1,1.2657,923.0,,,,3.340202799508116
2313,investments,2314,6.1,1.669,,,2438.0,,3.340202799508116
2314,justification,2315,6.1,1.3439,,4704.0,,,3.340202799508116
2315,karaoke,2316,6.1,1.9086,4752.0,,,,3.340202799508116
2316,keeping,2317,6.1,1.1112,1599.0,1967.0,2052.0,1382.0,3.340202799508116
2317,know,2318,6.1,1.3887,64.0,153.0,215.0,25.0,3.340202799508116
2318,launched,2319,6.1,1.0351,3938.0,,,,3.340202799508116
2319,life's,2320,6.1,1.3887,,,,,3.340202799508116
2320,madame,2321,6.1,1.632,,4345.0,,,3.340202799508116
2321,markets,2322,6.1,1.165,3822.0,2337.0,548.0,,3.340202799508116
2322,moments,2323,6.1,1.1112,2767.0,3124.0,2846.0,1848.0,3.340202799508116
2323,nike,2324,6.1,1.3887,4828.0,,,,3.340202799508116
2324,november,2325,6.1,1.3439,2374.0,1215.0,520.0,,3.340202799508116
2325,open,2326,6.1,1.359,423.0,416.0,340.0,320.0,3.340202799508116
2326,oscar,2327,6.1,1.7757,3638.0,,4282.0,,3.340202799508116
2327,owner,2328,6.1,1.5419,2926.0,2583.0,1165.0,,3.340202799508116
2328,practically,2329,6.1,1.233,,2880.0,,,3.340202799508116
2329,precise,2330,6.1,1.5551,,3549.0,,,3.340202799508116
2330,release,2331,6.1,1.233,1248.0,2255.0,1488.0,1681.0,3.340202799508116
2331,romans,2332,6.1,1.2657,,4682.0,,,3.340202799508116
2332,security,2333,6.1,1.632,1556.0,945.0,469.0,3301.0,3.340202799508116
2333,shade,2334,6.1,1.6812,,,,2059.0,3.340202799508116
2334,shoulders,2335,6.1,1.2164,,3678.0,,2511.0,3.340202799508116
2335,soap,2336,6.1,1.0738,3955.0,,,4885.0,3.340202799508116
2336,springfield,2337,6.1,1.2495,,,4733.0,,3.340202799508116
2337,start,2338,6.1,1.5419,275.0,1129.0,615.0,271.0,3.340202799508116
2338,telecommunications,2339,6.1,1.7053,,,3747.0,,3.340202799508116
2339,tomorrow's,2340,6.1,1.165,,,,,3.340202799508116
2340,trinity,2341,6.1,1.488,,,4012.0,,3.340202799508116
2341,western,2342,6.1,1.359,3704.0,729.0,1031.0,4043.0,3.340202799508116
2342,window,2343,6.1,1.4463,924.0,1539.0,2883.0,686.0,3.340202799508116
2343,woof,2344,6.1,1.6444,,,,4558.0,3.340202799508116
2344,yay,2345,6.1,1.9717,492.0,,,3182.0,3.340202799508116
2345,roam,2346,6.09,1.3646,,,,2307.0,3.2941158007680587
2346,dawning,2347,6.08,1.4415,,,,4937.0,3.248028802028002
2347,choir,2348,6.08,1.8009,,,,3725.0,3.248028802028002
2348,crops,2349,6.08,1.6052,,3667.0,,,3.248028802028002
2349,elvis,2350,6.08,1.9878,,,,3361.0,3.248028802028002
2350,significance,2351,6.08,1.2721,,1728.0,,,3.248028802028002
2351,throne,2352,6.08,2.1099,,3576.0,,2401.0,3.248028802028002
2352,velocity,2353,6.08,1.0376,,2448.0,,,3.248028802028002
2353,acquainted,2354,6.08,1.5497,,4927.0,,,3.248028802028002
2354,ahead,2355,6.08,1.3679,1263.0,2543.0,1266.0,886.0,3.248028802028002
2355,alright,2356,6.08,1.3068,1455.0,,,362.0,3.248028802028002
2356,audiences,2357,6.08,1.0467,,,4237.0,,3.248028802028002
2357,ball,2358,6.08,1.2262,1232.0,2492.0,1512.0,854.0,3.248028802028002
2358,belief,2359,6.08,1.4405,,1505.0,4370.0,3623.0,3.248028802028002
2359,bff,2360,6.08,1.6015,3774.0,,,,3.248028802028002
2360,boat,2361,6.08,1.4824,2708.0,2218.0,2879.0,1626.0,3.248028802028002
2361,boots,2362,6.08,1.3679,2301.0,,,1693.0,3.248028802028002
2362,california,2363,6.08,1.5097,1805.0,1431.0,635.0,1663.0,3.248028802028002
2363,centuries,2364,6.08,1.3377,,2129.0,,,3.248028802028002
2364,cheaper,2365,6.08,1.7594,4805.0,,,,3.248028802028002
2365,clue,2366,6.08,1.1753,3648.0,,,2057.0,3.248028802028002
2366,coat,2367,6.08,1.2428,3371.0,3707.0,,2045.0,3.248028802028002
2367,consensus,2368,6.08,1.1753,,,4992.0,,3.248028802028002
2368,contact,2369,6.08,0.9864,1842.0,1160.0,2041.0,3887.0,3.248028802028002
2369,deserved,2370,6.08,1.4961,4982.0,,,,3.248028802028002
2370,drive,2371,6.08,1.5232,555.0,1815.0,1122.0,575.0,3.248028802028002
2371,facebook,2372,6.08,1.9361,486.0,,,,3.248028802028002
2372,freelance,2373,6.08,1.4405,,,4017.0,,3.248028802028002
2373,greek,2374,6.08,1.2591,4184.0,1424.0,3972.0,,3.248028802028002
2374,grown,2375,6.08,1.2428,2372.0,2193.0,3090.0,1205.0,3.248028802028002
2375,help,2376,6.08,1.4686,230.0,391.0,337.0,305.0,3.248028802028002
2376,housing,2377,6.08,1.4405,4795.0,2359.0,993.0,,3.248028802028002
2377,instant,2378,6.08,1.122,2779.0,3801.0,,4302.0,3.248028802028002
2378,integrated,2379,6.08,1.3068,,3577.0,,,3.248028802028002
2379,introduction,2380,6.08,1.0069,,1088.0,4740.0,,3.248028802028002
2380,legit,2381,6.08,1.1753,4483.0,,,,3.248028802028002
2381,ma,2382,6.08,2.0488,778.0,2088.0,1384.0,633.0,3.248028802028002
2382,message,2383,6.08,1.122,983.0,1667.0,1340.0,1240.0,3.248028802028002
2383,negotiate,2384,6.08,1.2752,,,4211.0,,3.248028802028002
2384,neighbor,2385,6.08,1.3827,4036.0,,4349.0,,3.248028802028002
2385,neighborhoods,2386,6.08,1.4686,,,3992.0,,3.248028802028002
2386,numerous,2387,6.08,1.1925,,1365.0,2616.0,,3.248028802028002
2387,our,2388,6.08,1.066,118.0,74.0,73.0,106.0,3.248028802028002
2388,oven,2389,6.08,1.3679,3690.0,,,,3.248028802028002
2389,picked,2390,6.08,1.2095,1754.0,3495.0,3271.0,2006.0,3.248028802028002
2390,reached,2391,6.08,1.2591,4191.0,864.0,1137.0,2204.0,3.248028802028002
2391,recognize,2392,6.08,1.4119,4898.0,2373.0,2938.0,2061.0,3.248028802028002
2392,recognized,2393,6.08,1.3068,,1610.0,3350.0,,3.248028802028002
2393,rider,2394,6.08,1.4263,,,,2944.0,3.248028802028002
2394,shows,2395,6.08,1.0467,792.0,701.0,931.0,1421.0,3.248028802028002
2395,significantly,2396,6.08,0.9655,,2718.0,4428.0,,3.248028802028002
2396,specialist,2397,6.08,1.5365,,,3273.0,,3.248028802028002
2397,suggestions,2398,6.08,1.14,2162.0,4004.0,,,3.248028802028002
2398,superior,2399,6.08,1.5232,3336.0,1760.0,4257.0,,3.248028802028002
2399,tempo,2400,6.08,1.3068,,,,3073.0,3.248028802028002
2400,tourists,2401,6.08,1.5097,,,4713.0,,3.248028802028002
2401,ups,2402,6.08,1.6517,2834.0,,,3965.0,3.248028802028002
2402,validity,2403,6.08,1.1578,,3907.0,,,3.248028802028002
2403,vehicle,2404,6.08,1.4546,2149.0,3894.0,3148.0,,3.248028802028002
2404,votes,2405,6.08,1.5758,4000.0,4343.0,2095.0,,3.248028802028002
2405,theories,2406,6.06,1.4507,,2261.0,,,3.1558548045478836
2406,associations,2407,6.06,1.5733,,3161.0,,,3.1558548045478836
2407,attachment,2408,6.06,1.5194,,4270.0,,,3.1558548045478836
2408,fluid,2409,6.06,1.2317,,2050.0,,,3.1558548045478836
2409,shells,2410,6.06,1.5057,,,,3855.0,3.1558548045478836
2410,1970s,2411,6.06,1.4486,,4679.0,,,3.1558548045478836
2411,adults,2412,6.06,1.3001,4648.0,2782.0,2433.0,,3.1558548045478836
2412,advocacy,2413,6.06,1.2521,,,4707.0,,3.1558548045478836
2413,bella,2414,6.06,1.2191,4291.0,,,3460.0,3.1558548045478836
2414,brazilian,2415,6.06,1.4486,4069.0,,,,3.1558548045478836
2415,bueno,2416,6.06,1.5572,3321.0,,,,3.1558548045478836
2416,certain,2417,6.06,1.4626,1905.0,252.0,917.0,1713.0,3.1558548045478836
2417,certainly,2418,6.06,1.3463,2982.0,827.0,1380.0,,3.1558548045478836
2418,combinations,2419,6.06,1.2357,,4948.0,,,3.1558548045478836
2419,composed,2420,6.06,1.2521,,2040.0,,,3.1558548045478836
2420,composition,2421,6.06,1.1851,,1783.0,,,3.1558548045478836
2421,couch,2422,6.06,1.2022,2013.0,,,3451.0,3.1558548045478836
2422,created,2423,6.06,1.6088,2105.0,1041.0,1118.0,2699.0,3.1558548045478836
2423,creek,2424,6.06,1.4902,4837.0,3853.0,,,3.1558548045478836
2424,dimes,2425,6.06,1.2191,,,,4134.0,3.1558548045478836
2425,distinct,2426,6.06,1.2357,,1828.0,,,3.1558548045478836
2426,equal,2427,6.06,1.9526,,767.0,2812.0,4138.0,3.1558548045478836
2427,facts,2428,6.06,1.0956,3668.0,1202.0,3618.0,2578.0,3.1558548045478836
2428,flight,2429,6.06,1.834,1173.0,2716.0,1632.0,1827.0,3.1558548045478836
2429,gaze,2430,6.06,1.4902,,,,2947.0,3.1558548045478836
2430,goodman,2431,6.06,1.1323,,,4008.0,,3.1558548045478836
2431,harbor,2432,6.06,1.4486,,,2252.0,,3.1558548045478836
2432,hey,2433,6.06,1.634,241.0,,,148.0,3.1558548045478836
2433,historian,2434,6.06,1.4626,,4623.0,3632.0,,3.1558548045478836
2434,host,2435,6.06,1.3614,2259.0,2616.0,2185.0,4810.0,3.1558548045478836
2435,icon,2436,6.06,1.2683,3317.0,,,,3.1558548045478836
2436,influences,2437,6.06,1.2191,,3274.0,,,3.1558548045478836
2437,instruments,2438,6.06,1.7072,,2628.0,4261.0,,3.1558548045478836
2438,landmark,2439,6.06,1.0184,,,4918.0,,3.1558548045478836
2439,large,2440,6.06,1.2683,1618.0,179.0,508.0,2893.0,3.1558548045478836
2440,latest,2441,6.06,1.3614,724.0,4583.0,473.0,3957.0,3.1558548045478836
2441,leads,2442,6.06,1.0956,2467.0,1968.0,2856.0,2149.0,3.1558548045478836
2442,legs,2443,6.06,1.3001,2044.0,2674.0,,1393.0,3.1558548045478836
2443,liverpool,2444,6.06,1.5572,3989.0,,,,3.1558548045478836
2444,magazines,2445,6.06,1.4486,,,3798.0,4355.0,3.1558548045478836
2445,membership,2446,6.06,1.0184,,3091.0,3654.0,,3.1558548045478836
2446,muscle,2447,6.06,1.3311,4559.0,1994.0,,4263.0,3.1558548045478836
2447,nation,2448,6.06,1.5039,2238.0,939.0,537.0,1556.0,3.1558548045478836
2448,outlets,2449,6.06,1.0382,,,2871.0,,3.1558548045478836
2449,overseas,2450,6.06,1.5308,,,3683.0,,3.1558548045478836
2450,peanut,2451,6.06,1.3311,2257.0,,,,3.1558548045478836
2451,personal,2452,6.06,1.2191,1153.0,526.0,676.0,3037.0,3.1558548045478836
2452,photoshop,2453,6.06,1.5308,3156.0,,,,3.1558548045478836
2453,preparation,2454,6.06,1.3614,,2073.0,,,3.1558548045478836
2454,quantities,2455,6.06,1.3001,,3158.0,,,3.1558548045478836
2455,racing,2456,6.06,1.7427,3263.0,,1014.0,3613.0,3.1558548045478836
2456,reflection,2457,6.06,1.3911,,3009.0,,2455.0,3.1558548045478836
2457,representation,2458,6.06,1.2843,,1984.0,,,3.1558548045478836
2458,respective,2459,6.06,1.3157,,3727.0,,,3.1558548045478836
2459,see,2460,6.06,1.0577,78.0,81.0,243.0,42.0,3.1558548045478836
2460,servings,2461,6.06,1.4057,,,3199.0,,3.1558548045478836
2461,shoes,2462,6.06,1.544,1172.0,4347.0,4120.0,753.0,3.1558548045478836
2462,slim,2463,6.06,1.4902,4851.0,,,2421.0,3.1558548045478836
2463,sports,2464,6.06,2.2352,1224.0,4074.0,213.0,,3.1558548045478836
2464,starring,2465,6.06,1.3001,,,4176.0,,3.1558548045478836
2465,straight,2466,6.06,1.0577,1107.0,1748.0,1823.0,477.0,3.1558548045478836
2466,talk,2467,6.06,1.0577,340.0,986.0,763.0,249.0,3.1558548045478836
2467,towns,2468,6.06,1.1502,,2219.0,2106.0,,3.1558548045478836
2468,updated,2469,6.06,1.2357,1360.0,,,,3.1558548045478836
2469,wood,2470,6.06,1.2521,2859.0,1329.0,2149.0,1872.0,3.1558548045478836
2470,solving,2471,6.04,1.7377,,4762.0,,,3.0636808070677697
2471,bridges,2472,6.04,1.5133,,,,3030.0,3.0636808070677697
2472,climbing,2473,6.04,1.3838,,,,3441.0,3.0636808070677697
2473,geographical,2474,6.04,1.4572,,4731.0,,,3.0636808070677697
2474,skirt,2475,6.04,2.0712,,,,3735.0,3.0636808070677697
2475,1960s,2476,6.04,1.7492,,4882.0,,,3.0636808070677697
2476,academy,2477,6.04,1.3395,4406.0,3207.0,1389.0,,3.0636808070677697
2477,accompanying,2478,6.04,1.4422,,,4736.0,,3.0636808070677697
2478,acquired,2479,6.04,1.5113,,2162.0,1661.0,,3.0636808070677697
2479,acting,2480,6.04,1.5113,2266.0,2122.0,2065.0,1785.0,3.0636808070677697
2480,alumni,2481,6.04,1.0294,,,4555.0,,3.0636808070677697
2481,america's,2482,6.04,1.4563,,,,,3.0636808070677697
2482,approaches,2483,6.04,1.3087,,2384.0,,,3.0636808070677697
2483,bass,2484,6.04,1.6898,3579.0,,3205.0,1737.0,3.0636808070677697
2484,beginning,2485,6.04,1.1599,1957.0,682.0,1091.0,1338.0,3.0636808070677697
2485,bringing,2486,6.04,1.1421,2225.0,2531.0,2772.0,1897.0,3.0636808070677697
2486,campus,2487,6.04,1.6157,2449.0,,2501.0,,3.0636808070677697
2487,casino,2488,6.04,2.04,2277.0,,3850.0,,3.0636808070677697
2488,choices,2489,6.04,1.4422,3873.0,4384.0,2953.0,3933.0,3.0636808070677697
2489,contributed,2490,6.04,1.2115,,3271.0,3136.0,,3.0636808070677697
2490,exact,2491,6.04,1.2282,4074.0,2657.0,,,3.0636808070677697
2491,expand,2492,6.04,1.1421,,,2965.0,,3.0636808070677697
2492,express,2493,6.04,0.9026,2515.0,1691.0,1467.0,3362.0,3.0636808070677697
2493,fave,2494,6.04,1.4702,2324.0,,,,3.0636808070677697
2494,feliz,2495,6.04,1.4841,3999.0,,,3276.0,3.0636808070677697
2495,folks,2496,6.04,1.3547,1094.0,,,1218.0,3.0636808070677697
2496,fund,2497,6.04,1.1241,3588.0,2449.0,482.0,,3.0636808070677697
2497,furniture,2498,6.04,1.1599,3959.0,4393.0,3052.0,,3.0636808070677697
2498,groove,2499,6.04,1.2115,,,,1290.0,3.0636808070677697
2499,hair,2500,6.04,1.3991,430.0,1323.0,2851.0,528.0,3.0636808070677697
2500,hint,2501,6.04,1.5903,4749.0,,,,3.0636808070677697
2501,installed,2502,6.04,1.0294,4066.0,,4792.0,,3.0636808070677697
2502,interactive,2503,6.04,1.3845,4469.0,,,,3.0636808070677697
2503,kitchen,2504,6.04,1.6898,1489.0,3299.0,1543.0,1959.0,3.0636808070677697
2504,melbourne,2505,6.04,1.428,4764.0,,,,3.0636808070677697
2505,mind,2506,6.04,1.2771,270.0,303.0,1114.0,126.0,3.0636808070677697
2506,numbers,2507,6.04,1.1421,2427.0,991.0,1507.0,2576.0,3.0636808070677697
2507,perspective,2508,6.04,1.0294,4670.0,1990.0,4357.0,,3.0636808070677697
2508,points,2509,6.04,1.4702,1508.0,675.0,442.0,3591.0,3.0636808070677697
2509,prevention,2510,6.04,1.2282,,3870.0,4676.0,,3.0636808070677697
2510,professor,2511,6.04,1.4563,4563.0,1400.0,321.0,,3.0636808070677697
2511,prospective,2512,6.04,1.2115,,,4540.0,,3.0636808070677697
2512,prospects,2513,6.04,1.0683,,,4150.0,,3.0636808070677697
2513,purple,2514,6.04,1.5248,2196.0,,,2225.0,3.0636808070677697
2514,purpose,2515,6.04,1.1599,2904.0,543.0,2862.0,3188.0,3.0636808070677697
2515,replied,2516,6.04,0.9681,4493.0,1768.0,3389.0,,3.0636808070677697
2516,sauce,2517,6.04,1.3991,2516.0,,3676.0,,3.0636808070677697
2517,signing,2518,6.04,1.4841,3091.0,,4586.0,,3.0636808070677697
2518,sofa,2519,6.04,1.3547,4929.0,,,,3.0636808070677697
2519,supplies,2520,6.04,1.3991,4214.0,2700.0,3583.0,,3.0636808070677697
2520,tops,2521,6.04,1.0872,4753.0,,,4678.0,3.0636808070677697
2521,transport,2522,6.04,1.293,,2074.0,,,3.0636808070677697
2522,union,2523,6.04,1.3991,2744.0,585.0,378.0,4165.0,3.0636808070677697
2523,visible,2524,6.04,0.8797,,2326.0,4964.0,,3.0636808070677697
2524,vocal,2525,6.04,1.5513,,,4647.0,4931.0,3.0636808070677697
2525,washington,2526,6.04,1.2115,1697.0,859.0,174.0,,3.0636808070677697
2526,words,2527,6.04,1.1945,687.0,302.0,1164.0,251.0,3.0636808070677697
2527,xp,2528,6.04,1.5113,3022.0,,,,3.0636808070677697
2528,carriage,2529,6.02,1.2289,,4764.0,,,2.9715068095876513
2529,beings,2530,6.02,1.2498,,2516.0,,,2.9715068095876513
2530,colored,2531,6.02,1.7379,,3839.0,,,2.9715068095876513
2531,considerations,2532,6.02,1.4067,,2696.0,,,2.9715068095876513
2532,nearest,2533,6.02,1.2498,,4902.0,,,2.9715068095876513
2533,porch,2534,6.02,1.6006,,,,2794.0,2.9715068095876513
2534,relate,2535,6.02,1.5206,,4051.0,,3583.0,2.9715068095876513
2535,seventeenth,2536,6.02,1.1813,,4697.0,,,2.9715068095876513
2536,vibe,2537,6.02,1.4789,,,,2457.0,2.9715068095876513
2537,1980's,2538,6.02,1.7437,,,,,2.9715068095876513
2538,acres,2539,6.02,1.3169,,3547.0,3682.0,,2.9715068095876513
2539,aircraft,2540,6.02,1.4068,,3796.0,2657.0,,2.9715068095876513
2540,amen,2541,6.02,1.8789,2846.0,,,4085.0,2.9715068095876513
2541,basket,2542,6.02,1.0784,2907.0,,,,2.9715068095876513
2542,blog,2543,6.02,1.4068,231.0,,,,2.9715068095876513
2543,cards,2544,6.02,1.3013,1305.0,3875.0,2592.0,1997.0,2.9715068095876513
2544,celebrity,2545,6.02,1.7082,2092.0,,,,2.9715068095876513
2545,christians,2546,6.02,2.0151,,2790.0,,,2.9715068095876513
2546,concepts,2547,6.02,1.2856,,2161.0,,,2.9715068095876513
2547,content,2548,6.02,1.6224,1745.0,1021.0,4035.0,3987.0,2.9715068095876513
2548,creates,2549,6.02,1.4356,,4590.0,,,2.9715068095876513
2549,delivery,2550,6.02,1.4356,2847.0,3024.0,2580.0,,2.9715068095876513
2550,developing,2551,6.02,1.0971,,1628.0,2522.0,,2.9715068095876513
2551,doll,2552,6.02,1.943,2430.0,,,2642.0,2.9715068095876513
2552,download,2553,6.02,1.3476,824.0,,,,2.9715068095876513
2553,eggs,2554,6.02,1.9948,2348.0,3621.0,,4786.0,2.9715068095876513
2554,engineers,2555,6.02,1.1337,,4116.0,4235.0,,2.9715068095876513
2555,essential,2556,6.02,0.8919,4742.0,1079.0,3616.0,,2.9715068095876513
2556,fixed,2557,6.02,1.0593,2050.0,1163.0,,4088.0,2.9715068095876513
2557,float,2558,6.02,1.4068,,,,2258.0,2.9715068095876513
2558,fridge,2559,6.02,1.1156,3621.0,,,,2.9715068095876513
2559,fund-raising,2560,6.02,1.7437,,,,,2.9715068095876513
2560,inn,2561,6.02,1.237,4703.0,,,,2.9715068095876513
2561,jam,2562,6.02,2.0252,1856.0,,,1419.0,2.9715068095876513
2562,japanese,2563,6.02,1.5713,2172.0,1264.0,1005.0,,2.9715068095876513
2563,male,2564,6.02,1.3626,2564.0,1280.0,3016.0,3108.0,2.9715068095876513
2564,monetary,2565,6.02,1.3923,,4322.0,4656.0,,2.9715068095876513
2565,native,2566,6.02,1.4068,,1269.0,2406.0,,2.9715068095876513
2566,newspapers,2567,6.02,1.4637,,3368.0,2798.0,,2.9715068095876513
2567,objectives,2568,6.02,1.237,,2894.0,,,2.9715068095876513
2568,pregnancy,2569,6.02,2.2451,,3622.0,,,2.9715068095876513
2569,presence,2570,6.02,1.0593,4875.0,763.0,1928.0,2627.0,2.9715068095876513
2570,production,2571,6.02,1.2036,3214.0,461.0,569.0,,2.9715068095876513
2571,programs,2572,6.02,1.6349,3849.0,1232.0,695.0,,2.9715068095876513
2572,pub,2573,6.02,1.6962,2841.0,,,,2.9715068095876513
2573,quick,2574,6.02,1.6349,576.0,2592.0,2563.0,857.0,2.9715068095876513
2574,rare,2575,6.02,1.7201,2899.0,2120.0,2495.0,3508.0,2.9715068095876513
2575,records,2576,6.02,1.2856,2559.0,1434.0,1061.0,1940.0,2.9715068095876513
2576,retire,2577,6.02,1.8012,,,4863.0,,2.9715068095876513
2577,simple,2578,6.02,1.4637,1062.0,623.0,1943.0,860.0,2.9715068095876513
2578,sophisticated,2579,6.02,1.7553,,,4179.0,,2.9715068095876513
2579,teams,2580,6.02,1.1692,2746.0,,1368.0,,2.9715068095876513
2580,totally,2581,6.02,1.1156,565.0,3457.0,3942.0,3424.0,2.9715068095876513
2581,try,2582,6.02,0.9366,238.0,1017.0,769.0,151.0,2.9715068095876513
2582,unwind,2583,6.02,1.846,,,,4458.0,2.9715068095876513
2583,voting,2584,6.02,1.3775,2877.0,,2405.0,,2.9715068095876513
2584,walk,2585,6.02,1.5451,591.0,1795.0,1776.0,212.0,2.9715068095876513
2585,will,2586,6.02,1.3013,49.0,49.0,29.0,50.0,2.9715068095876513
2586,windows,2587,6.02,1.3923,1074.0,2280.0,2416.0,1816.0,2.9715068095876513
2587,wondering,2588,6.02,1.3476,852.0,,,1236.0,2.9715068095876513
2588,writes,2589,6.02,1.3775,,2868.0,1446.0,,2.9715068095876513
2589,xoxo,2590,6.02,1.7082,1871.0,,,,2.9715068095876513
2590,rains,2591,6.01,1.8722,,,,2663.0,2.925419810847594
2591,1990's,2592,6.0,1.5779,,,,,2.8793328121075374
2592,act,2593,6.0,1.2936,1119.0,292.0,905.0,671.0,2.8793328121075374
2593,adapted,2594,6.0,1.4142,,3561.0,,,2.8793328121075374
2594,alliance,2595,6.0,1.6537,,3227.0,2465.0,,2.8793328121075374
2595,allow,2596,6.0,1.4708,2622.0,1157.0,1085.0,3135.0,2.8793328121075374
2596,applicable,2597,6.0,1.0302,,3829.0,,,2.8793328121075374
2597,archives,2598,6.0,1.4425,,4712.0,,,2.8793328121075374
2598,attend,2599,6.0,0.9689,3178.0,3180.0,2667.0,,2.8793328121075374
2599,attending,2600,6.0,1.1066,4246.0,,4225.0,,2.8793328121075374
2600,automatic,2601,6.0,1.4732,,4641.0,,2993.0,2.8793328121075374
2601,automatically,2602,6.0,1.5584,,4966.0,,,2.8793328121075374
2602,avatar,2603,6.0,1.6288,1193.0,,,,2.8793328121075374
2603,beans,2604,6.0,1.6537,3168.0,,,4537.0,2.8793328121075374
2604,beliefs,2605,6.0,1.5138,,3068.0,,,2.8793328121075374
2605,bien,2606,6.0,1.4428,3059.0,,,1239.0,2.8793328121075374
2606,biggest,2607,6.0,1.3248,1225.0,,1583.0,2480.0,2.8793328121075374
2607,brew,2608,6.0,1.633,,,,4408.0,2.8793328121075374
2608,brook,2609,6.0,1.6413,,,3539.0,,2.8793328121075374
2609,cambridge,2610,6.0,1.4846,,1547.0,2226.0,,2.8793328121075374
2610,concentrations,2611,6.0,1.2882,,3837.0,,,2.8793328121075374
2611,conscience,2612,6.0,1.3401,,3350.0,,2590.0,2.8793328121075374
2612,continent,2613,6.0,1.2289,,3914.0,,,2.8793328121075374
2613,crimson,2614,6.0,1.5138,,,,4237.0,2.8793328121075374
2614,eighteenth,2615,6.0,1.4142,,3360.0,,,2.8793328121075374
2615,exactly,2616,6.0,1.7143,1157.0,1574.0,2352.0,1611.0,2.8793328121075374
2616,extend,2617,6.0,0.9035,,3071.0,939.0,,2.8793328121075374
2617,favor,2618,6.0,2.0603,619.0,2425.0,2179.0,2533.0,2.8793328121075374
2618,finale,2619,6.0,1.6162,4007.0,,,,2.8793328121075374
2619,find,2620,6.0,1.5779,214.0,240.0,419.0,129.0,2.8793328121075374
2620,fireplace,2621,6.0,1.8844,,,3681.0,,2.8793328121075374
2621,fixing,2622,6.0,1.069,4458.0,,,,2.8793328121075374
2622,glance,2623,6.0,1.178,,4368.0,,3106.0,2.8793328121075374
2623,global,2624,6.0,1.4846,1495.0,2191.0,1560.0,,2.8793328121075374
2624,ha,2625,6.0,1.5649,411.0,3781.0,,434.0,2.8793328121075374
2625,hands,2626,6.0,1.4846,977.0,510.0,1542.0,265.0,2.8793328121075374
2626,heating,2627,6.0,1.5779,,4451.0,,,2.8793328121075374
2627,indeed,2628,6.0,1.1952,1714.0,469.0,1360.0,2896.0,2.8793328121075374
2628,integral,2629,6.0,1.3093,,4699.0,,,2.8793328121075374
2629,itunes,2630,6.0,1.8952,1145.0,,,,2.8793328121075374
2630,japan,2631,6.0,1.3093,2433.0,1481.0,982.0,4945.0,2.8793328121075374
2631,jenny,2632,6.0,1.6811,,,,4351.0,2.8793328121075374
2632,king's,2633,6.0,1.8626,,2652.0,,,2.8793328121075374
2633,lawn,2634,6.0,1.2289,3868.0,,4398.0,4020.0,2.8793328121075374
2634,lighting,2635,6.0,1.4428,4756.0,,2353.0,,2.8793328121075374
2635,likewise,2636,6.0,1.2454,,2816.0,,,2.8793328121075374
2636,lmfao,2637,6.0,2.1285,1001.0,,,,2.8793328121075374
2637,make,2638,6.0,0.9897,86.0,127.0,127.0,61.0,2.8793328121075374
2638,meaning,2639,6.0,1.0498,2640.0,747.0,2844.0,1462.0,2.8793328121075374
2639,mega,2640,6.0,1.6413,3985.0,,,,2.8793328121075374
2640,metals,2641,6.0,1.354,,4125.0,,,2.8793328121075374
2641,mucho,2642,6.0,1.2617,3828.0,,,3016.0,2.8793328121075374
2642,nations,2643,6.0,1.5518,,1011.0,681.0,4204.0,2.8793328121075374
2643,network,2644,6.0,1.2778,991.0,1536.0,1136.0,,2.8793328121075374
2644,olive,2645,6.0,1.1429,4172.0,,,,2.8793328121075374
2645,opened,2646,6.0,1.2289,2462.0,1299.0,1312.0,1632.0,2.8793328121075374
2646,oregon,2647,6.0,1.178,4520.0,,4439.0,,2.8793328121075374
2647,owns,2648,6.0,1.2936,,,2063.0,,2.8793328121075374
2648,participants,2649,6.0,1.0302,,3415.0,3847.0,,2.8793328121075374
2649,pilot,2650,6.0,1.069,3948.0,4983.0,3377.0,,2.8793328121075374
2650,principle,2651,6.0,1.4846,,818.0,3855.0,,2.8793328121075374
2651,religion,2652,6.0,1.8295,3865.0,773.0,3056.0,2360.0,2.8793328121075374
2652,result,2653,6.0,1.1606,2961.0,360.0,888.0,,2.8793328121075374
2653,service,2654,6.0,1.1606,710.0,354.0,150.0,3671.0,2.8793328121075374
2654,sights,2655,6.0,1.4983,,,,3502.0,2.8793328121075374
2655,sites,2656,6.0,1.1606,1782.0,2198.0,1885.0,,2.8793328121075374
2656,sponsor,2657,6.0,1.4142,,,4896.0,,2.8793328121075374
2657,started,2658,6.0,1.069,560.0,1057.0,947.0,572.0,2.8793328121075374
2658,stereo,2659,6.0,1.2936,,,,3145.0,2.8793328121075374
2659,stores,2660,6.0,0.9689,2630.0,3589.0,999.0,,2.8793328121075374
2660,successor,2661,6.0,1.4428,,,4616.0,,2.8793328121075374
2661,survive,2662,6.0,1.7957,3209.0,4197.0,2973.0,977.0,2.8793328121075374
2662,surviving,2663,6.0,1.7496,,,2199.0,,2.8793328121075374
2663,today's,2664,6.0,0.9897,,,,,2.8793328121075374
2664,tuned,2665,6.0,0.9689,3629.0,,,,2.8793328121075374
2665,virgin,2666,6.0,1.5779,2189.0,,,3250.0,2.8793328121075374
2666,vista,2667,6.0,1.3851,3577.0,,,,2.8793328121075374
2667,walked,2668,6.0,0.9897,1825.0,1945.0,2684.0,716.0,2.8793328121075374
2668,2-car,2669,5.98,1.4213,,,,,2.7871588146274235
2669,action,2670,5.98,1.4213,1264.0,326.0,757.0,1566.0,2.7871588146274235
2670,afternoon,2671,5.98,1.237,831.0,2376.0,1645.0,2138.0,2.7871588146274235
2671,anytime,2672,5.98,1.2534,3042.0,,,1718.0,2.7871588146274235
2672,attempting,2673,5.98,0.9998,,4560.0,,,2.7871588146274235
2673,audience,2674,5.98,1.4356,3911.0,2071.0,1332.0,,2.7871588146274235
2674,august,2675,5.98,1.4356,4031.0,1081.0,543.0,,2.7871588146274235
2675,author,2676,5.98,1.3923,3084.0,904.0,362.0,,2.7871588146274235
2676,awww,2677,5.98,1.7784,1268.0,,,,2.7871588146274235
2677,bbc,2678,5.98,1.2534,1381.0,,,,2.7871588146274235
2678,began,2679,5.98,0.9581,,452.0,550.0,1531.0,2.7871588146274235
2679,biography,2680,5.98,1.4497,,,3013.0,,2.7871588146274235
2680,broadcast,2681,5.98,1.2856,4704.0,,2317.0,,2.7871588146274235
2681,canada,2682,5.98,1.5318,1176.0,1758.0,1720.0,,2.7871588146274235
2682,communities,2683,5.98,1.3169,,1935.0,2600.0,,2.7871588146274235
2683,contributor,2684,5.98,1.3476,,,1626.0,,2.7871588146274235
2684,creatures,2685,5.98,1.3775,,4230.0,,3733.0,2.7871588146274235
2685,declaration,2686,5.98,1.2204,,3111.0,,,2.7871588146274235
2686,dell,2687,5.98,1.4068,3776.0,,,,2.7871588146274235
2687,dialogue,2688,5.98,1.237,,4045.0,4160.0,,2.7871588146274235
2688,drum,2689,5.98,1.3775,,,,1881.0,2.7871588146274235
2689,ebook,2690,5.98,1.4356,4192.0,,,,2.7871588146274235
2690,egg,2691,5.98,1.4356,1688.0,4556.0,,,2.7871588146274235
2691,explained,2692,5.98,1.3169,,1571.0,2818.0,,2.7871588146274235
2692,fabric,2693,5.98,1.0971,4616.0,,,,2.7871588146274235
2693,father-in-law,2694,5.98,1.8125,,,,,2.7871588146274235
2694,feature,2695,5.98,1.1692,2398.0,1985.0,2770.0,,2.7871588146274235
2695,ferry,2696,5.98,1.2856,,,3530.0,,2.7871588146274235
2696,fingertips,2697,5.98,1.1337,,,,4648.0,2.7871588146274235
2697,flash,2698,5.98,1.0398,1770.0,,,1918.0,2.7871588146274235
2698,flights,2699,5.98,1.8897,4414.0,,3352.0,,2.7871588146274235
2699,folk,2700,5.98,1.4356,3899.0,3833.0,3793.0,4027.0,2.7871588146274235
2700,gathered,2701,5.98,1.3169,,3032.0,4441.0,3924.0,2.7871588146274235
2701,grammys,2702,5.98,1.4497,4637.0,,,,2.7871588146274235
2702,heh,2703,5.98,1.2696,2673.0,,,3553.0,2.7871588146274235
2703,hill,2704,5.98,1.3923,1547.0,1287.0,883.0,1114.0,2.7871588146274235
2704,http,2705,5.98,1.2534,,4268.0,,,2.7871588146274235
2705,identity,2706,5.98,1.1156,3437.0,1569.0,3481.0,,2.7871588146274235
2706,informal,2707,5.98,1.4497,,4977.0,,,2.7871588146274235
2707,ireland,2708,5.98,1.3626,4067.0,2192.0,3074.0,,2.7871588146274235
2708,java,2709,5.98,1.5583,4683.0,,,,2.7871588146274235
2709,july,2710,5.98,1.6962,4224.0,890.0,248.0,3741.0,2.7871588146274235
2710,keys,2711,5.98,1.2036,2120.0,,,1577.0,2.7871588146274235
2711,lego,2712,5.98,1.2696,4949.0,,,,2.7871588146274235
2712,lessons,2713,5.98,1.3775,2860.0,4002.0,3955.0,3364.0,2.7871588146274235
2713,looks,2714,5.98,1.3775,299.0,2053.0,1728.0,650.0,2.7871588146274235
2714,macbook,2715,5.98,1.5185,1922.0,,,,2.7871588146274235
2715,mcdonalds,2716,5.98,2.3342,3831.0,,,,2.7871588146274235
2716,meets,2717,5.98,1.0971,3882.0,,3296.0,3125.0,2.7871588146274235
2717,messages,2718,5.98,0.9366,2447.0,4203.0,3880.0,,2.7871588146274235
2718,national,2719,5.98,1.1516,1113.0,257.0,135.0,,2.7871588146274235
2719,netherlands,2720,5.98,1.3323,,4950.0,4722.0,,2.7871588146274235
2720,nintendo,2721,5.98,1.7319,3817.0,,,,2.7871588146274235
2721,normal,2722,5.98,1.0784,1467.0,655.0,2435.0,3062.0,2.7871588146274235
2722,nyc,2723,5.98,1.5842,1249.0,,922.0,,2.7871588146274235
2723,organization,2724,5.98,1.1337,,710.0,758.0,,2.7871588146274235
2724,originally,2725,5.98,1.1337,,2364.0,3164.0,,2.7871588146274235
2725,ours,2726,5.98,1.4356,4724.0,,,2400.0,2.7871588146274235
2726,ourselves,2727,5.98,1.3323,3933.0,1736.0,3617.0,1580.0,2.7871588146274235
2727,pairs,2728,5.98,1.1692,,4500.0,,,2.7871588146274235
2728,pic,2729,5.98,1.1692,629.0,,,,2.7871588146274235
2729,planned,2730,5.98,1.2696,2713.0,2870.0,1022.0,2298.0,2.7871588146274235
2730,pop,2731,5.98,1.237,1245.0,,1386.0,712.0,2.7871588146274235
2731,prose,2732,5.98,1.505,,4610.0,,,2.7871588146274235
2732,recordings,2733,5.98,1.237,,,3342.0,,2.7871588146274235
2733,represented,2734,5.98,1.1692,,1274.0,1922.0,,2.7871588146274235
2734,robin,2735,5.98,1.2204,3542.0,,2653.0,3929.0,2.7871588146274235
2735,schools,2736,5.98,1.4356,2593.0,742.0,680.0,,2.7871588146274235
2736,singapore,2737,5.98,1.7899,4672.0,,,,2.7871588146274235
2737,sounds,2738,5.98,1.2036,398.0,2664.0,2774.0,1005.0,2.7871588146274235
2738,specialized,2739,5.98,1.3323,,4964.0,,,2.7871588146274235
2739,store,2740,5.98,0.9792,654.0,2151.0,1145.0,1350.0,2.7871588146274235
2740,sweater,2741,5.98,1.4776,4275.0,,,,2.7871588146274235
2741,tonight's,2742,5.98,1.4068,,,,,2.7871588146274235
2742,train,2743,5.98,1.4913,950.0,2033.0,1751.0,635.0,2.7871588146274235
2743,triple,2744,5.98,1.1337,4713.0,,,3307.0,2.7871588146274235
2744,wing,2745,5.98,1.1516,4892.0,3399.0,3603.0,3047.0,2.7871588146274235
2745,faire,2746,5.98,1.5068,,,,3849.0,2.7871588146274235
2746,lasts,2747,5.98,1.7617,,,,3181.0,2.7871588146274235
2747,nana,2748,5.98,1.7617,,,,3914.0,2.7871588146274235
2748,precisely,2749,5.98,1.2827,,2518.0,,,2.7871588146274235
2749,probable,2750,5.98,1.3306,,3001.0,,,2.7871588146274235
2750,refer,2751,5.98,1.1085,,2257.0,,,2.7871588146274235
2751,spoon,2752,5.98,1.5477,,,,4277.0,2.7871588146274235
2752,similarly,2753,5.98,1.0816,,2136.0,,,2.7871588146274235
2753,glimpse,2754,5.98,1.1701,,,,4445.0,2.7871588146274235
2754,souls,2755,5.98,1.713,,3582.0,,1144.0,2.7871588146274235
2755,above,2756,5.96,0.9026,2102.0,256.0,941.0,493.0,2.694984817147305
2756,academic,2757,5.96,1.5644,,2112.0,2893.0,,2.694984817147305
2757,allowed,2758,5.96,1.7375,2340.0,974.0,1162.0,3618.0,2.694984817147305
2758,assistance,2759,5.96,1.428,,1703.0,2656.0,,2.694984817147305
2759,authorized,2760,5.96,1.5513,,4748.0,,,2.694984817147305
2760,bacon,2761,5.96,2.0698,2006.0,,,,2.694984817147305
2761,bay,2762,5.96,1.4978,1686.0,2241.0,1272.0,2066.0,2.694984817147305
2762,bf,2763,5.96,1.6283,2765.0,,,,2.694984817147305
2763,body,2764,5.96,1.0294,450.0,262.0,1207.0,323.0,2.694984817147305
2764,collected,2765,5.96,1.1599,,2187.0,4314.0,,2.694984817147305
2765,convinced,2766,5.96,0.9681,4487.0,3015.0,3821.0,4516.0,2.694984817147305
2766,destined,2767,5.96,1.4563,,,,4548.0,2.694984817147305
2767,discuss,2768,5.96,1.2282,3307.0,2321.0,2047.0,,2.694984817147305
2768,driven,2769,5.96,1.2771,,2396.0,3904.0,3305.0,2.694984817147305
2769,everyone's,2770,5.96,1.261,,,,,2.694984817147305
2770,everything,2771,5.96,1.293,386.0,803.0,964.0,161.0,2.694984817147305
2771,fav,2772,5.96,1.9479,1431.0,,,,2.694984817147305
2772,features,2773,5.96,1.2115,2887.0,1149.0,2733.0,,2.694984817147305
2773,flickr,2774,5.96,1.1945,3524.0,,,,2.694984817147305
2774,french,2775,5.96,1.5381,1348.0,460.0,826.0,3099.0,2.694984817147305
2775,gig,2776,5.96,1.3991,2700.0,,,,2.694984817147305
2776,gracias,2777,5.96,1.5381,4196.0,,,,2.694984817147305
2777,gym,2778,5.96,1.5113,942.0,,,,2.694984817147305
2778,head,2779,5.96,1.0683,330.0,300.0,568.0,158.0,2.694984817147305
2779,heels,2780,5.96,1.1241,3450.0,,,2624.0,2.694984817147305
2780,hundreds,2781,5.96,1.6655,3777.0,3366.0,1783.0,,2.694984817147305
2781,including,2782,5.96,0.9026,2028.0,506.0,282.0,,2.694984817147305
2782,islanders,2783,5.96,1.293,,,4654.0,,2.694984817147305
2783,jeep,2784,5.96,1.7375,,,,4418.0,2.694984817147305
2784,job,2785,5.96,1.7257,339.0,912.0,522.0,922.0,2.694984817147305
2785,largely,2786,5.96,1.0294,,1476.0,2039.0,,2.694984817147305
2786,made,2787,5.96,1.0683,193.0,87.0,100.0,176.0,2.694984817147305
2787,mambo,2788,5.96,1.7257,,,,3711.0,2.694984817147305
2788,match,2789,5.96,0.9889,1665.0,3540.0,1673.0,2203.0,2.694984817147305
2789,memoir,2790,5.96,1.2447,,,3737.0,,2.694984817147305
2790,mighty,2791,5.96,1.3087,2710.0,4242.0,,1312.0,2.694984817147305
2791,mmmmm,2792,5.96,1.8622,4608.0,,,,2.694984817147305
2792,net,2793,5.96,1.0294,1763.0,1700.0,477.0,2824.0,2.694984817147305
2793,netflix,2794,5.96,1.8731,4070.0,,,,2.694984817147305
2794,players,2795,5.96,1.6157,2217.0,4284.0,743.0,3204.0,2.694984817147305
2795,potentially,2796,5.96,1.5113,,,4783.0,,2.694984817147305
2796,presently,2797,5.96,1.261,,4327.0,,,2.694984817147305
2797,proof,2798,5.96,1.0683,2962.0,1973.0,4903.0,2069.0,2.694984817147305
2798,reaches,2799,5.96,1.3696,,4344.0,,,2.694984817147305
2799,reflecting,2800,5.96,1.2282,,,4661.0,,2.694984817147305
2800,related,2801,5.96,1.261,2468.0,670.0,1084.0,,2.694984817147305
2801,releases,2802,5.96,1.4702,4140.0,,,,2.694984817147305
2802,reveal,2803,5.96,1.3547,,3515.0,,3015.0,2.694984817147305
2803,reveals,2804,5.96,1.4702,,4204.0,,,2.694984817147305
2804,rocks,2805,5.96,1.4841,1730.0,2637.0,,1259.0,2.694984817147305
2805,roommate,2806,5.96,1.5513,4976.0,,,,2.694984817147305
2806,season,2807,5.96,1.1421,544.0,2102.0,360.0,1975.0,2.694984817147305
2807,selection,2808,5.96,1.293,4627.0,1764.0,3054.0,,2.694984817147305
2808,ship,2809,5.96,1.2282,1807.0,1436.0,3096.0,1489.0,2.694984817147305
2809,ships,2810,5.96,1.0093,,2004.0,4621.0,3453.0,2.694984817147305
2810,similar,2811,5.96,1.0872,2920.0,440.0,1077.0,,2.694984817147305
2811,space,2812,5.96,1.0093,571.0,614.0,724.0,740.0,2.694984817147305
2812,stadium,2813,5.96,1.5774,4613.0,,2187.0,,2.694984817147305
2813,starts,2814,5.96,1.1945,1061.0,4745.0,2341.0,959.0,2.694984817147305
2814,taught,2815,5.96,1.4563,3674.0,1831.0,2286.0,1281.0,2.694984817147305
2815,world's,2816,5.96,1.3395,,4005.0,,,2.694984817147305
2816,writer,2817,5.96,1.5381,1859.0,1721.0,232.0,,2.694984817147305
2817,yep,2818,5.96,1.6655,1351.0,,,4462.0,2.694984817147305
2818,justify,2819,5.96,1.3379,,4334.0,,3844.0,2.694984817147305
2819,pupil,2820,5.96,1.3838,,4447.0,,,2.694984817147305
2820,spreading,2821,5.96,1.3064,,,,3956.0,2.694984817147305
2821,wales,2822,5.96,1.4994,,4131.0,,,2.694984817147305
2822,whoo,2823,5.96,1.6951,,,,2463.0,2.694984817147305
2823,deeds,2824,5.96,1.3202,,4991.0,,4797.0,2.694984817147305
2824,exhibit,2825,5.96,1.2541,,3770.0,,,2.694984817147305
2825,fiddle,2826,5.96,1.7254,,,,4801.0,2.694984817147305
2826,exceed,2827,5.96,1.5174,,4839.0,,,2.694984817147305
2827,3d,2828,5.94,1.6088,,,,,2.6028108196671913
2828,alternative,2829,5.94,1.3911,3603.0,1714.0,2322.0,,2.6028108196671913
2829,approach,2830,5.94,1.1678,4478.0,622.0,1451.0,4601.0,2.6028108196671913
2830,awe,2831,5.94,2.0938,4655.0,,,,2.6028108196671913
2831,ballet,2832,5.94,1.5832,,,1725.0,,2.6028108196671913
2832,begins,2833,5.94,1.1502,2330.0,2091.0,1831.0,1513.0,2.6028108196671913
2833,building,2834,5.94,1.1141,650.0,640.0,433.0,1793.0,2.6028108196671913
2834,business,2835,5.94,1.4626,416.0,339.0,97.0,1134.0,2.6028108196671913
2835,carpet,2836,5.94,1.1502,2891.0,,,3921.0,2.6028108196671913
2836,chick,2837,5.94,1.6464,1593.0,,,1444.0,2.6028108196671913
2837,choose,2838,5.94,1.1851,1522.0,1900.0,2418.0,868.0,2.6028108196671913
2838,consent,2839,5.94,1.2191,,2862.0,,,2.6028108196671913
2839,continental,2840,5.94,1.1141,,4689.0,4181.0,,2.6028108196671913
2840,correspondence,2841,5.94,1.3157,,3136.0,,,2.6028108196671913
2841,custom,2842,5.94,0.9127,1696.0,2808.0,,,2.6028108196671913
2842,decided,2843,5.94,1.3911,1089.0,1162.0,1100.0,2565.0,2.6028108196671913
2843,diary,2844,5.94,1.1502,,4940.0,2518.0,,2.6028108196671913
2844,echo,2845,5.94,1.2357,,,,2374.0,2.6028108196671913
2845,elevation,2846,5.94,1.5174,,4795.0,,,2.6028108196671913
2846,european,2847,5.94,1.1678,4005.0,841.0,868.0,,2.6028108196671913
2847,exports,2848,5.94,1.2191,,3718.0,3882.0,,2.6028108196671913
2848,finds,2849,5.94,1.2521,2627.0,2426.0,3254.0,2958.0,2.6028108196671913
2849,forum,2850,5.94,1.2521,2496.0,,3099.0,,2.6028108196671913
2850,framework,2851,5.94,1.0577,,2509.0,,,2.6028108196671913
2851,frank,2852,5.94,1.3001,3134.0,2511.0,655.0,3972.0,2.6028108196671913
2852,gather,2853,5.94,1.0768,,,,2098.0,2.6028108196671913
2853,germany,2854,5.94,1.5703,3361.0,1076.0,1098.0,,2.6028108196671913
2854,image,2855,5.94,1.6587,2108.0,995.0,1723.0,2366.0,2.6028108196671913
2855,impression,2856,5.94,1.0768,,2360.0,4505.0,,2.6028108196671913
2856,include,2857,5.94,1.2022,3228.0,750.0,443.0,,2.6028108196671913
2857,inherent,2858,5.94,1.3763,,4249.0,,,2.6028108196671913
2858,intention,2859,5.94,1.2843,,2546.0,,,2.6028108196671913
2859,investor,2860,5.94,1.3001,,,3470.0,,2.6028108196671913
2860,jet,2861,5.94,1.634,2928.0,,4193.0,2776.0,2.6028108196671913
2861,joyce,2862,5.94,1.5174,,,2650.0,,2.6028108196671913
2862,kings,2863,5.94,1.5308,2960.0,2949.0,3735.0,1820.0,2.6028108196671913
2863,knew,2864,5.94,1.3001,745.0,512.0,844.0,289.0,2.6028108196671913
2864,larger,2865,5.94,1.5308,,897.0,1740.0,,2.6028108196671913
2865,letter,2866,5.94,1.0956,1198.0,519.0,984.0,1194.0,2.6028108196671913
2866,listen,2867,5.94,1.4344,539.0,2833.0,3893.0,361.0,2.6028108196671913
2867,looking,2868,5.94,0.9775,215.0,777.0,772.0,294.0,2.6028108196671913
2868,mba,2869,5.94,1.834,,,2498.0,,2.6028108196671913
2869,member,2870,5.94,1.1141,2164.0,797.0,269.0,,2.6028108196671913
2870,men,2871,5.94,1.3911,608.0,131.0,496.0,521.0,2.6028108196671913
2871,movement,2872,5.94,0.9348,3350.0,555.0,1428.0,3889.0,2.6028108196671913
2872,nation's,2873,5.94,1.544,,,,,2.6028108196671913
2873,obama,2874,5.94,2.161,488.0,,,,2.6028108196671913
2874,ok,2875,5.94,1.731,221.0,,,750.0,2.6028108196671913
2875,oooh,2876,5.94,1.7192,2857.0,,,906.0,2.6028108196671913
2876,option,2877,5.94,1.3911,1473.0,3429.0,2526.0,,2.6028108196671913
2877,phoenix,2878,5.94,1.6088,3284.0,,3158.0,,2.6028108196671913
2878,player,2879,5.94,1.6214,1505.0,4963.0,1062.0,2041.0,2.6028108196671913
2879,portfolio,2880,5.94,1.4344,,,4653.0,,2.6028108196671913
2880,preparations,2881,5.94,1.4057,,4525.0,,,2.6028108196671913
2881,presidential,2882,5.94,1.5174,,4939.0,1261.0,,2.6028108196671913
2882,prom,2883,5.94,1.3763,4876.0,,,,2.6028108196671913
2883,proper,2884,5.94,1.3911,2979.0,932.0,3883.0,3696.0,2.6028108196671913
2884,pulse,2885,5.94,1.3311,,4070.0,3699.0,4579.0,2.6028108196671913
2885,reality,2886,5.94,1.6464,1619.0,1095.0,2223.0,1072.0,2.6028108196671913
2886,regularly,2887,5.94,0.8668,,3811.0,4075.0,,2.6028108196671913
2887,reservations,2888,5.94,1.4626,,,3186.0,,2.6028108196671913
2888,salmon,2889,5.94,1.7072,,,4856.0,,2.6028108196671913
2889,scene,2890,5.94,1.3311,1609.0,1364.0,1315.0,934.0,2.6028108196671913
2890,societies,2891,5.94,1.3614,,2283.0,,,2.6028108196671913
2891,submitted,2892,5.94,1.3001,,3822.0,,,2.6028108196671913
2892,substantial,2893,5.94,1.0956,,2418.0,3214.0,,2.6028108196671913
2893,swift,2894,5.94,1.2683,1100.0,,,3828.0,2.6028108196671913
2894,technique,2895,5.94,0.9982,,1830.0,4721.0,,2.6028108196671913
2895,thnx,2896,5.94,1.6088,,,,,2.6028108196671913
2896,thx,2897,5.94,1.5174,1320.0,,,,2.6028108196671913
2897,tide,2898,5.94,1.2357,,4789.0,,1787.0,2.6028108196671913
2898,trends,2899,5.94,1.2843,4336.0,3807.0,3607.0,,2.6028108196671913
2899,visual,2900,5.94,1.6832,,2301.0,4379.0,,2.6028108196671913
2900,wallet,2901,5.94,1.0577,4862.0,,,,2.6028108196671913
2901,wear,2902,5.94,1.3911,846.0,3010.0,2717.0,773.0,2.6028108196671913
2902,formation,2903,5.94,1.2521,,1205.0,,,2.6028108196671913
2903,cloth,2904,5.94,1.1256,,3005.0,,,2.6028108196671913
2904,delicate,2905,5.94,1.5331,,4111.0,,,2.6028108196671913
2905,echoes,2906,5.94,1.3135,,,,3083.0,2.6028108196671913
2906,geography,2907,5.94,1.4202,,4920.0,,,2.6028108196671913
2907,processing,2908,5.94,1.4055,,2362.0,,,2.6028108196671913
2908,swinging,2909,5.94,1.4055,,,,3244.0,2.6028108196671913
2909,1970's,2910,5.92,1.6517,,,,,2.510636822187073
2910,aides,2911,5.92,1.3827,,,2670.0,,2.510636822187073
2911,bank,2912,5.92,1.6268,1186.0,814.0,379.0,1818.0,2.510636822187073
2912,banks,2913,5.92,1.2428,3085.0,1752.0,1138.0,3155.0,2.510636822187073
2913,beer,2914,5.92,2.3891,839.0,4924.0,3960.0,1413.0,2.510636822187073
2914,boobs,2915,5.92,2.1366,4617.0,,,,2.510636822187073
2915,capital,2916,5.92,1.2428,3384.0,641.0,799.0,,2.510636822187073
2916,chapters,2917,5.92,1.1753,,2574.0,,,2.510636822187073
2917,chicks,2918,5.92,1.8499,3044.0,,,1845.0,2.510636822187073
2918,chiefs,2919,5.92,1.3974,,4752.0,,,2.510636822187073
2919,christianity,2920,5.92,2.2663,,2554.0,,,2.510636822187073
2920,citizen,2921,5.92,1.3827,,3541.0,4066.0,,2.510636822187073
2921,collections,2922,5.92,1.6517,,4784.0,4538.0,,2.510636822187073
2922,conclude,2923,5.92,1.3827,,3823.0,,,2.510636822187073
2923,constant,2924,5.92,1.14,,997.0,4670.0,3194.0,2.510636822187073
2924,covered,2925,5.92,1.0069,2337.0,1260.0,2314.0,1926.0,2.510636822187073
2925,devices,2926,5.92,1.1753,,2918.0,3720.0,,2.510636822187073
2926,diagram,2927,5.92,1.2095,,3490.0,,,2.510636822187073
2927,directors,2928,5.92,1.3827,,3855.0,1203.0,,2.510636822187073
2928,doubtless,2929,5.92,1.5365,,4612.0,,,2.510636822187073
2929,equity,2930,5.92,1.6762,,4205.0,2388.0,,2.510636822187073
2930,fields,2931,5.92,1.2428,,1448.0,2880.0,1757.0,2.510636822187073
2931,florence,2932,5.92,1.8609,,,2652.0,,2.510636822187073
2932,forecast,2933,5.92,1.122,3651.0,,,,2.510636822187073
2933,get,2934,5.92,1.085,35.0,213.0,134.0,35.0,2.510636822187073
2934,group,2935,5.92,1.2095,757.0,234.0,179.0,3079.0,2.510636822187073
2935,guy,2936,5.92,1.3377,347.0,4495.0,1640.0,666.0,2.510636822187073
2936,hah,2937,5.92,1.664,2566.0,,,2640.0,2.510636822187073
2937,harvard,2938,5.92,1.7825,,3438.0,1133.0,,2.510636822187073
2938,historic,2939,5.92,1.5758,,4584.0,2428.0,,2.510636822187073
2939,i,2940,5.92,1.3377,2.0,18.0,35.0,2.0,2.510636822187073
2940,laboratory,2941,5.92,1.7124,,2390.0,3349.0,,2.510636822187073
2941,linux,2942,5.92,1.5628,3870.0,,,,2.510636822187073
2942,opens,2943,5.92,1.2752,2997.0,,2872.0,4058.0,2.510636822187073
2943,orlando,2944,5.92,1.4119,3093.0,,4425.0,,2.510636822187073
2944,pants,2945,5.92,1.14,1420.0,,,1650.0,2.510636822187073
2945,patterns,2946,5.92,1.066,,1555.0,4319.0,,2.510636822187073
2946,private,2947,5.92,1.3529,1953.0,584.0,391.0,2331.0,2.510636822187073
2947,publishing,2948,5.92,1.1753,,3250.0,2434.0,,2.510636822187073
2948,raining,2949,5.92,2.165,2007.0,,,2333.0,2.510636822187073
2949,residential,2950,5.92,1.4405,,,3299.0,,2.510636822187073
2950,retirement,2951,5.92,2.1174,,4785.0,1376.0,,2.510636822187073
2951,runnin,2952,5.92,1.4546,,,,1486.0,2.510636822187073
2952,salon,2953,5.92,1.3679,,,,,2.510636822187073
2953,sends,2954,5.92,0.9223,4855.0,,,4315.0,2.510636822187073
2954,shorts,2955,5.92,1.2591,3599.0,,,,2.510636822187073
2955,shown,2956,5.92,1.066,,454.0,1152.0,2681.0,2.510636822187073
2956,skinny,2957,5.92,1.5232,3032.0,,,3840.0,2.510636822187073
2957,solid,2958,5.92,1.122,2651.0,1803.0,3511.0,2659.0,2.510636822187073
2958,stoked,2959,5.92,1.7004,3907.0,,,,2.510636822187073
2959,substantially,2960,5.92,1.3068,,4969.0,,,2.510636822187073
2960,teen,2961,5.92,1.9361,2220.0,,,,2.510636822187073
2961,theatrical,2962,5.92,1.2752,,,4979.0,,2.510636822187073
2962,toyota,2963,5.92,1.4824,4359.0,,,,2.510636822187073
2963,translated,2964,5.92,1.085,,2937.0,4565.0,,2.510636822187073
2964,tribe,2965,5.92,1.3679,,4175.0,,,2.510636822187073
2965,umbrella,2966,5.92,1.2911,4219.0,,,,2.510636822187073
2966,vienna,2967,5.92,1.771,,,4760.0,,2.510636822187073
2967,views,2968,5.92,1.0069,3476.0,1354.0,2061.0,,2.510636822187073
2968,viva,2969,5.92,1.7124,,,,4109.0,2.510636822187073
2969,washed,2970,5.92,1.5497,4729.0,,,2279.0,2.510636822187073
2970,wholly,2971,5.92,1.14,,2827.0,,,2.510636822187073
2971,alternatives,2972,5.92,1.4696,,4929.0,,,2.510636822187073
2972,applies,2973,5.92,1.336,,3899.0,,,2.510636822187073
2973,generated,2974,5.92,1.2884,,3165.0,,,2.510636822187073
2974,merchant,2975,5.92,1.1518,,3973.0,,,2.510636822187073
2975,missionary,2976,5.92,1.9022,,4472.0,,,2.510636822187073
2976,vine,2977,5.92,1.2721,,,,4066.0,2.510636822187073
2977,vive,2978,5.91,1.3416,,,,4815.0,2.464549823447016
2978,add,2979,5.9,0.9742,758.0,1276.0,1595.0,2394.0,2.4184628247069586
2979,addition,2980,5.9,1.2976,,694.0,682.0,,2.4184628247069586
2980,alike,2981,5.9,1.5152,,3630.0,,,2.4184628247069586
2981,attributed,2982,5.9,1.4321,,3578.0,3315.0,,2.4184628247069586
2982,blu-ray,2983,5.9,1.3887,,,,,2.4184628247069586
2983,both,2984,5.9,1.0351,476.0,117.0,154.0,550.0,2.4184628247069586
2984,brought,2985,5.9,1.3286,1438.0,426.0,909.0,903.0,2.4184628247069586
2985,buyers,2986,5.9,1.165,,,3418.0,,2.4184628247069586
2986,chillin,2987,5.9,1.6933,1350.0,,,3624.0,2.4184628247069586
2987,co-op,2988,5.9,1.3439,,,,,2.4184628247069586
2988,conception,2989,5.9,1.3286,,2344.0,,,2.4184628247069586
2989,conclusions,2990,5.9,1.2164,,2812.0,,,2.4184628247069586
2990,considered,2991,5.9,1.0738,3689.0,485.0,1249.0,,2.4184628247069586
2991,daughter-in-law,2992,5.9,1.5551,,,,,2.4184628247069586
2992,diaries,2993,5.9,1.3887,3701.0,,,,2.4184628247069586
2993,dividend,2994,5.9,1.8979,,,2699.0,,2.4184628247069586
2994,doe,2995,5.9,1.6444,4058.0,,,2048.0,2.4184628247069586
2995,establish,2996,5.9,1.5152,,1798.0,3150.0,,2.4184628247069586
2996,exist,2997,5.9,1.6812,3408.0,1355.0,4295.0,2336.0,2.4184628247069586
2997,existence,2998,5.9,1.2495,,843.0,4984.0,2990.0,2.4184628247069586
2998,expect,2999,5.9,0.9742,1611.0,1695.0,1339.0,1691.0,2.4184628247069586
2999,fact,3000,5.9,1.3286,997.0,208.0,737.0,939.0,2.4184628247069586
3000,featured,3001,5.9,1.0738,2778.0,,4549.0,,2.4184628247069586
3001,feel,3002,5.9,1.1294,140.0,607.0,610.0,71.0,2.4184628247069586
3002,gin,3003,5.9,1.8098,,,,2876.0,2.4184628247069586
3003,grew,3004,5.9,1.3286,4178.0,2000.0,1969.0,1676.0,2.4184628247069586
3004,hand,3005,5.9,1.0738,475.0,209.0,912.0,201.0,2.4184628247069586
3005,hosting,3006,5.9,1.3887,2486.0,,,,2.4184628247069586
3006,legacy,3007,5.9,1.6067,,,2814.0,,2.4184628247069586
3007,letters,3008,5.9,1.4178,3459.0,884.0,1117.0,2136.0,2.4184628247069586
3008,lip,3009,5.9,1.0738,3842.0,,,2513.0,2.4184628247069586
3009,lolz,3010,5.9,1.5551,2918.0,,,,2.4184628247069586
3010,magazine,3011,5.9,1.669,1743.0,2882.0,675.0,2953.0,2.4184628247069586
3011,majority,3012,5.9,1.1112,4945.0,1171.0,1327.0,,2.4184628247069586
3012,mall,3013,5.9,1.4033,1509.0,,4746.0,3066.0,2.4184628247069586
3013,man,3014,5.9,1.4033,72.0,108.0,285.0,78.0,2.4184628247069586
3014,modest,3015,5.9,1.4178,,4962.0,3362.0,,2.4184628247069586
3015,naked,3016,5.9,2.2879,1317.0,4908.0,,1343.0,2.4184628247069586
3016,neighbors,3017,5.9,1.594,3194.0,,2764.0,3586.0,2.4184628247069586
3017,nokia,3018,5.9,1.374,3626.0,,,,2.4184628247069586
3018,notebook,3019,5.9,1.3887,4787.0,,798.0,,2.4184628247069586
3019,now,3020,5.9,1.374,39.0,92.0,91.0,34.0,2.4184628247069586
3020,pass,3021,5.9,1.4321,968.0,1025.0,1509.0,557.0,2.4184628247069586
3021,peak,3022,5.9,1.594,,3239.0,4983.0,4314.0,2.4184628247069586
3022,permit,3023,5.9,0.9742,,2649.0,3678.0,,2.4184628247069586
3023,personally,3024,5.9,1.0738,3457.0,4157.0,4544.0,,2.4184628247069586
3024,planes,3025,5.9,1.6812,,,3386.0,4767.0,2.4184628247069586
3025,ratings,3026,5.9,1.2657,,,3187.0,,2.4184628247069586
3026,recording,3027,5.9,1.1473,2854.0,3905.0,3510.0,,2.4184628247069586
3027,replies,3028,5.9,0.953,4330.0,,,,2.4184628247069586
3028,results,3029,5.9,1.374,1768.0,419.0,381.0,,2.4184628247069586
3029,retail,3030,5.9,1.0351,3375.0,,2059.0,,2.4184628247069586
3030,scenes,3031,5.9,1.2164,3926.0,3506.0,3543.0,4083.0,2.4184628247069586
3031,scores,3032,5.9,1.1294,4814.0,3518.0,3265.0,,2.4184628247069586
3032,seattle,3033,5.9,1.2657,2250.0,,1932.0,,2.4184628247069586
3033,settlement,3034,5.9,1.5017,,1979.0,1287.0,,2.4184628247069586
3034,speak,3035,5.9,1.2164,1188.0,905.0,1856.0,604.0,2.4184628247069586
3035,stanford,3036,5.9,1.7642,,,3081.0,,2.4184628247069586
3036,strategic,3037,5.9,1.4743,,3344.0,3356.0,,2.4184628247069586
3037,symbols,3038,5.9,1.1112,,3639.0,,,2.4184628247069586
3038,talked,3039,5.9,1.2657,2114.0,3067.0,3105.0,2249.0,2.4184628247069586
3039,thousand,3040,5.9,0.8631,3932.0,949.0,4842.0,739.0,2.4184628247069586
3040,twenty,3041,5.9,1.0546,,620.0,,1579.0,2.4184628247069586
3041,winter,3042,5.9,2.1783,785.0,1508.0,1459.0,1062.0,2.4184628247069586
3042,yeah,3043,5.9,1.1473,192.0,,,64.0,2.4184628247069586
3043,angle,3044,5.9,1.3578,,2118.0,,,2.4184628247069586
3044,bun,3045,5.9,1.3881,,,,3399.0,2.4184628247069586
3045,displayed,3046,5.9,1.1039,,3897.0,,,2.4184628247069586
3046,dolly,3047,5.9,1.3423,,,,3803.0,2.4184628247069586
3047,illustrate,3048,5.9,1.4895,,3979.0,,,2.4184628247069586
3048,pockets,3049,5.9,1.4178,,,,2377.0,2.4184628247069586
3049,puppet,3050,5.9,1.7588,,,,4261.0,2.4184628247069586
3050,sensory,3051,5.9,1.3423,,4954.0,,,2.4184628247069586
3051,grande,3052,5.9,1.4621,,,,3571.0,2.4184628247069586
3052,mixture,3053,5.9,1.2071,,2744.0,,,2.4184628247069586
3053,myth,3054,5.9,1.4178,,4209.0,,,2.4184628247069586
3054,admiral,3055,5.89,1.4024,,4925.0,,,2.3723758259668974
3055,intensity,3056,5.89,1.3061,,2560.0,,,2.3723758259668974
3056,access,3057,5.88,1.2558,2090.0,1311.0,1545.0,,2.3262888272268407
3057,adobe,3058,5.88,1.2395,3826.0,,,,2.3262888272268407
3058,airport,3059,5.88,1.8477,1133.0,,1798.0,,2.3262888272268407
3059,allied,3060,5.88,1.1542,,4154.0,4862.0,,2.3262888272268407
3060,applications,3061,5.88,1.0622,4676.0,2047.0,4376.0,,2.3262888272268407
3061,architects,3062,5.88,1.3797,,,4640.0,,2.3262888272268407
3062,audio,3063,5.88,1.8805,2384.0,,,,2.3262888272268407
3063,austria,3064,5.88,1.2879,,4236.0,,,2.3262888272268407
3064,celeb,3065,5.88,1.4658,4044.0,,,,2.3262888272268407
3065,chosen,3066,5.88,1.1183,,1765.0,2725.0,2286.0,2.3262888272268407
3066,city's,3067,5.88,1.272,,,,,2.3262888272268407
3067,coordinator,3068,5.88,1.0622,,,2661.0,,2.3262888272268407
3068,cyber,3069,5.88,1.4797,4614.0,,,,2.3262888272268407
3069,deserves,3070,5.88,1.8913,3609.0,,4135.0,,2.3262888272268407
3070,distinguish,3071,5.88,1.409,,3363.0,,,2.3262888272268407
3071,drivin,3072,5.88,1.4234,,,,4522.0,2.3262888272268407
3072,entire,3073,5.88,1.1183,1371.0,961.0,829.0,4638.0,2.3262888272268407
3073,evidently,3074,5.88,1.3498,,3221.0,,,2.3262888272268407
3074,expanded,3075,5.88,1.1542,,4134.0,2398.0,,2.3262888272268407
3075,feedback,3076,5.88,0.9613,3503.0,4754.0,,,2.3262888272268407
3076,field,3077,5.88,1.1891,1092.0,432.0,661.0,1960.0,2.3262888272268407
3077,flew,3078,5.88,1.599,,,,2774.0,2.3262888272268407
3078,founder,3079,5.88,1.1183,,,1617.0,,2.3262888272268407
3079,hip,3080,5.88,1.3797,2287.0,,,1211.0,2.3262888272268407
3080,includes,3081,5.88,1.5205,4205.0,1688.0,789.0,,2.3262888272268407
3081,keeps,3082,5.88,1.3192,1239.0,4805.0,3168.0,602.0,2.3262888272268407
3082,leaders,3083,5.88,1.3192,2876.0,1242.0,704.0,4323.0,2.3262888272268407
3083,lmaooo,3084,5.88,2.0368,3236.0,,,,2.3262888272268407
3084,mary,3085,5.88,1.409,2271.0,1333.0,617.0,1117.0,2.3262888272268407
3085,mood,3086,5.88,1.6368,1156.0,3844.0,4071.0,1664.0,2.3262888272268407
3086,mrs,3087,5.88,1.409,3379.0,687.0,274.0,3680.0,2.3262888272268407
3087,october,3088,5.88,1.4234,3547.0,1091.0,515.0,,2.3262888272268407
3088,organism,3089,5.88,1.2061,,4536.0,,,2.3262888272268407
3089,outlook,3090,5.88,1.1891,4960.0,,4476.0,,2.3262888272268407
3090,philharmonic,3091,5.88,1.5732,,,4122.0,,2.3262888272268407
3091,physical,3092,5.88,1.2229,3607.0,596.0,2429.0,3221.0,2.3262888272268407
3092,poland,3093,5.88,1.3346,,4215.0,3738.0,,2.3262888272268407
3093,primary,3094,5.88,1.1183,,916.0,1685.0,,2.3262888272268407
3094,printed,3095,5.88,0.9613,,1942.0,4649.0,,2.3262888272268407
3095,privacy,3096,5.88,2.1537,2732.0,,4516.0,,2.3262888272268407
3096,pro,3097,5.88,1.3192,987.0,3087.0,273.0,3562.0,2.3262888272268407
3097,producer,3098,5.88,1.3649,,,1450.0,,2.3262888272268407
3098,railroad,3099,5.88,1.3649,,3011.0,4000.0,3594.0,2.3262888272268407
3099,researchers,3100,5.88,1.3944,,4382.0,2761.0,,2.3262888272268407
3100,scout,3101,5.88,1.0999,4721.0,,,,2.3262888272268407
3101,sequence,3102,5.88,1.3192,,2077.0,,,2.3262888272268407
3102,sovereign,3103,5.88,1.3801,,3817.0,,,2.3262888272268407
3103,speaking,3104,5.88,1.1183,1908.0,1371.0,2067.0,2263.0,2.3262888272268407
3104,sustained,3105,5.88,1.409,,3784.0,,,2.3262888272268407
3105,town,3106,5.88,1.5338,793.0,580.0,730.0,335.0,2.3262888272268407
3106,twilight,3107,5.88,1.9128,794.0,,,2707.0,2.3262888272268407
3107,victoria,3108,5.88,1.2395,4383.0,,4040.0,,2.3262888272268407
3108,weather,3109,5.88,1.5205,513.0,2270.0,2070.0,1367.0,2.3262888272268407
3109,whole,3110,5.88,1.3346,438.0,230.0,953.0,341.0,2.3262888272268407
3110,yeh,3111,5.88,1.5602,4495.0,,,1992.0,2.3262888272268407
3111,pun,3112,5.88,1.7159,,,,4110.0,2.3262888272268407
3112,demonstration,3113,5.88,1.2185,,4670.0,,,2.3262888272268407
3113,misty,3114,5.88,1.8779,,,,4848.0,2.3262888272268407
3114,sovereignty,3115,5.88,1.7516,,4756.0,,,2.3262888272268407
3115,scripture,3116,5.88,1.7336,,4510.0,,,2.3262888272268407
3116,sleigh,3117,5.88,1.8175,,,,3621.0,2.3262888272268407
3117,flex,3118,5.87,1.1575,,,,3240.0,2.2802018284867835
3118,2morrow,3119,5.86,1.3095,,,,,2.2341148297467264
3119,adopted,3120,5.86,1.6538,,1537.0,2835.0,,2.2341148297467264
3120,aim,3121,5.86,1.1068,2573.0,2547.0,,2318.0,2.2341148297467264
3121,amounts,3122,5.86,1.2124,,2585.0,3601.0,,2.2341148297467264
3122,applied,3123,5.86,1.2938,,835.0,2921.0,,2.2341148297467264
3123,arrangement,3124,5.86,1.125,,2355.0,4619.0,,2.2341148297467264
3124,articles,3125,5.86,1.1782,2764.0,1676.0,1800.0,,2.2341148297467264
3125,balls,3126,5.86,1.2124,2141.0,,,1937.0,2.2341148297467264
3126,barbie,3127,5.86,1.6037,4356.0,,,,2.2341148297467264
3127,bear,3128,5.86,1.8518,1888.0,1443.0,2354.0,1330.0,2.2341148297467264
3128,boogie,3129,5.86,1.9379,,,,1687.0,2.2341148297467264
3129,bridge,3130,5.86,1.3999,2819.0,2069.0,1128.0,759.0,2.2341148297467264
3130,brooks,3131,5.86,1.3704,,,3587.0,,2.2341148297467264
3131,brother-in-law,3132,5.86,1.5254,,,,,2.2341148297467264
3132,chrome,3133,5.86,1.4287,4060.0,,,2132.0,2.2341148297467264
3133,club,3134,5.86,1.6414,599.0,2273.0,452.0,721.0,2.2341148297467264
3134,columbus,3135,5.86,1.325,,,2786.0,,2.2341148297467264
3135,connect,3136,5.86,1.4848,2724.0,,,3798.0,2.2341148297467264
3136,constitutional,3137,5.86,1.6037,,2520.0,2795.0,,2.2341148297467264
3137,contemporary,3138,5.86,1.0882,,1794.0,2017.0,,2.2341148297467264
3138,country's,3139,5.86,1.3704,,,,,2.2341148297467264
3139,credit,3140,5.86,1.6661,1220.0,1483.0,495.0,2846.0,2.2341148297467264
3140,credits,3141,5.86,1.3403,,,2093.0,,2.2341148297467264
3141,curve,3142,5.86,1.4848,,2156.0,,,2.2341148297467264
3142,diverse,3143,5.86,1.5388,,4421.0,,,2.2341148297467264
3143,dj,3144,5.86,1.4984,1217.0,,,1020.0,2.2341148297467264
3144,effort,3145,5.86,1.6289,2682.0,1077.0,841.0,,2.2341148297467264
3145,engineering,3146,5.86,1.4848,,2240.0,2422.0,,2.2341148297467264
3146,equipment,3147,5.86,0.9691,,1452.0,1463.0,,2.2341148297467264
3147,figures,3148,5.86,1.1782,,1158.0,879.0,3748.0,2.2341148297467264
3148,freeway,3149,5.86,1.5388,,,,3851.0,2.2341148297467264
3149,front-page,3150,5.86,1.0882,,,,,2.2341148297467264
3150,frontier,3151,5.86,1.2779,,3695.0,,,2.2341148297467264
3151,hotter,3152,5.86,1.5388,,,,3170.0,2.2341148297467264
3152,household,3153,5.86,1.6538,,2423.0,,,2.2341148297467264
3153,integration,3154,5.86,1.7498,,2826.0,,,2.2341148297467264
3154,introduce,3155,5.86,0.9691,,3904.0,4486.0,4753.0,2.2341148297467264
3155,japan's,3156,5.86,1.1608,,,,,2.2341148297467264
3156,jennifer,3157,5.86,1.3999,3936.0,,1532.0,,2.2341148297467264
3157,keep,3158,5.86,1.0692,246.0,523.0,485.0,111.0,2.2341148297467264
3158,layout,3159,5.86,0.9037,,,,,2.2341148297467264
3159,lens,3160,5.86,1.4984,,4773.0,,,2.2341148297467264
3160,leo,3161,5.86,1.4848,4601.0,,3611.0,,2.2341148297467264
3161,located,3162,5.86,1.3554,,1993.0,,,2.2341148297467264
3162,metro,3163,5.86,1.5254,3472.0,,1090.0,,2.2341148297467264
3163,newman,3164,5.86,1.2124,,,3945.0,,2.2341148297467264
3164,nut,3165,5.86,1.4984,4695.0,,,2932.0,2.2341148297467264
3165,nuts,3166,5.86,1.6289,2417.0,,,2182.0,2.2341148297467264
3166,observations,3167,5.86,1.0692,,1958.0,,,2.2341148297467264
3167,obtain,3168,5.86,1.3403,,1418.0,4081.0,,2.2341148297467264
3168,pc,3169,5.86,1.4287,1206.0,,,,2.2341148297467264
3169,position,3170,5.86,1.125,2836.0,348.0,784.0,2113.0,2.2341148297467264
3170,potter,3171,5.86,1.7958,3584.0,,,,2.2341148297467264
3171,president,3172,5.86,2.1094,1180.0,578.0,63.0,2729.0,2.2341148297467264
3172,productions,3173,5.86,1.2291,,,3620.0,,2.2341148297467264
3173,property,3174,5.86,1.5651,3462.0,582.0,1157.0,,2.2341148297467264
3174,pumping,3175,5.86,1.3704,,,,4551.0,2.2341148297467264
3175,revelation,3176,5.86,1.4848,,4003.0,,4813.0,2.2341148297467264
3176,road,3177,5.86,1.0882,764.0,776.0,486.0,407.0,2.2341148297467264
3177,sand,3178,5.86,1.578,4444.0,2538.0,4811.0,989.0,2.2341148297467264
3178,seat,3179,5.86,1.05,1327.0,2244.0,2318.0,1420.0,2.2341148297467264
3179,services,3180,5.86,1.578,1634.0,601.0,182.0,,2.2341148297467264
3180,sound,3181,5.86,1.2779,644.0,825.0,994.0,371.0,2.2341148297467264
3181,survival,3182,5.86,1.5909,,3121.0,4932.0,3819.0,2.2341148297467264
3182,teens,3183,5.86,1.552,4230.0,,,,2.2341148297467264
3183,thursday,3184,5.86,1.1068,1105.0,,226.0,4755.0,2.2341148297467264
3184,trained,3185,5.86,1.4984,,3008.0,3884.0,,2.2341148297467264
3185,variations,3186,5.86,1.1954,,2890.0,,,2.2341148297467264
3186,viewers,3187,5.86,1.2779,,,3290.0,,2.2341148297467264
3187,wrapped,3188,5.86,1.3095,4085.0,,,1809.0,2.2341148297467264
3188,attitudes,3189,5.86,1.307,,2349.0,,,2.2341148297467264
3189,autonomy,3190,5.86,1.5943,,4790.0,,,2.2341148297467264
3190,concentrated,3191,5.86,1.291,,3593.0,,,2.2341148297467264
3191,deeper,3192,5.86,1.3385,,3713.0,,1266.0,2.2341148297467264
3192,fifteen,3193,5.86,1.0206,,2408.0,,3422.0,2.2341148297467264
3193,fourteen,3194,5.86,1.3385,,4302.0,,,2.2341148297467264
3194,gum,3195,5.86,1.3844,,,,4664.0,2.2341148297467264
3195,liquid,3196,5.86,1.1726,,2203.0,,4094.0,2.2341148297467264
3196,organizational,3197,5.86,1.2583,,3501.0,,,2.2341148297467264
3197,output,3198,5.86,1.3844,,1351.0,,,2.2341148297467264
3198,phenomena,3199,5.86,1.6073,,2602.0,,,2.2341148297467264
3199,seal,3200,5.86,1.5138,,4642.0,,3807.0,2.2341148297467264
3200,concentration,3201,5.85,1.5573,,1581.0,,,2.188027831006665
3201,props,3202,5.85,1.4141,,,,4243.0,2.188027831006665
3202,construct,3203,5.85,1.5177,,4280.0,,,2.188027831006665
3203,amount,3204,5.84,1.2993,2140.0,550.0,1159.0,4524.0,2.1419408322666085
3204,angeles,3205,5.84,1.5566,2466.0,4196.0,674.0,,2.1419408322666085
3205,appear,3206,5.84,0.8172,3489.0,665.0,1263.0,2738.0,2.1419408322666085
3206,arena,3207,5.84,1.0174,,,3905.0,,2.1419408322666085
3207,banking,3208,5.84,1.6458,,4549.0,1949.0,,2.1419408322666085
3208,baseball,3209,5.84,1.7304,2499.0,,234.0,,2.1419408322666085
3209,begun,3210,5.84,1.0373,,2395.0,2062.0,1443.0,2.1419408322666085
3210,being,3211,5.84,1.6081,177.0,100.0,177.0,489.0,2.1419408322666085
3211,benz,3212,5.84,1.8446,,,,2001.0,2.1419408322666085
3212,blogs,3213,5.84,1.7654,2218.0,,,,2.1419408322666085
3213,buck,3214,5.84,1.7769,,,,1381.0,2.1419408322666085
3214,canadian,3215,5.84,1.8556,2325.0,2984.0,934.0,,2.1419408322666085
3215,checks,3216,5.84,1.5434,4212.0,,4230.0,4268.0,2.1419408322666085
3216,chicago,3217,5.84,1.5301,1234.0,1520.0,650.0,3787.0,2.1419408322666085
3217,circles,3218,5.84,1.1843,,4082.0,,2178.0,2.1419408322666085
3218,classes,3219,5.84,1.3303,1846.0,1254.0,3360.0,,2.1419408322666085
3219,colorado,3220,5.84,1.1314,4194.0,,2754.0,,2.1419408322666085
3220,coming,3221,5.84,1.2014,329.0,822.0,828.0,284.0,2.1419408322666085
3221,conducting,3222,5.84,1.0174,,,4691.0,,2.1419408322666085
3222,crossword,3223,5.84,1.5566,,,4384.0,,2.1419408322666085
3223,curry,3224,5.84,1.8223,4094.0,,,,2.1419408322666085
3224,decide,3225,5.84,1.2513,1718.0,2648.0,1941.0,1470.0,2.1419408322666085
3225,descriptions,3226,5.84,1.1493,,4346.0,,,2.1419408322666085
3226,desktop,3227,5.84,1.5032,3356.0,,,,2.1419408322666085
3227,element,3228,5.84,1.0373,,1346.0,,,2.1419408322666085
3228,enter,3229,5.84,1.2835,990.0,1409.0,2923.0,2305.0,2.1419408322666085
3229,escaped,3230,5.84,1.9416,,4430.0,,,2.1419408322666085
3230,ethnic,3231,5.84,1.3303,,2912.0,2925.0,,2.1419408322666085
3231,experimental,3232,5.84,1.4479,,1786.0,,,2.1419408322666085
3232,feelings,3233,5.84,1.7186,2484.0,1515.0,4097.0,821.0,2.1419408322666085
3233,germans,3234,5.84,1.7998,,3381.0,,,2.1419408322666085
3234,gets,3235,5.84,1.2993,429.0,2855.0,1454.0,461.0,2.1419408322666085
3235,grain,3236,5.84,1.2675,,2753.0,,3310.0,2.1419408322666085
3236,grammar,3237,5.84,1.4337,,4438.0,,,2.1419408322666085
3237,gravity,3238,5.84,1.5826,,4050.0,,3505.0,2.1419408322666085
3238,hear,3239,5.84,1.2014,364.0,969.0,1515.0,141.0,2.1419408322666085
3239,her,3240,5.84,1.0759,90.0,41.0,43.0,66.0,2.1419408322666085
3240,history,3241,5.84,1.5032,600.0,220.0,399.0,1341.0,2.1419408322666085
3241,individuals,3242,5.84,0.9971,,915.0,2970.0,,2.1419408322666085
3242,landed,3243,5.84,1.0373,4190.0,4696.0,,,2.1419408322666085
3243,lands,3244,5.84,1.3303,,1755.0,,3076.0,2.1419408322666085
3244,lays,3245,5.84,1.5032,,,,4882.0,2.1419408322666085
3245,maryland,3246,5.84,1.6704,,,3295.0,,2.1419408322666085
3246,matrix,3247,5.84,1.4194,,2888.0,,,2.1419408322666085
3247,mexico,3248,5.84,1.7186,2355.0,1772.0,1443.0,2948.0,2.1419408322666085
3248,nationwide,3249,5.84,1.2513,,,2336.0,,2.1419408322666085
3249,ooh,3250,5.84,1.8223,2043.0,,,279.0,2.1419408322666085
3250,oral,3251,5.84,1.8223,,2630.0,,,2.1419408322666085
3251,patents,3252,5.84,1.0568,,,4186.0,,2.1419408322666085
3252,poster,3253,5.84,1.1314,1772.0,,,,2.1419408322666085
3253,producing,3254,5.84,1.3303,,2377.0,3936.0,,2.1419408322666085
3254,programming,3255,5.84,1.5167,,4827.0,4026.0,,2.1419408322666085
3255,prophet,3256,5.84,1.9205,,4465.0,,4788.0,2.1419408322666085
3256,provisions,3257,5.84,1.5566,,2036.0,3608.0,,2.1419408322666085
3257,puff,3258,5.84,1.4758,,,,2089.0,2.1419408322666085
3258,quartet,3259,5.84,1.2182,,,3586.0,,2.1419408322666085
3259,realize,3260,5.84,1.0759,1436.0,2933.0,2637.0,848.0,2.1419408322666085
3260,really,3261,5.84,1.4896,79.0,517.0,397.0,145.0,2.1419408322666085
3261,responses,3262,5.84,1.1493,,2260.0,,,2.1419408322666085
3262,sample,3263,5.84,0.9337,4263.0,1435.0,,4427.0,2.1419408322666085
3263,shoe,3264,5.84,1.4479,3351.0,,,2901.0,2.1419408322666085
3264,showing,3265,5.84,0.8418,1612.0,1677.0,1609.0,2418.0,2.1419408322666085
3265,ski,3266,5.84,1.3303,3622.0,,4686.0,,2.1419408322666085
3266,stages,3267,5.84,1.5434,,2196.0,,,2.1419408322666085
3267,stored,3268,5.84,1.0947,,3879.0,,,2.1419408322666085
3268,suggestion,3269,5.84,1.3149,,3352.0,,,2.1419408322666085
3269,tall,3270,5.84,1.3607,3245.0,3228.0,4662.0,1178.0,2.1419408322666085
3270,telephone,3271,5.84,1.9098,,3019.0,853.0,1714.0,2.1419408322666085
3271,theoretical,3272,5.84,1.1132,,2224.0,,,2.1419408322666085
3272,uk,3273,5.84,1.5696,943.0,3708.0,,,2.1419408322666085
3273,urban,3274,5.84,1.5566,3299.0,1511.0,1639.0,,2.1419408322666085
3274,watching,3275,5.84,1.2182,151.0,3210.0,2294.0,669.0,2.1419408322666085
3275,web,3276,5.84,1.7422,603.0,2500.0,1259.0,3811.0,2.1419408322666085
3276,absorption,3277,5.84,1.3593,,3345.0,,,2.1419408322666085
3277,constructed,3278,5.84,1.4046,,2719.0,,,2.1419408322666085
3278,dimensions,3279,5.84,1.2966,,2954.0,,,2.1419408322666085
3279,examples,3280,5.84,1.4627,,1245.0,,,2.1419408322666085
3280,interpretation,3281,5.84,1.1963,,1494.0,,,2.1419408322666085
3281,programme,3282,5.84,1.4046,,3077.0,,,2.1419408322666085
3282,relating,3283,5.84,1.3126,,2959.0,,,2.1419408322666085
3283,shades,3284,5.84,1.4046,,,,2536.0,2.1419408322666085
3284,subtle,3285,5.84,1.4484,,4853.0,,,2.1419408322666085
3285,instruction,3286,5.83,1.2604,,2113.0,,,2.0958538335265513
3286,rotation,3287,5.83,1.3101,,4637.0,,,2.0958538335265513
3287,wagon,3288,5.83,1.324,,,,4890.0,2.0958538335265513
3288,10pm,3289,5.82,1.2237,,,,,2.049766834786494
3289,7-9pm,3290,5.82,1.4384,,,,,2.049766834786494
3290,apply,3291,5.82,0.8003,3522.0,1622.0,2834.0,,2.049766834786494
3291,arising,3292,5.82,1.3952,,4200.0,,,2.049766834786494
3292,bar,3293,5.82,1.8035,487.0,1924.0,1474.0,919.0,2.049766834786494
3293,becoming,3294,5.82,0.919,2405.0,1770.0,2100.0,4014.0,2.049766834786494
3294,blogging,3295,5.82,1.4803,2575.0,,,,2.049766834786494
3295,closer,3296,5.82,1.1008,2391.0,2799.0,2731.0,791.0,2.049766834786494
3296,come,3297,5.82,1.0039,131.0,174.0,278.0,54.0,2.049766834786494
3297,communications,3298,5.82,1.3354,,3113.0,1227.0,,2.049766834786494
3298,connection,3299,5.82,1.1192,2674.0,1218.0,2256.0,3474.0,2.049766834786494
3299,consistent,3300,5.82,1.6744,,2411.0,,,2.049766834786494
3300,cow,3301,5.82,1.4665,2289.0,,,3444.0,2.049766834786494
3301,detail,3302,5.82,1.1373,4113.0,1744.0,4249.0,,2.049766834786494
3302,diplomatic,3303,5.82,1.6374,,,3659.0,,2.049766834786494
3303,east,3304,5.82,1.2887,1122.0,569.0,214.0,1270.0,2.049766834786494
3304,eatin,3305,5.82,1.5739,4218.0,,,,2.049766834786494
3305,emphasized,3306,5.82,1.4384,,4509.0,,,2.049766834786494
3306,endowment,3307,5.82,1.5077,,,4771.0,,2.049766834786494
3307,entered,3308,5.82,1.024,1970.0,1301.0,2624.0,,2.049766834786494
3308,expressed,3309,5.82,1.3506,,1116.0,2006.0,,2.049766834786494
3309,fig,3310,5.82,1.4665,,338.0,,,2.049766834786494
3310,have,3311,5.82,0.8497,24.0,28.0,28.0,52.0,2.049766834786494
3311,hearing,3312,5.82,1.4803,1695.0,2100.0,1278.0,2217.0,2.049766834786494
3312,homey,3313,5.82,2.0572,,,,3217.0,2.049766834786494
3313,hundred,3314,5.82,1.3354,,633.0,4108.0,986.0,2.049766834786494
3314,investment,3315,5.82,1.8148,3947.0,1503.0,627.0,,2.049766834786494
3315,involved,3316,5.82,1.3354,2458.0,756.0,850.0,3876.0,2.049766834786494
3316,irish,3317,5.82,1.5868,2835.0,2124.0,2782.0,,2.049766834786494
3317,jean,3318,5.82,1.5739,,3498.0,1792.0,4677.0,2.049766834786494
3318,key,3319,5.82,1.0631,746.0,1101.0,1387.0,990.0,2.049766834786494
3319,landing,3320,5.82,1.2403,,4915.0,4936.0,,2.049766834786494
3320,lived,3321,5.82,1.5996,2299.0,1044.0,1107.0,1123.0,2.049766834786494
3321,maine,3322,5.82,1.4941,,,3638.0,,2.049766834786494
3322,maker,3323,5.82,1.0437,3661.0,,1830.0,3353.0,2.049766834786494
3323,many,3324,5.82,1.4384,263.0,88.0,95.0,266.0,2.049766834786494
3324,met,3325,5.82,0.919,703.0,869.0,1059.0,476.0,2.049766834786494
3325,montreal,3326,5.82,1.2567,,,3131.0,,2.049766834786494
3326,nashville,3327,5.82,1.32,4496.0,,,,2.049766834786494
3327,opinion,3328,5.82,1.3354,1385.0,782.0,1484.0,4630.0,2.049766834786494
3328,owl,3329,5.82,1.8592,2697.0,,,,2.049766834786494
3329,pair,3330,5.82,1.1899,2039.0,2414.0,3495.0,2387.0,2.049766834786494
3330,path,3331,5.82,1.1551,3757.0,1552.0,3180.0,1222.0,2.049766834786494
3331,peoples,3332,5.82,1.3656,3927.0,2931.0,,3686.0,2.049766834786494
3332,philosophers,3333,5.82,1.746,,4914.0,,,2.049766834786494
3333,publisher,3334,5.82,1.0821,,,2222.0,,2.049766834786494
3334,quickly,3335,5.82,1.4525,2195.0,1298.0,1439.0,2470.0,2.049766834786494
3335,realised,3336,5.82,1.3805,4394.0,,,,2.049766834786494
3336,regarded,3337,5.82,1.1726,,1395.0,4705.0,,2.049766834786494
3337,royal,3338,5.82,1.6374,3266.0,1200.0,2562.0,4137.0,2.049766834786494
3338,sane,3339,5.82,1.6123,,,,3418.0,2.049766834786494
3339,sister-in-law,3340,5.82,1.5739,,,,,2.049766834786494
3340,southwest,3341,5.82,1.5868,,,4561.0,,2.049766834786494
3341,spanish,3342,5.82,1.2567,2027.0,1543.0,2680.0,2914.0,2.049766834786494
3342,sum,3343,5.82,1.1373,1033.0,1659.0,,4682.0,2.049766834786494
3343,talks,3344,5.82,1.207,1832.0,,1053.0,2593.0,2.049766834786494
3344,teen-agers,3345,5.82,1.7225,,,,,2.049766834786494
3345,tennessee,3346,5.82,1.2728,,,3781.0,2831.0,2.049766834786494
3346,toronto,3347,5.82,1.7577,2678.0,,2219.0,,2.049766834786494
3347,upper,3348,5.82,0.919,4524.0,979.0,1508.0,,2.049766834786494
3348,woot,3349,5.82,1.5996,2026.0,,,,2.049766834786494
3349,workin,3350,5.82,1.6866,3075.0,,,3888.0,2.049766834786494
3350,diversity,3351,5.82,1.7401,,3777.0,,,2.049766834786494
3351,ideology,3352,5.82,1.4387,,4032.0,,,2.049766834786494
3352,mist,3353,5.82,1.5768,,,,2866.0,2.049766834786494
3353,movements,3354,5.82,1.0738,,1684.0,,,2.049766834786494
3354,outline,3355,5.82,1.2694,,4029.0,,,2.049766834786494
3355,continually,3356,5.81,1.0848,,4219.0,,,2.003679836046433
3356,obtaining,3357,5.81,1.3616,,4141.0,,,2.003679836046433
3357,6pm,3358,5.8,1.2454,,,,,1.9575928373063762
3358,accordingly,3359,5.8,1.2778,,2573.0,,,1.9575928373063762
3359,acquisition,3360,5.8,1.5253,,3993.0,1902.0,,1.9575928373063762
3360,addressed,3361,5.8,1.2122,,2668.0,3430.0,,1.9575928373063762
3361,analysis,3362,5.8,1.4286,4134.0,439.0,1436.0,,1.9575928373063762
3362,appearance,3363,5.8,1.4846,,1199.0,2613.0,,1.9575928373063762
3363,attention,3364,5.8,1.4846,1481.0,577.0,1172.0,1506.0,1.9575928373063762
3364,attitude,3365,5.8,1.5908,3225.0,1495.0,3546.0,2063.0,1.9575928373063762
3365,bean,3366,5.8,1.3553,4331.0,,,,1.9575928373063762
3366,becomes,3367,5.8,0.9476,3043.0,779.0,2118.0,1999.0,1.9575928373063762
3367,belong,3368,5.8,1.7023,4187.0,2809.0,,779.0,1.9575928373063762
3368,brings,3369,5.8,1.1066,1804.0,3029.0,3259.0,1091.0,1.9575928373063762
3369,caffeine,3370,5.8,2.1571,4405.0,,,,1.9575928373063762
3370,changing,3371,5.8,1.4428,1927.0,1851.0,2348.0,1365.0,1.9575928373063762
3371,climate,3372,5.8,1.4286,2958.0,2909.0,4348.0,,1.9575928373063762
3372,commonly,3373,5.8,1.3851,,2008.0,,,1.9575928373063762
3373,courses,3374,5.8,1.3702,,3086.0,3964.0,,1.9575928373063762
3374,crib,3375,5.8,1.5119,3016.0,,,1877.0,1.9575928373063762
3375,definition,3376,5.8,1.178,,1425.0,,,1.9575928373063762
3376,determine,3377,5.8,1.3401,,1227.0,2239.0,,1.9575928373063762
3377,director,3378,5.8,1.4846,2773.0,1887.0,121.0,,1.9575928373063762
3378,double,3379,5.8,1.3702,1358.0,1419.0,1871.0,1112.0,1.9575928373063762
3379,dude,3380,5.8,1.7023,531.0,,,1990.0,1.9575928373063762
3380,entre,3381,5.8,1.5119,,,,2044.0,1.9575928373063762
3381,establishing,3382,5.8,1.3997,,3614.0,,,1.9575928373063762
3382,extended,3383,5.8,1.2289,4426.0,1626.0,1900.0,,1.9575928373063762
3383,finding,3384,5.8,1.2122,1419.0,1701.0,2005.0,2055.0,1.9575928373063762
3384,god's,3385,5.8,2.2497,,1915.0,,,1.9575928373063762
3385,gradually,3386,5.8,1.2122,,1941.0,,,1.9575928373063762
3386,group's,3387,5.8,1.1952,,,,,1.9575928373063762
3387,grove,3388,5.8,1.069,,,4617.0,,1.9575928373063762
3388,hai,3389,5.8,1.4983,,,,2829.0,1.9575928373063762
3389,headed,3390,5.8,0.8571,1187.0,3502.0,2282.0,1675.0,1.9575928373063762
3390,ice,3391,5.8,1.4846,623.0,2128.0,2243.0,692.0,1.9575928373063762
3391,interior,3392,5.8,0.8806,,2587.0,2759.0,,1.9575928373063762
3392,kentucky,3393,5.8,1.2778,,,3953.0,4734.0,1.9575928373063762
3393,known,3394,5.8,1.3851,1775.0,268.0,518.0,628.0,1.9575928373063762
3394,league,3395,5.8,1.1606,2314.0,2593.0,536.0,,1.9575928373063762
3395,liberal,3396,5.8,2.1665,,2085.0,2828.0,,1.9575928373063762
3396,lmao,3397,5.8,1.8952,293.0,,,,1.9575928373063762
3397,master's,3398,5.8,1.4846,,,,,1.9575928373063762
3398,men's,3399,5.8,1.3702,,4765.0,,,1.9575928373063762
3399,mix,3400,5.8,0.9258,1293.0,4685.0,3647.0,1913.0,1.9575928373063762
3400,model,3401,5.8,1.088,1736.0,495.0,1746.0,3712.0,1.9575928373063762
3401,mostly,3402,5.8,1.1606,1917.0,2586.0,1810.0,4843.0,1.9575928373063762
3402,mouth,3403,5.8,1.1952,1282.0,1388.0,,591.0,1.9575928373063762
3403,networks,3404,5.8,1.3702,3221.0,3557.0,2900.0,,1.9575928373063762
3404,northeast,3405,5.8,1.5119,,,3514.0,,1.9575928373063762
3405,outside,3406,5.8,1.6782,503.0,674.0,752.0,609.0,1.9575928373063762
3406,paper,3407,5.8,1.1952,519.0,590.0,1247.0,932.0,1.9575928373063762
3407,pardon,3408,5.8,1.6288,,,,3139.0,1.9575928373063762
3408,perceive,3409,5.8,1.2778,,4595.0,,,1.9575928373063762
3409,pilots,3410,5.8,1.4286,,,4629.0,,1.9575928373063762
3410,podcast,3411,5.8,1.3401,2363.0,,,,1.9575928373063762
3411,practice,3412,5.8,1.3401,1380.0,537.0,1171.0,3830.0,1.9575928373063762
3412,psychology,3413,5.8,1.3401,,1792.0,4536.0,,1.9575928373063762
3413,pumped,3414,5.8,1.5908,4656.0,,,,1.9575928373063762
3414,rapid,3415,5.8,1.2936,,1789.0,,,1.9575928373063762
3415,reconstruction,3416,5.8,1.6036,,4466.0,,,1.9575928373063762
3416,rehearsal,3417,5.8,1.2778,4835.0,,,,1.9575928373063762
3417,responsible,3418,5.8,1.6537,4621.0,1408.0,1755.0,,1.9575928373063762
3418,roads,3419,5.8,1.1066,3070.0,3025.0,4731.0,2555.0,1.9575928373063762
3419,root,3420,5.8,1.2617,4418.0,2302.0,,4549.0,1.9575928373063762
3420,rubber,3421,5.8,1.3553,,4222.0,,2734.0,1.9575928373063762
3421,sales,3422,5.8,1.1066,999.0,1896.0,280.0,,1.9575928373063762
3422,sending,3423,5.8,0.9258,1629.0,4018.0,3365.0,2925.0,1.9575928373063762
3423,shaped,3424,5.8,1.2122,,3028.0,,,1.9575928373063762
3424,simultaneously,3425,5.8,1.2617,,3527.0,,,1.9575928373063762
3425,spoke,3426,5.8,0.9035,3940.0,1642.0,1984.0,1961.0,1.9575928373063762
3426,stock,3427,5.8,1.1066,1729.0,1206.0,276.0,4777.0,1.9575928373063762
3427,tended,3428,5.8,1.1429,,4055.0,,,1.9575928373063762
3428,vivo,3429,5.8,1.4983,,,,2937.0,1.9575928373063762
3429,vote,3430,5.8,1.5779,479.0,2149.0,728.0,,1.9575928373063762
3430,wind,3431,5.8,1.6036,877.0,1453.0,2942.0,417.0,1.9575928373063762
3431,write,3432,5.8,1.4708,660.0,985.0,1706.0,795.0,1.9575928373063762
3432,yellow,3433,5.8,1.4569,1335.0,2009.0,3794.0,1383.0,1.9575928373063762
3433,seated,3434,5.8,1.2204,,4528.0,,,1.9575928373063762
3434,behaviour,3435,5.8,1.4139,,2400.0,,,1.9575928373063762
3435,description,3436,5.8,1.1361,,1168.0,,,1.9575928373063762
3436,dimension,3437,5.8,1.258,,3932.0,,,1.9575928373063762
3437,gender,3438,5.8,1.2413,,2676.0,,,1.9575928373063762
3438,impulse,3439,5.8,1.2244,,4342.0,,,1.9575928373063762
3439,involve,3440,5.8,1.3382,,2998.0,,,1.9575928373063762
3440,maintaining,3441,5.8,1.4997,,3649.0,,,1.9575928373063762
3441,manufacture,3442,5.8,1.4286,,3967.0,,,1.9575928373063762
3442,occupation,3443,5.8,1.5809,,2854.0,,,1.9575928373063762
3443,provinces,3444,5.8,1.3382,,3302.0,,,1.9575928373063762
3444,quantity,3445,5.8,1.3226,,1767.0,,,1.9575928373063762
3445,sentiment,3446,5.8,1.9037,,4369.0,,,1.9575928373063762
3446,natives,3447,5.79,1.458,,3935.0,,,1.911505838566319
3447,thirty,3448,5.79,1.1662,,1241.0,,2859.0,1.911505838566319
3448,arch,3449,5.79,1.3114,,3308.0,,,1.911505838566319
3449,actions,3450,5.78,0.8873,4946.0,1345.0,2268.0,3792.0,1.8654188398262619
3450,added,3451,5.78,1.2982,1295.0,766.0,348.0,,1.8654188398262619
3451,additional,3452,5.78,1.2501,,1151.0,1250.0,,1.8654188398262619
3452,admission,3453,5.78,1.0359,,4105.0,1555.0,,1.8654188398262619
3453,ahhhh,3454,5.78,1.8438,3339.0,,,,1.8654188398262619
3454,ambassador,3455,5.78,1.5687,,4971.0,2658.0,,1.8654188398262619
3455,amber,3456,5.78,1.5022,4535.0,,,,1.8654188398262619
3456,anna,3457,5.78,1.2664,,,2645.0,,1.8654188398262619
3457,annie,3458,5.78,1.4886,,,,3603.0,1.8654188398262619
3458,attributes,3459,5.78,1.016,,3771.0,,,1.8654188398262619
3459,auction,3460,5.78,1.5425,4039.0,,2582.0,,1.8654188398262619
3460,aware,3461,5.78,1.4748,4270.0,1657.0,2756.0,3009.0,1.8654188398262619
3461,backup,3462,5.78,1.3746,4417.0,,,,1.8654188398262619
3462,britain,3463,5.78,1.8767,,1317.0,1713.0,,1.8654188398262619
3463,carefully,3464,5.78,1.5292,,1689.0,3482.0,,1.8654188398262619
3464,century,3465,5.78,1.4609,4104.0,340.0,1205.0,3263.0,1.8654188398262619
3465,challenge,3466,5.78,1.7177,2053.0,2464.0,1495.0,4883.0,1.8654188398262619
3466,characters,3467,5.78,1.4039,2821.0,1844.0,2203.0,,1.8654188398262619
3467,colleague,3468,5.78,1.3746,,,2080.0,,1.8654188398262619
3468,containing,3469,5.78,0.9957,,1546.0,,,1.8654188398262619
3469,contest,3470,5.78,1.4039,1356.0,,4046.0,,1.8654188398262619
3470,convince,3471,5.78,1.1301,4833.0,,,4519.0,1.8654188398262619
3471,downtown,3472,5.78,1.5158,1907.0,,2301.0,1984.0,1.8654188398262619
3472,drives,3473,5.78,1.4039,3558.0,,,2239.0,1.8654188398262619
3473,ebay,3474,5.78,1.7761,2327.0,,,,1.8654188398262619
3474,egyptian,3475,5.78,1.5556,,4365.0,,,1.8654188398262619
3475,entering,3476,5.78,1.016,,3264.0,4511.0,,1.8654188398262619
3476,featuring,3477,5.78,1.0359,3382.0,,3425.0,1679.0,1.8654188398262619
3477,fed,3478,5.78,1.4886,2570.0,3384.0,2928.0,1981.0,1.8654188398262619
3478,fibers,3479,5.78,1.2824,,4660.0,,,1.8654188398262619
3479,fitted,3480,5.78,1.3893,,4469.0,,,1.8654188398262619
3480,flows,3481,5.78,1.3596,,3818.0,,1725.0,1.8654188398262619
3481,founding,3482,5.78,1.4609,,,2945.0,,1.8654188398262619
3482,frequent,3483,5.78,1.1119,,2265.0,3488.0,,1.8654188398262619
3483,having,3484,5.78,1.016,236.0,248.0,616.0,955.0,1.8654188398262619
3484,hd,3485,5.78,1.2982,1828.0,,,,1.8654188398262619
3485,hosted,3486,5.78,1.3293,4793.0,,,,1.8654188398262619
3486,hottest,3487,5.78,2.188,3479.0,,,,1.8654188398262619
3487,intervals,3488,5.78,1.2982,,3722.0,,,1.8654188398262619
3488,inventory,3489,5.78,1.4609,,4993.0,4706.0,,1.8654188398262619
3489,lift,3490,5.78,1.0359,3696.0,4772.0,4224.0,1224.0,1.8654188398262619
3490,link,3491,5.78,1.1119,729.0,2761.0,3629.0,4171.0,1.8654188398262619
3491,lot,3492,5.78,1.3746,334.0,1244.0,364.0,441.0,1.8654188398262619
3492,march,3493,5.78,1.2824,1068.0,695.0,202.0,2769.0,1.8654188398262619
3493,mare,3494,5.78,1.3596,,,,4833.0,1.8654188398262619
3494,morality,3495,5.78,1.799,,3710.0,,,1.8654188398262619
3495,newton,3496,5.78,1.016,,,4454.0,,1.8654188398262619
3496,optical,3497,5.78,1.1301,,4567.0,,,1.8654188398262619
3497,passages,3498,5.78,1.2337,,3528.0,,,1.8654188398262619
3498,plasma,3499,5.78,1.5556,,3329.0,,,1.8654188398262619
3499,plates,3500,5.78,1.3293,,3304.0,,,1.8654188398262619
3500,poker,3501,5.78,1.6073,2128.0,,,,1.8654188398262619
3501,pops,3502,5.78,1.7058,4582.0,,,3356.0,1.8654188398262619
3502,possibly,3503,5.78,1.2002,2116.0,1773.0,3008.0,4907.0,1.8654188398262619
3503,realized,3504,5.78,1.4609,1434.0,2370.0,2669.0,2495.0,1.8654188398262619
3504,record,3505,5.78,1.4039,1004.0,1026.0,529.0,1260.0,1.8654188398262619
3505,resident,3506,5.78,1.0934,4694.0,4594.0,1591.0,,1.8654188398262619
3506,respond,3507,5.78,1.0554,3633.0,3430.0,2917.0,,1.8654188398262619
3507,rural,3508,5.78,1.6573,,1680.0,3788.0,,1.8654188398262619
3508,shuttle,3509,5.78,0.9322,4654.0,,4103.0,,1.8654188398262619
3509,society,3510,5.78,1.4184,2362.0,297.0,490.0,2520.0,1.8654188398262619
3510,texts,3511,5.78,1.4039,4366.0,2763.0,,,1.8654188398262619
3511,total,3512,5.78,0.9538,1450.0,408.0,802.0,2441.0,1.8654188398262619
3512,trying,3513,5.78,1.1657,273.0,1235.0,535.0,353.0,1.8654188398262619
3513,uploaded,3514,5.78,1.1301,2219.0,,,,1.8654188398262619
3514,various,3515,5.78,0.864,3823.0,356.0,1582.0,,1.8654188398262619
3515,volume,3516,5.78,1.5022,4348.0,753.0,2548.0,,1.8654188398262619
3516,wheel,3517,5.78,0.9322,4032.0,3741.0,,1278.0,1.8654188398262619
3517,woo,3518,5.78,1.5425,1822.0,,,1584.0,1.8654188398262619
3518,workers,3519,5.78,1.183,3570.0,743.0,684.0,,1.8654188398262619
3519,workout,3520,5.78,2.0829,1816.0,,,,1.8654188398262619
3520,yess,3521,5.78,1.799,4947.0,,,,1.8654188398262619
3521,sober,3522,5.78,1.9772,,,,3528.0,1.8654188398262619
3522,components,3523,5.78,1.3733,,1840.0,,,1.8654188398262619
3523,defined,3524,5.78,1.2122,,1075.0,,,1.8654188398262619
3524,flashing,3525,5.78,1.6491,,,,3555.0,1.8654188398262619
3525,momento,3526,5.78,1.6491,,,,3682.0,1.8654188398262619
3526,movin,3527,5.78,1.2791,,,,2335.0,1.8654188398262619
3527,rollin,3528,5.78,1.4033,,,,1911.0,1.8654188398262619
3528,rover,3529,5.78,1.5037,,,,4540.0,1.8654188398262619
3529,vessel,3530,5.78,1.2461,,2519.0,,,1.8654188398262619
3530,printing,3531,5.77,1.3565,,3426.0,,,1.8193318410862007
3531,spatial,3532,5.77,1.1713,,4057.0,,,1.8193318410862007
3532,corresponding,3533,5.77,1.1075,,1847.0,,,1.8193318410862007
3533,accord,3534,5.76,1.2382,,,3598.0,,1.773244842346144
3534,afterwards,3535,5.76,1.135,,1872.0,,,1.773244842346144
3535,apparatus,3536,5.76,1.2382,,3517.0,,,1.773244842346144
3536,approaching,3537,5.76,1.2216,,4400.0,,,1.773244842346144
3537,boston,3538,5.76,1.4923,1578.0,1735.0,605.0,,1.773244842346144
3538,brands,3539,5.76,1.0984,4900.0,,4840.0,,1.773244842346144
3539,characteristic,3540,5.76,1.1168,,1601.0,,,1.773244842346144
3540,city,3541,5.76,1.546,252.0,279.0,77.0,442.0,1.773244842346144
3541,coach,3542,5.76,1.2382,1968.0,,389.0,,1.773244842346144
3542,commission,3543,5.76,1.6483,,1051.0,649.0,,1.773244842346144
3543,continue,3544,5.76,1.0214,1806.0,1184.0,677.0,2757.0,1.773244842346144
3544,continuing,3545,5.76,1.2216,,3178.0,1700.0,,1.773244842346144
3545,days,3546,5.76,1.2382,226.0,283.0,363.0,247.0,1.773244842346144
3546,deeply,3547,5.76,1.598,,2517.0,1177.0,4345.0,1.773244842346144
3547,describes,3548,5.76,1.0797,,2735.0,4693.0,,1.773244842346144
3548,diana,3549,5.76,1.3933,,,3844.0,,1.773244842346144
3549,discussing,3550,5.76,1.7209,,,4998.0,,1.773244842346144
3550,do,3551,5.76,1.0606,40.0,76.0,87.0,32.0,1.773244842346144
3551,eastern,3552,5.76,1.4223,4305.0,1421.0,1331.0,,1.773244842346144
3552,emotion,3553,5.76,1.546,,3779.0,,2000.0,1.773244842346144
3553,ensemble,3554,5.76,1.2216,,,3314.0,,1.773244842346144
3554,episode,3555,5.76,1.3024,863.0,,4659.0,,1.773244842346144
3555,essentially,3556,5.76,0.9596,,2291.0,4585.0,,1.773244842346144
3556,everywhere,3557,5.76,0.9381,1875.0,2845.0,4380.0,734.0,1.773244842346144
3557,experiment,3558,5.76,1.2707,,2012.0,4870.0,,1.773244842346144
3558,facilities,3559,5.76,1.4507,,2319.0,3454.0,,1.773244842346144
3559,functions,3560,5.76,1.2382,,1073.0,,,1.773244842346144
3560,ginger,3561,5.76,1.7677,4750.0,,,,1.773244842346144
3561,glass,3562,5.76,1.2216,985.0,1363.0,2114.0,926.0,1.773244842346144
3562,greece,3563,5.76,1.6107,,3850.0,,,1.773244842346144
3563,historical,3564,5.76,2.056,,842.0,2013.0,,1.773244842346144
3564,horny,3565,5.76,2.0159,4885.0,,,3975.0,1.773244842346144
3565,install,3566,5.76,1.4365,3376.0,,,,1.773244842346144
3566,jessica,3567,5.76,1.4923,4026.0,,3210.0,,1.773244842346144
3567,just,3568,5.76,1.6233,20.0,141.0,104.0,28.0,1.773244842346144
3568,lamp,3569,5.76,0.9806,4809.0,,,4868.0,1.773244842346144
3569,lincoln,3570,5.76,1.3933,4470.0,3594.0,1437.0,,1.773244842346144
3570,magnitude,3571,5.76,1.4223,,3581.0,,,1.773244842346144
3571,maintain,3572,5.76,1.0412,,1551.0,2639.0,3464.0,1.773244842346144
3572,major,3573,5.76,1.4223,1221.0,455.0,400.0,2792.0,1.773244842346144
3573,makers,3574,5.76,1.0012,,,2668.0,,1.773244842346144
3574,makeup,3575,5.76,1.7677,3198.0,,,,1.773244842346144
3575,manor,3576,5.76,1.3786,,,4967.0,,1.773244842346144
3576,manual,3577,5.76,1.3637,,3556.0,,,1.773244842346144
3577,mechanisms,3578,5.76,1.1168,,2921.0,,,1.773244842346144
3578,michelle,3579,5.76,1.4223,3467.0,,3401.0,,1.773244842346144
3579,motion,3580,5.76,1.4078,3466.0,1257.0,3445.0,1697.0,1.773244842346144
3580,outfit,3581,5.76,1.6107,3325.0,,,,1.773244842346144
3581,oxford,3582,5.76,1.3637,,1584.0,4876.0,,1.773244842346144
3582,payments,3583,5.76,2.1434,,3424.0,2171.0,,1.773244842346144
3583,permitted,3584,5.76,1.6358,,2571.0,4684.0,,1.773244842346144
3584,preparing,3585,5.76,1.4078,2540.0,3808.0,3743.0,,1.773244842346144
3585,preview,3586,5.76,1.0214,3119.0,,,,1.773244842346144
3586,privately,3587,5.76,1.546,,,4279.0,,1.773244842346144
3587,probability,3588,5.76,1.2545,,2325.0,,,1.773244842346144
3588,producers,3589,5.76,1.2048,,,2752.0,,1.773244842346144
3589,products,3590,5.76,0.7709,1595.0,954.0,903.0,,1.773244842346144
3590,ps3,3591,5.76,1.3024,,,,,1.773244842346144
3591,publication,3592,5.76,1.2867,,2101.0,2832.0,,1.773244842346144
3592,race,3593,5.76,1.4365,1413.0,1197.0,770.0,1082.0,1.773244842346144
3593,rachel,3594,5.76,1.5194,3946.0,,2483.0,,1.773244842346144
3594,referring,3595,5.76,1.1704,,4332.0,2046.0,,1.773244842346144
3595,remix,3596,5.76,1.4647,1865.0,,,2662.0,1.773244842346144
3596,representing,3597,5.76,1.0984,,3284.0,3043.0,,1.773244842346144
3597,republic,3598,5.76,1.5851,,1843.0,2360.0,,1.773244842346144
3598,sees,3599,5.76,1.4078,2898.0,2720.0,3345.0,1551.0,1.773244842346144
3599,selling,3600,5.76,1.5851,1802.0,3448.0,1362.0,2638.0,1.773244842346144
3600,slide,3601,5.76,1.2216,4241.0,,,1373.0,1.773244842346144
3601,species,3602,5.76,0.9806,,863.0,3523.0,,1.773244842346144
3602,staying,3603,5.76,1.3486,1545.0,,4989.0,2490.0,1.773244842346144
3603,supplied,3604,5.76,1.318,,2965.0,,,1.773244842346144
3604,supply,3605,5.76,1.0214,3496.0,952.0,2220.0,,1.773244842346144
3605,things,3606,5.76,0.9381,217.0,245.0,413.0,133.0,1.773244842346144
3606,tokyo,3607,5.76,1.5328,4651.0,,2462.0,,1.773244842346144
3607,viewing,3608,5.76,1.4223,,,4630.0,,1.773244842346144
3608,vital,3609,5.76,1.5592,,2732.0,2165.0,,1.773244842346144
3609,voice,3610,5.76,1.0606,771.0,751.0,1260.0,541.0,1.773244842346144
3610,wednesdays,3611,5.76,1.0797,,,4819.0,,1.773244842346144
3611,whisper,3612,5.76,1.598,,,,1213.0,1.773244842346144
3612,workshop,3613,5.76,1.2382,4091.0,,4857.0,,1.773244842346144
3613,chiefly,3614,5.76,1.2505,,2993.0,,,1.773244842346144
3614,dimensional,3615,5.76,1.2167,,4598.0,,,1.773244842346144
3615,handed,3616,5.76,1.3774,,3652.0,,4220.0,1.773244842346144
3616,interval,3617,5.76,1.3924,,3402.0,,,1.773244842346144
3617,ladder,3618,5.76,1.2505,,,,4463.0,1.773244842346144
3618,oooooh,3619,5.76,1.5483,,,,4732.0,1.773244842346144
3619,perception,3620,5.76,1.2505,,2563.0,,,1.773244842346144
3620,pupils,3621,5.76,1.4935,,2986.0,,,1.773244842346144
3621,shield,3622,5.76,1.3312,,,,4534.0,1.773244842346144
3622,thoroughly,3623,5.76,1.4366,,3052.0,,,1.773244842346144
3623,considerably,3624,5.75,1.0818,,3050.0,,,1.7271578436060868
3624,manuscript,3625,5.75,1.2965,,3891.0,,,1.7271578436060868
3625,symbolic,3626,5.74,1.3588,,4039.0,,,1.6810708448660296
3626,7pm,3627,5.74,1.3674,,,,,1.6810708448660296
3627,awake,3628,5.74,1.4682,1057.0,,,1094.0,1.6810708448660296
3628,booty,3629,5.74,1.9463,4256.0,,,2158.0,1.6810708448660296
3629,cadillac,3630,5.74,1.8715,,,,2580.0,1.6810708448660296
3630,call,3631,5.74,1.4401,284.0,548.0,403.0,171.0,1.6810708448660296
3631,calling,3632,5.74,1.2586,1128.0,2491.0,1536.0,584.0,1.6810708448660296
3632,catch,3633,5.74,1.3822,807.0,3343.0,3333.0,514.0,1.6810708448660296
3633,challenges,3634,5.74,1.4957,,4916.0,3807.0,,1.6810708448660296
3634,chelsea,3635,5.74,1.1395,3208.0,,3151.0,,1.6810708448660296
3635,chile,3636,5.74,1.3524,2808.0,,,,1.6810708448660296
3636,concentrate,3637,5.74,1.5884,4382.0,,,,1.6810708448660296
3637,deep,3638,5.74,1.3969,1273.0,819.0,1175.0,325.0,1.6810708448660296
3638,details,3639,5.74,1.2257,1129.0,1587.0,1680.0,,1.6810708448660296
3639,diplomacy,3640,5.74,1.7001,,,4921.0,,1.6810708448660296
3640,dragon,3641,5.74,1.8495,4150.0,,,3772.0,1.6810708448660296
3641,employee,3642,5.74,1.192,,3679.0,2456.0,,1.6810708448660296
3642,endorsed,3643,5.74,1.4115,,,4957.0,,1.6810708448660296
3643,entry,3644,5.74,1.0844,2719.0,2354.0,2176.0,,1.6810708448660296
3644,estates,3645,5.74,1.4115,,4896.0,,,1.6810708448660296
3645,everyday,3646,5.74,1.3372,1427.0,4755.0,,677.0,1.6810708448660296
3646,expected,3647,5.74,1.1214,2045.0,828.0,430.0,4988.0,1.6810708448660296
3647,forth,3648,5.74,1.2423,,1288.0,,2125.0,1.6810708448660296
3648,fundamental,3649,5.74,0.9649,,1666.0,4356.0,,1.6810708448660296
3649,gf,3650,5.74,1.3063,3750.0,,,,1.6810708448660296
3650,given,3651,5.74,1.4401,1365.0,159.0,420.0,1004.0,1.6810708448660296
3651,i'm,3652,5.74,1.5754,,,,,1.6810708448660296
3652,inclined,3653,5.74,1.3219,,3728.0,,,1.6810708448660296
3653,kept,3654,5.74,1.1031,1932.0,754.0,1453.0,875.0,1.6810708448660296
3654,kinds,3655,5.74,1.0461,4298.0,1535.0,3416.0,3833.0,1.6810708448660296
3655,lace,3656,5.74,1.6759,,,,3131.0,1.6810708448660296
3656,mac,3657,5.74,1.3524,922.0,,,2547.0,1.6810708448660296
3657,manage,3658,5.74,1.192,3127.0,3976.0,4189.0,,1.6810708448660296
3658,much,3659,5.74,1.3219,96.0,105.0,146.0,144.0,1.6810708448660296
3659,name,3660,5.74,1.1747,182.0,266.0,288.0,208.0,1.6810708448660296
3660,newsstands,3661,5.74,1.2586,,,4575.0,,1.6810708448660296
3661,ninja,3662,5.74,1.6389,3426.0,,,,1.6810708448660296
3662,nite,3663,5.74,1.4115,820.0,,,4673.0,1.6810708448660296
3663,observed,3664,5.74,1.0264,,813.0,3591.0,,1.6810708448660296
3664,orientation,3665,5.74,1.3063,,3499.0,,,1.6810708448660296
3665,owners,3666,5.74,1.3063,3970.0,3312.0,1593.0,,1.6810708448660296
3666,powder,3667,5.74,1.2586,,4294.0,,4595.0,1.6810708448660296
3667,presented,3668,5.74,0.9858,,883.0,1314.0,,1.6810708448660296
3668,princeton,3669,5.74,1.5884,,4659.0,1366.0,,1.6810708448660296
3669,project,3670,5.74,1.6011,849.0,929.0,727.0,3636.0,1.6810708448660296
3670,prove,3671,5.74,1.0461,3388.0,1690.0,2365.0,1131.0,1.6810708448660296
3671,quarters,3672,5.74,1.209,,3455.0,4804.0,,1.6810708448660296
3672,reach,3673,5.74,1.3969,1827.0,1334.0,1115.0,580.0,1.6810708448660296
3673,responded,3674,5.74,1.2906,,4873.0,3227.0,,1.6810708448660296
3674,rio,3675,5.74,1.3372,4662.0,,,4759.0,1.6810708448660296
3675,screen,3676,5.74,1.2586,1333.0,2981.0,2855.0,2019.0,1.6810708448660296
3676,serves,3677,5.74,1.6513,,3585.0,3219.0,,1.6810708448660296
3677,settled,3678,5.74,1.5493,,2049.0,2473.0,,1.6810708448660296
3678,showed,3679,5.74,1.0063,2441.0,1182.0,1060.0,1630.0,1.6810708448660296
3679,situated,3680,5.74,1.0654,,3599.0,,,1.6810708448660296
3680,spare,3681,5.74,1.5093,3722.0,,4583.0,2779.0,1.6810708448660296
3681,spokeswoman,3682,5.74,1.192,,,1525.0,,1.6810708448660296
3682,suitcase,3683,5.74,1.3219,,,,4292.0,1.6810708448660296
3683,suits,3684,5.74,1.0063,,,2776.0,2985.0,1.6810708448660296
3684,swag,3685,5.74,1.192,4944.0,,,,1.6810708448660296
3685,team's,3686,5.74,1.1395,,,,,1.6810708448660296
3686,thin,3687,5.74,1.3822,3688.0,2054.0,4612.0,1490.0,1.6810708448660296
3687,time,3688,5.74,1.209,29.0,61.0,80.0,43.0,1.6810708448660296
3688,todays,3689,5.74,1.4401,4369.0,,,,1.6810708448660296
3689,training,3690,5.74,1.3969,1116.0,804.0,1282.0,,1.6810708448660296
3690,transactions,3691,5.74,0.9216,,3810.0,4724.0,,1.6810708448660296
3691,treasury,3692,5.74,1.7239,,3968.0,1888.0,,1.6810708448660296
3692,walkin,3693,5.74,1.4115,,,,2482.0,1.6810708448660296
3693,warrior,3694,5.74,2.1458,,,,4116.0,1.6810708448660296
3694,wash,3695,5.74,1.192,1980.0,4518.0,3483.0,1187.0,1.6810708448660296
3695,wives,3696,5.74,1.9463,,3828.0,,,1.6810708448660296
3696,cave,3697,5.73,1.5913,,,,4391.0,1.6349838461259727
3697,involves,3698,5.73,1.0363,,2397.0,,,1.6349838461259727
3698,mechanical,3699,5.73,1.4829,,2225.0,,,1.6349838461259727
3699,sphere,3700,5.73,1.0758,,3181.0,,,1.6349838461259727
3700,structural,3701,5.73,1.2379,,2351.0,,,1.6349838461259727
3701,identification,3702,5.73,1.1803,,2708.0,,,1.6349838461259727
3702,shell,3703,5.73,1.3643,,3370.0,,2404.0,1.6349838461259727
3703,nod,3704,5.72,1.1924,,,,4437.0,1.5888968473859117
3704,pose,3705,5.72,1.1924,,,,4508.0,1.5888968473859117
3705,3g,3706,5.72,1.1436,,,,,1.5888968473859117
3706,9pm,3707,5.72,0.9697,,,,,1.5888968473859117
3707,adding,3708,5.72,1.2623,2954.0,3223.0,1441.0,,1.5888968473859117
3708,affiliation,3709,5.72,1.3856,,,4944.0,,1.5888968473859117
3709,alexander,3710,5.72,1.2784,,2613.0,1691.0,,1.5888968473859117
3710,apt,3711,5.72,1.1787,3929.0,4985.0,,,1.5888968473859117
3711,argentina,3712,5.72,1.8848,,,4507.0,,1.5888968473859117
3712,blend,3713,5.72,1.2943,,,,4940.0,1.5888968473859117
3713,canal,3714,5.72,1.2623,,3022.0,,,1.5888968473859117
3714,card,3715,5.72,1.1256,680.0,3021.0,2231.0,2453.0,1.5888968473859117
3715,channels,3716,5.72,1.2784,,3845.0,,,1.5888968473859117
3716,click,3717,5.72,1.0309,1154.0,4508.0,,1560.0,1.5888968473859117
3717,detailed,3718,5.72,1.4988,,2084.0,4265.0,,1.5888968473859117
3718,distinguishable,3719,5.72,1.1613,,,3563.0,,1.5888968473859117
3719,dvr,3720,5.72,1.3708,4605.0,,,,1.5888968473859117
3720,ears,3721,5.72,1.2461,2632.0,3310.0,,1432.0,1.5888968473859117
3721,euro,3722,5.72,1.7148,4380.0,,3472.0,,1.5888968473859117
3722,expanding,3723,5.72,1.3254,,,4843.0,,1.5888968473859117
3723,funky,3724,5.72,1.6787,,,,1225.0,1.5888968473859117
3724,goldman,3725,5.72,1.4003,,,2446.0,,1.5888968473859117
3725,happening,3726,5.72,1.011,1958.0,,4023.0,2072.0,1.5888968473859117
3726,hypothesis,3727,5.72,1.5391,,2773.0,,,1.5888968473859117
3727,implementation,3728,5.72,1.2784,,3296.0,,,1.5888968473859117
3728,import,3729,5.72,1.3407,,3944.0,,,1.5888968473859117
3729,individual,3730,5.72,1.3708,,378.0,1559.0,,1.5888968473859117
3730,jewish,3731,5.72,1.0506,,1393.0,707.0,,1.5888968473859117
3731,kathryn,3732,5.72,1.0887,,,3910.0,,1.5888968473859117
3732,knowin,3733,5.72,1.3099,,,,3947.0,1.5888968473859117
3733,marine,3734,5.72,1.6542,,3604.0,2392.0,,1.5888968473859117
3734,midtown,3735,5.72,1.4148,,,4207.0,,1.5888968473859117
3735,missouri,3736,5.72,1.7148,,4889.0,4491.0,,1.5888968473859117
3736,modification,3737,5.72,1.4714,,4874.0,,,1.5888968473859117
3737,move,3738,5.72,1.3559,637.0,902.0,643.0,281.0,1.5888968473859117
3738,near,3739,5.72,1.6041,878.0,467.0,665.0,619.0,1.5888968473859117
3739,passenger,3740,5.72,1.0698,,,4386.0,,1.5888968473859117
3740,passengers,3741,5.72,1.0506,,,2621.0,,1.5888968473859117
3741,pen,3742,5.72,1.0887,3721.0,4266.0,,1979.0,1.5888968473859117
3742,persuade,3743,5.72,1.1613,,,4607.0,,1.5888968473859117
3743,philadelphia,3744,5.72,1.3099,4572.0,2499.0,1050.0,,1.5888968473859117
3744,plate,3745,5.72,1.0698,3141.0,1605.0,4704.0,2816.0,1.5888968473859117
3745,publications,3746,5.72,1.6293,,3123.0,4096.0,,1.5888968473859117
3746,quietly,3747,5.72,1.4003,,4061.0,4499.0,4197.0,1.5888968473859117
3747,races,3748,5.72,1.3099,,4620.0,3044.0,,1.5888968473859117
3748,rank,3749,5.72,1.4003,,2432.0,,,1.5888968473859117
3749,registered,3750,5.72,1.1436,4290.0,4732.0,4132.0,,1.5888968473859117
3750,responsibility,3751,5.72,1.6542,,1413.0,1817.0,,1.5888968473859117
3751,roles,3752,5.72,1.4003,,3046.0,3768.0,,1.5888968473859117
3752,satellite,3753,5.72,1.3559,,,3825.0,4067.0,1.5888968473859117
3753,script,3754,5.72,1.7384,3693.0,,,,1.5888968473859117
3754,seek,3755,5.72,1.1613,3200.0,1812.0,1717.0,1772.0,1.5888968473859117
3755,signed,3756,5.72,1.0887,1887.0,2746.0,1010.0,3598.0,1.5888968473859117
3756,source,3757,5.72,1.2129,2136.0,657.0,1553.0,3392.0,1.5888968473859117
3757,spectrum,3758,5.72,1.4574,,3656.0,,,1.5888968473859117
3758,stage,3759,5.72,1.4434,1624.0,704.0,902.0,1315.0,1.5888968473859117
3759,surrounds,3760,5.72,1.3856,,,,4103.0,1.5888968473859117
3760,taxi,3761,5.72,1.2623,2588.0,,,4303.0,1.5888968473859117
3761,three,3762,5.72,1.1073,635.0,128.0,105.0,488.0,1.5888968473859117
3762,towards,3763,5.72,1.0309,2554.0,659.0,,2121.0,1.5888968473859117
3763,translation,3764,5.72,1.4003,,2303.0,,,1.5888968473859117
3764,ultimately,3765,5.72,1.3708,,2729.0,2437.0,,1.5888968473859117
3765,update,3766,5.72,1.4852,929.0,,,,1.5888968473859117
3766,uses,3767,5.72,1.1613,2451.0,1561.0,2346.0,,1.5888968473859117
3767,view,3768,5.72,1.1256,1144.0,316.0,576.0,1208.0,1.5888968473859117
3768,waking,3769,5.72,1.4574,1780.0,,,2357.0,1.5888968473859117
3769,whiskey,3770,5.72,2.6422,,,,2208.0,1.5888968473859117
3770,winds,3771,5.72,1.6665,2293.0,4753.0,,1601.0,1.5888968473859117
3771,with,3772,5.72,1.1787,17.0,13.0,16.0,21.0,1.5888968473859117
3772,wrap,3773,5.72,1.1787,2889.0,,,2074.0,1.5888968473859117
3773,contains,3774,5.71,1.2076,,1360.0,,,1.5428098486458546
3774,employer,3775,5.71,1.72,,4601.0,,,1.5428098486458546
3775,fifty,3776,5.71,1.4142,,1678.0,,2597.0,1.5428098486458546
3776,immense,3777,5.71,1.6457,,3995.0,,,1.5428098486458546
3777,opinions,3778,5.71,1.5411,,2699.0,,,1.5428098486458546
3778,temperatures,3779,5.71,1.5138,,3634.0,,,1.5428098486458546
3779,fella,3780,5.71,1.7377,,,,4098.0,1.5428098486458546
3780,flippin,3781,5.71,1.5431,,,,4942.0,1.5428098486458546
3781,hears,3782,5.71,1.3832,,,,3117.0,1.5428098486458546
3782,scope,3783,5.71,1.4136,,2774.0,,,1.5428098486458546
3783,soil,3784,5.71,1.6497,,1302.0,,4252.0,1.5428098486458546
3784,timber,3785,5.71,1.5012,,4643.0,,,1.5428098486458546
3785,objective,3786,5.7,1.4282,,1914.0,,,1.4967228499057974
3786,willow,3787,5.7,1.8756,,,,4527.0,1.4967228499057974
3787,1960's,3788,5.7,1.3887,,,,,1.4967228499057974
3788,5pm,3789,5.7,1.1473,,,,,1.4967228499057974
3789,accumulation,3790,5.7,1.5017,,4928.0,,,1.4967228499057974
3790,android,3791,5.7,1.4463,3433.0,,,,1.4967228499057974
3791,appointed,3792,5.7,1.4178,,1614.0,1907.0,,1.4967228499057974
3792,approximately,3793,5.7,1.1824,,1987.0,,,1.4967228499057974
3793,arrangements,3794,5.7,1.233,,2961.0,3812.0,,1.4967228499057974
3794,atm,3795,5.7,1.7642,4041.0,,,,1.4967228499057974
3795,attribute,3796,5.7,1.2657,,4864.0,,,1.4967228499057974
3796,banner,3797,5.7,1.0351,3014.0,,,3843.0,1.4967228499057974
3797,become,3798,5.7,0.9313,801.0,267.0,398.0,802.0,1.4967228499057974
3798,biggie,3799,5.7,1.4033,,,,4135.0,1.4967228499057974
3799,bunch,3800,5.7,1.3439,1563.0,,,2433.0,1.4967228499057974
3800,churches,3801,5.7,2.4599,,2281.0,,,1.4967228499057974
3801,contain,3802,5.7,1.1824,,1749.0,4962.0,,1.4967228499057974
3802,data,3803,5.7,1.0738,1555.0,299.0,1120.0,,1.4967228499057974
3803,demonstrated,3804,5.7,1.1473,,2435.0,4671.0,,1.4967228499057974
3804,developer,3805,5.7,1.4321,4201.0,,3642.0,,1.4967228499057974
3805,disc,3806,5.7,1.3132,4912.0,,,,1.4967228499057974
3806,discussion,3807,5.7,1.0351,2684.0,829.0,2679.0,,1.4967228499057974
3807,dozens,3808,5.7,1.2817,,,3791.0,,1.4967228499057974
3808,driver,3809,5.7,0.8864,2009.0,4758.0,2688.0,3298.0,1.4967228499057974
3809,earliest,3810,5.7,1.5419,,3197.0,,,1.4967228499057974
3810,elementary,3811,5.7,1.359,,3519.0,4682.0,,1.4967228499057974
3811,engine,3812,5.7,1.233,1550.0,2671.0,4144.0,3280.0,1.4967228499057974
3812,extremely,3813,5.7,1.5419,2445.0,1769.0,2927.0,,1.4967228499057974
3813,feat,3814,5.7,1.359,2087.0,,,2435.0,1.4967228499057974
3814,feeling,3815,5.7,1.5152,349.0,879.0,1736.0,240.0,1.4967228499057974
3815,fill,3816,5.7,1.233,2379.0,2715.0,3125.0,763.0,1.4967228499057974
3816,fried,3817,5.7,1.6194,2816.0,,,4725.0,1.4967228499057974
3817,grade,3818,5.7,1.0152,2424.0,2535.0,4427.0,3510.0,1.4967228499057974
3818,hat,3819,5.7,1.2976,512.0,3425.0,,1135.0,1.4967228499057974
3819,hold,3820,5.7,1.2164,892.0,795.0,1021.0,146.0,1.4967228499057974
3820,identical,3821,5.7,1.4743,,2842.0,,,1.4967228499057974
3821,jackson,3822,5.7,1.2657,1395.0,3588.0,1258.0,3500.0,1.4967228499057974
3822,january,3823,5.7,1.9086,1532.0,1080.0,416.0,,1.4967228499057974
3823,johnny,3824,5.7,1.2657,2571.0,,4892.0,1578.0,1.4967228499057974
3824,journal,3825,5.7,1.3132,1712.0,733.0,978.0,,1.4967228499057974
3825,manhattan,3826,5.7,1.7409,,,240.0,,1.4967228499057974
3826,master,3827,5.7,1.5152,2428.0,1046.0,2259.0,1080.0,1.4967228499057974
3827,max,3828,5.7,1.233,2181.0,4775.0,2579.0,4018.0,1.4967228499057974
3828,michael,3829,5.7,1.2164,895.0,2439.0,218.0,2448.0,1.4967228499057974
3829,migration,3830,5.7,1.374,,3851.0,,,1.4967228499057974
3830,mild,3831,5.7,1.5017,,4179.0,,,1.4967228499057974
3831,mmm,3832,5.7,1.5551,1705.0,,,1359.0,1.4967228499057974
3832,multiple,3833,5.7,1.4604,3227.0,1867.0,4262.0,,1.4967228499057974
3833,noon,3834,5.7,1.3132,3015.0,,1097.0,3997.0,1.4967228499057974
3834,northwest,3835,5.7,1.1995,,,3902.0,,1.4967228499057974
3835,observer,3836,5.7,1.0926,,4698.0,3634.0,,1.4967228499057974
3836,placing,3837,5.7,1.1294,,4254.0,,,1.4967228499057974
3837,pocket,3838,5.7,1.0351,2948.0,3931.0,,1529.0,1.4967228499057974
3838,prevented,3839,5.7,1.6194,,3773.0,,,1.4967228499057974
3839,rally,3840,5.7,1.2495,3766.0,,3050.0,,1.4967228499057974
3840,rankings,3841,5.7,1.5682,,,1958.0,,1.4967228499057974
3841,raymond,3842,5.7,1.3887,,,2666.0,,1.4967228499057974
3842,reforms,3843,5.7,1.5286,,4282.0,4610.0,,1.4967228499057974
3843,regular,3844,5.7,1.2817,2288.0,1510.0,1689.0,3779.0,1.4967228499057974
3844,rolling,3845,5.7,1.2495,2980.0,,,1185.0,1.4967228499057974
3845,roman,3846,5.7,1.1112,,1285.0,2372.0,,1.4967228499057974
3846,running,3847,5.7,1.5017,638.0,1438.0,686.0,439.0,1.4967228499057974
3847,sippin,3848,5.7,1.1112,,,,3374.0,1.4967228499057974
3848,sonic,3849,5.7,1.2976,4971.0,,,,1.4967228499057974
3849,streaming,3850,5.7,1.7053,3243.0,,,,1.4967228499057974
3850,superbowl,3851,5.7,2.0529,2939.0,,,,1.4967228499057974
3851,synthesis,3852,5.7,1.0738,,3342.0,,,1.4967228499057974
3852,thickness,3853,5.7,1.0926,,3615.0,,,1.4967228499057974
3853,thumb,3854,5.7,1.359,,,,4569.0,1.4967228499057974
3854,tonite,3855,5.7,1.3439,1818.0,,,3909.0,1.4967228499057974
3855,vertical,3856,5.7,0.9313,,2647.0,,,1.4967228499057974
3856,walks,3857,5.7,1.5551,3563.0,,,1482.0,1.4967228499057974
3857,want,3858,5.7,1.3439,88.0,376.0,210.0,56.0,1.4967228499057974
3858,wassup,3859,5.7,1.9923,3760.0,,,,1.4967228499057974
3859,watch,3860,5.7,1.2495,104.0,2016.0,985.0,275.0,1.4967228499057974
3860,wendy,3861,5.7,1.1824,,,3244.0,,1.4967228499057974
3861,whites,3862,5.7,1.2164,,4287.0,4980.0,,1.4967228499057974
3862,written,3863,5.7,1.2657,2036.0,547.0,830.0,1361.0,1.4967228499057974
3863,xo,3864,5.7,1.6933,3121.0,,,,1.4967228499057974
3864,yaa,3865,5.7,1.374,4200.0,,,,1.4967228499057974
3865,correlation,3866,5.69,1.1218,,3397.0,,,1.4506358511657405
3866,jungle,3867,5.69,1.8952,,,,2128.0,1.4506358511657405
3867,keepin,3868,5.69,1.2943,,,,3812.0,1.4506358511657405
3868,paragraph,3869,5.69,1.2781,,3769.0,,,1.4506358511657405
3869,yonder,3870,5.69,1.5573,,,,4153.0,1.4506358511657405
3870,determining,3871,5.69,1.3394,,2926.0,,,1.4506358511657405
3871,dusk,3872,5.69,1.6263,,,,4772.0,1.4506358511657405
3872,gal,3873,5.69,1.812,,,,1168.0,1.4506358511657405
3873,hindu,3874,5.69,1.8583,,4866.0,,,1.4506358511657405
3874,mechanism,3875,5.69,1.3552,,2190.0,,,1.4506358511657405
3875,#jobs,3876,5.68,1.812,,,,,1.4045488524256795
3876,affiliate,3877,5.68,1.2526,2831.0,,,,1.4045488524256795
3877,amongst,3878,5.68,1.2848,,3156.0,,4396.0,1.4045488524256795
3878,angles,3879,5.68,1.3468,,4351.0,,,1.4045488524256795
3879,announce,3880,5.68,0.8676,4081.0,,4010.0,,1.4045488524256795
3880,appears,3881,5.68,1.0774,3742.0,738.0,1220.0,3832.0,1.4045488524256795
3881,associated,3882,5.68,1.0388,4490.0,727.0,1251.0,,1.4045488524256795
3882,avenue,3883,5.68,1.1683,3251.0,4142.0,195.0,2875.0,1.4045488524256795
3883,bars,3884,5.68,1.5836,3278.0,4858.0,4569.0,1987.0,1.4045488524256795
3884,be,3885,5.68,1.3005,22.0,14.0,20.0,17.0,1.4045488524256795
3885,benjamin,3886,5.68,1.2196,,4890.0,1682.0,,1.4045488524256795
3886,bond,3887,5.68,1.6714,4135.0,2783.0,867.0,3287.0,1.4045488524256795
3887,broadcasting,3888,5.68,1.3161,4181.0,,3725.0,,1.4045488524256795
3888,button,3889,5.68,0.9355,1849.0,,,3719.0,1.4045488524256795
3889,cabinet,3890,5.68,1.1328,4062.0,3163.0,3615.0,,1.4045488524256795
3890,cent,3891,5.68,1.3915,4903.0,567.0,3789.0,2294.0,1.4045488524256795
3891,character,3892,5.68,1.4907,2015.0,487.0,1624.0,,1.4045488524256795
3892,civic,3893,5.68,1.3768,,,4220.0,,1.4045488524256795
3893,climb,3894,5.68,1.3468,4850.0,,,1265.0,1.4045488524256795
3894,clinton,3895,5.68,1.5836,4485.0,,476.0,,1.4045488524256795
3895,countries,3896,5.68,0.9781,4652.0,540.0,865.0,,1.4045488524256795
3896,database,3897,5.68,1.3619,,4095.0,,,1.4045488524256795
3897,degrees,3898,5.68,1.4769,1854.0,2282.0,2986.0,4096.0,1.4045488524256795
3898,direct,3899,5.68,1.3316,2204.0,677.0,1936.0,,1.4045488524256795
3899,emerged,3900,5.68,0.9355,,3873.0,4216.0,,1.4045488524256795
3900,emphasis,3901,5.68,0.9988,,2038.0,4937.0,,1.4045488524256795
3901,enterprises,3902,5.68,1.4348,,3883.0,4985.0,,1.4045488524256795
3902,exchange,3903,5.68,1.1683,3161.0,1150.0,761.0,,1.4045488524256795
3903,footage,3904,5.68,1.0583,,,,,1.4045488524256795
3904,foreign,3905,5.68,1.6956,4171.0,481.0,525.0,2908.0,1.4045488524256795
3905,formula,3906,5.68,1.3468,,2654.0,4948.0,,1.4045488524256795
3906,fort,3907,5.68,1.2027,3565.0,2311.0,1750.0,4309.0,1.4045488524256795
3907,gaga,3908,5.68,1.8455,1383.0,,,,1.4045488524256795
3908,getting,3909,5.68,1.1856,149.0,1193.0,765.0,380.0,1.4045488524256795
3909,graham,3910,5.68,1.1507,,,2980.0,,1.4045488524256795
3910,grasp,3911,5.68,1.3316,,4988.0,,4866.0,1.4045488524256795
3911,greenwich,3912,5.68,1.3005,,,1236.0,,1.4045488524256795
3912,grounds,3913,5.68,1.2362,,2431.0,3915.0,,1.4045488524256795
3913,jill,3914,5.68,1.3161,,,3622.0,,1.4045488524256795
3914,laude,3915,5.68,1.3005,,,2617.0,,1.4045488524256795
3915,location,3916,5.68,1.0583,2691.0,1869.0,1787.0,,1.4045488524256795
3916,logo,3917,5.68,1.0774,2618.0,,,,1.4045488524256795
3917,machines,3918,5.68,1.3005,,3323.0,2785.0,3942.0,1.4045488524256795
3918,managed,3919,5.68,1.1328,2693.0,2591.0,2338.0,,1.4045488524256795
3919,marching,3920,5.68,1.3619,,,,3160.0,1.4045488524256795
3920,mars,3921,5.68,0.957,3552.0,,,3641.0,1.4045488524256795
3921,merchants,3922,5.68,1.449,,3868.0,,,1.4045488524256795
3922,mission,3923,5.68,1.3468,2492.0,1809.0,1849.0,1705.0,1.4045488524256795
3923,mississippi,3924,5.68,1.2848,,4392.0,4091.0,3209.0,1.4045488524256795
3924,moment,3925,5.68,1.1147,507.0,554.0,1333.0,554.0,1.4045488524256795
3925,moves,3926,5.68,0.957,2532.0,3314.0,2909.0,1193.0,1.4045488524256795
3926,nearby,3927,5.68,1.1856,,,2449.0,,1.4045488524256795
3927,nuevo,3928,5.68,1.1683,4037.0,,,4002.0,1.4045488524256795
3928,often,3929,5.68,1.4205,1269.0,190.0,517.0,1692.0,1.4045488524256795
3929,organs,3930,5.68,1.449,,3309.0,,,1.4045488524256795
3930,permanent,3931,5.68,1.4769,,1926.0,2748.0,4717.0,1.4045488524256795
3931,perspectives,3932,5.68,1.4348,,4815.0,,,1.4045488524256795
3932,physiological,3933,5.68,1.449,,4552.0,,,1.4045488524256795
3933,playoff,3934,5.68,1.4205,,,3978.0,,1.4045488524256795
3934,portland,3935,5.68,1.2027,3756.0,,2839.0,,1.4045488524256795
3935,program,3936,5.68,1.2196,1250.0,594.0,245.0,,1.4045488524256795
3936,publicity,3937,5.68,1.3768,,,4882.0,,1.4045488524256795
3937,publishers,3938,5.68,1.2196,,4325.0,3298.0,,1.4045488524256795
3938,pursue,3939,5.68,1.4769,,4663.0,3911.0,,1.4045488524256795
3939,response,3940,5.68,1.2688,2079.0,744.0,1372.0,,1.4045488524256795
3940,resume,3941,5.68,1.2848,4825.0,,3835.0,,1.4045488524256795
3941,role,3942,5.68,0.8908,2401.0,524.0,670.0,2780.0,1.4045488524256795
3942,salt,3943,5.68,1.5706,2568.0,2090.0,3083.0,2742.0,1.4045488524256795
3943,seeks,3944,5.68,0.9988,4998.0,,4770.0,,1.4045488524256795
3944,sitting,3945,5.68,1.0962,593.0,1997.0,2511.0,935.0,1.4045488524256795
3945,southeast,3946,5.68,1.2196,,,4627.0,,1.4045488524256795
3946,speaker,3947,5.68,0.9988,4225.0,3462.0,2410.0,,1.4045488524256795
3947,speaks,3948,5.68,1.1856,4027.0,3379.0,,2903.0,1.4045488524256795
3948,spoken,3949,5.68,1.3161,,2532.0,4741.0,1604.0,1.4045488524256795
3949,stimulus,3950,5.68,1.8232,4101.0,4025.0,,,1.4045488524256795
3950,suggests,3951,5.68,0.9355,,1712.0,2604.0,,1.4045488524256795
3951,sydney,3952,5.68,1.463,3276.0,,4455.0,,1.4045488524256795
3952,tot,3953,5.68,1.6343,,,,2979.0,1.4045488524256795
3953,trustee,3954,5.68,1.5043,,,2739.0,,1.4045488524256795
3954,usb,3955,5.68,1.019,3695.0,,,,1.4045488524256795
3955,west,3956,5.68,1.3468,761.0,483.0,152.0,888.0,1.4045488524256795
3956,moses,3957,5.67,1.5328,,4223.0,,,1.3584618536856223
3957,occurring,3958,5.67,0.9217,,4240.0,,,1.3584618536856223
3958,saddle,3959,5.67,1.449,,,,4704.0,1.3584618536856223
3959,samples,3960,5.67,1.197,,2966.0,,,1.3584618536856223
3960,tail,3961,5.67,1.5054,,3847.0,,2754.0,1.3584618536856223
3961,thrust,3962,5.67,1.5731,,4842.0,,,1.3584618536856223
3962,vow,3963,5.67,1.4052,,,,3694.0,1.3584618536856223
3963,conversion,3964,5.67,1.2937,,3212.0,,,1.3584618536856223
3964,evident,3965,5.67,1.3248,,1916.0,,,1.3584618536856223
3965,#travel,3966,5.66,1.9755,,,,,1.3123748549455652
3966,21st,3967,5.66,1.239,,,,,1.3123748549455652
3967,8pm,3968,5.66,1.2875,,,,,1.3123748549455652
3968,absorbed,3969,5.66,1.4792,,4080.0,,,1.3123748549455652
3969,african,3970,5.66,1.7567,3736.0,1380.0,1780.0,,1.3123748549455652
3970,alexandra,3971,5.66,1.0806,,,4360.0,,1.3123748549455652
3971,among,3972,5.66,1.3032,2837.0,184.0,286.0,1971.0,1.3123748549455652
3972,aspect,3973,5.66,1.0616,,1906.0,,,1.3123748549455652
3973,association,3974,5.66,1.239,,784.0,356.0,,1.3123748549455652
3974,auto,3975,5.66,1.5858,1874.0,,1704.0,,1.3123748549455652
3975,blue,3976,5.66,1.9337,458.0,1189.0,1364.0,300.0,1.3123748549455652
3976,bold,3977,5.66,1.7912,2480.0,4665.0,,2964.0,1.3123748549455652
3977,british,3978,5.66,1.6977,2094.0,434.0,856.0,,1.3123748549455652
3978,casa,3979,5.66,1.2715,2381.0,,,2730.0,1.3123748549455652
3979,cents,3980,5.66,1.5201,,4816.0,299.0,,1.3123748549455652
3980,chose,3981,5.66,1.0806,4393.0,3705.0,3308.0,2175.0,1.3123748549455652
3981,claus,3982,5.66,1.3188,,,,2929.0,1.3123748549455652
3982,collect,3983,5.66,1.5986,,4589.0,,3877.0,1.3123748549455652
3983,compete,3984,5.66,1.6489,,,3258.0,,1.3123748549455652
3984,concluded,3985,5.66,1.1537,,2589.0,2808.0,,1.3123748549455652
3985,conclusion,3986,5.66,0.9817,,1463.0,4206.0,,1.3123748549455652
3986,continues,3987,5.66,1.2554,2687.0,2770.0,1733.0,,1.3123748549455652
3987,coverage,3988,5.66,1.3188,2849.0,4884.0,2228.0,,1.3123748549455652
3988,cup,3989,5.66,0.9607,934.0,3327.0,1201.0,1434.0,1.3123748549455652
3989,customer,3990,5.66,1.6856,2300.0,3785.0,3524.0,,1.3123748549455652
3990,describe,3991,5.66,1.0806,4677.0,1848.0,4326.0,3486.0,1.3123748549455652
3991,developmental,3992,5.66,1.2875,,4336.0,,,1.3123748549455652
3992,digest,3993,5.66,1.493,,,3568.0,,1.3123748549455652
3993,discussions,3994,5.66,1.5858,,3529.0,3484.0,,1.3123748549455652
3994,drawn,3995,5.66,1.239,,1238.0,3087.0,2706.0,1.3123748549455652
3995,drew,3996,5.66,1.2224,3500.0,2486.0,2414.0,4024.0,1.3123748549455652
3996,early,3997,5.66,1.239,346.0,241.0,355.0,1124.0,1.3123748549455652
3997,electric,3998,5.66,1.5467,2562.0,2210.0,2081.0,2319.0,1.3123748549455652
3998,entrance,3999,5.66,0.7982,,2960.0,4369.0,,1.3123748549455652
3999,exchanges,4000,5.66,1.1886,,,,,1.3123748549455652
4000,follow,4001,5.66,1.1713,211.0,860.0,1419.0,545.0,1.3123748549455652
4001,foundation,4002,5.66,1.3644,3723.0,1738.0,725.0,,1.3123748549455652
4002,glove,4003,5.66,1.2715,,,,3762.0,1.3123748549455652
4003,gps,4004,5.66,1.0022,4362.0,,,,1.3123748549455652
4004,groups,4005,5.66,1.3032,3330.0,468.0,767.0,,1.3123748549455652
4005,ham,4006,5.66,1.9018,3373.0,,,,1.3123748549455652
4006,immediately,4007,5.66,1.1359,4365.0,861.0,1832.0,,1.3123748549455652
4007,indiana,4008,5.66,1.4792,4799.0,,3264.0,,1.3123748549455652
4008,indie,4009,5.66,1.7567,4416.0,,,,1.3123748549455652
4009,intense,4010,5.66,1.5066,3502.0,3263.0,3853.0,,1.3123748549455652
4010,leopard,4011,5.66,1.5066,3730.0,,,,1.3123748549455652
4011,louisiana,4012,5.66,1.3644,,,4123.0,,1.3123748549455652
4012,mane,4013,5.66,1.3644,,,,,1.3123748549455652
4013,manufacturing,4014,5.66,1.3494,,2689.0,2627.0,,1.3123748549455652
4014,members,4015,5.66,1.2224,1998.0,384.0,284.0,,1.3123748549455652
4015,molecules,4016,5.66,1.5334,,3523.0,,,1.3123748549455652
4016,obama's,4017,5.66,2.2462,,,,,1.3123748549455652
4017,occupy,4018,5.66,1.5598,,4986.0,,,1.3123748549455652
4018,oooo,4019,5.66,2.0062,,,,3311.0,1.3123748549455652
4019,parkway,4020,5.66,1.1713,,,4608.0,,1.3123748549455652
4020,passed,4021,5.66,2.0564,1687.0,692.0,754.0,1212.0,1.3123748549455652
4021,people's,4022,5.66,1.0422,,2883.0,,,1.3123748549455652
4022,phillips,4023,5.66,1.2224,,,3017.0,,1.3123748549455652
4023,playoffs,4024,5.66,1.6977,,,2395.0,,1.3123748549455652
4024,practices,4025,5.66,1.3188,,1863.0,2929.0,,1.3123748549455652
4025,prepare,4026,5.66,1.4792,3107.0,3100.0,4188.0,2718.0,1.3123748549455652
4026,priority,4027,5.66,1.423,,4573.0,4643.0,,1.3123748549455652
4027,reap,4028,5.66,1.5201,,,,4847.0,1.3123748549455652
4028,regard,4029,5.66,1.0224,,938.0,4681.0,,1.3123748549455652
4029,residents,4030,5.66,1.2715,,3986.0,1170.0,,1.3123748549455652
4030,rode,4031,5.66,1.1178,,,,3031.0,1.3123748549455652
4031,roll,4032,5.66,1.0616,1138.0,3867.0,4336.0,351.0,1.3123748549455652
4032,roots,4033,5.66,1.5858,,2831.0,4284.0,2951.0,1.3123748549455652
4033,rugged,4034,5.66,1.6734,,,,4790.0,1.3123748549455652
4034,sake,4035,5.66,1.4654,4084.0,2784.0,,2713.0,1.3123748549455652
4035,sandy,4036,5.66,1.7333,,,4572.0,,1.3123748549455652
4036,served,4037,5.66,1.239,4711.0,1412.0,556.0,4238.0,1.3123748549455652
4037,seven,4038,5.66,1.2554,2842.0,925.0,657.0,976.0,1.3123748549455652
4038,several,4039,5.66,0.9172,2076.0,249.0,304.0,,1.3123748549455652
4039,shareholders,4040,5.66,1.3188,,,2358.0,,1.3123748549455652
4040,sidney,4041,5.66,1.1178,,,3697.0,,1.3123748549455652
4041,sign,4042,5.66,1.2875,744.0,1491.0,1300.0,746.0,1.3123748549455652
4042,silkk,4043,5.66,1.5201,,,,4466.0,1.3123748549455652
4043,sol,4044,5.66,1.6113,,,,2004.0,1.3123748549455652
4044,son-in-law,4045,5.66,1.5598,,,,,1.3123748549455652
4045,stretch,4046,5.66,1.5066,4967.0,,3948.0,2811.0,1.3123748549455652
4046,tenure,4047,5.66,1.3644,,,4821.0,,1.3123748549455652
4047,timing,4048,5.66,1.1537,,,3954.0,,1.3123748549455652
4048,tongues,4049,5.66,1.3494,,,,4259.0,1.3123748549455652
4049,tower,4050,5.66,1.4086,2609.0,3483.0,3010.0,2945.0,1.3123748549455652
4050,upstairs,4051,5.66,1.1537,4843.0,,,4609.0,1.3123748549455652
4051,usually,4052,5.66,0.8947,1261.0,409.0,1539.0,3587.0,1.3123748549455652
4052,verse,4053,5.66,1.3644,,2907.0,,242.0,1.3123748549455652
4053,wrapping,4054,5.66,1.2224,4227.0,,,,1.3123748549455652
4054,yard,4055,5.66,1.4086,2927.0,4077.0,,2245.0,1.3123748549455652
4055,adequate,4056,5.66,1.6054,,2115.0,,,1.3123748549455652
4056,explains,4057,5.66,1.522,,4140.0,,,1.3123748549455652
4057,doorway,4058,5.65,1.1466,,,,4448.0,1.2662878562055082
4058,drinkin,4059,5.65,1.9317,,,,3737.0,1.2662878562055082
4059,examined,4060,5.65,1.4513,,2368.0,,,1.2662878562055082
4060,height,4061,5.65,1.4076,,1902.0,,,1.2662878562055082
4061,influenced,4062,5.65,1.4656,,2929.0,,,1.2662878562055082
4062,mami,4063,5.65,1.3158,,,,2008.0,1.2662878562055082
4063,mathematics,4064,5.65,1.6014,,3981.0,,,1.2662878562055082
4064,organisation,4065,5.65,1.5752,,3920.0,,,1.2662878562055082
4065,phases,4066,5.65,1.0907,,4102.0,,,1.2662878562055082
4066,realm,4067,5.65,1.4656,,3957.0,,,1.2662878562055082
4067,remarked,4068,5.65,1.6014,,4015.0,,,1.2662878562055082
4068,structures,4069,5.65,1.3625,,1534.0,,,1.2662878562055082
4069,consisting,4070,5.65,1.1753,,3543.0,,,1.2662878562055082
4070,clown,4071,5.65,1.8159,,,,1689.0,1.2662878562055082
4071,equations,4072,5.65,1.2798,,2823.0,,,1.2662878562055082
4072,hum,4073,5.65,1.5776,,,,3703.0,1.2662878562055082
4073,1950's,4074,5.64,1.4535,,,,,1.2202008574654473
4074,2day,4075,5.64,1.2578,,,,,1.2202008574654473
4075,ac,4076,5.64,1.5354,3816.0,3860.0,,,1.2202008574654473
4076,alaska,4077,5.64,1.6258,,,4637.0,,1.2202008574654473
4077,amanda,4078,5.64,1.4107,4873.0,,4772.0,,1.2202008574654473
4078,asterisk,4079,5.64,1.2081,,,3531.0,,1.2202008574654473
4079,bag,4080,5.64,1.0645,1102.0,4121.0,4332.0,1280.0,1.2202008574654473
4080,bra,4081,5.64,1.7815,3784.0,,,,1.2202008574654473
4081,businesses,4082,5.64,1.2739,3981.0,,1522.0,,1.2202008574654473
4082,cable,4083,5.64,1.5221,2323.0,4835.0,1662.0,,1.2202008574654473
4083,charger,4084,5.64,1.1205,4341.0,,,,1.2202008574654473
4084,chester,4085,5.64,1.3516,,,4860.0,,1.2202008574654473
4085,chinese,4086,5.64,1.4813,1213.0,1037.0,1294.0,4927.0,1.2202008574654473
4086,circular,4087,5.64,1.0451,,3893.0,,,1.2202008574654473
4087,civilian,4088,5.64,1.5354,,,3549.0,,1.2202008574654473
4088,civilians,4089,5.64,1.1386,,,4946.0,,1.2202008574654473
4089,closely,4090,5.64,1.5221,,1660.0,2984.0,,1.2202008574654473
4090,cognitive,4091,5.64,1.3962,,3039.0,,,1.2202008574654473
4091,combo,4092,5.64,1.2739,4255.0,,,,1.2202008574654473
4092,commons,4093,5.64,1.3516,,4138.0,,,1.2202008574654473
4093,competition,4094,5.64,1.6995,2522.0,1966.0,1423.0,3627.0,1.2202008574654473
4094,construction,4095,5.64,1.5354,4287.0,1062.0,1216.0,,1.2202008574654473
4095,designated,4096,5.64,1.3667,,4464.0,,,1.2202008574654473
4096,dive,4097,5.64,1.3815,,,,2872.0,1.2202008574654473
4097,editor,4098,5.64,1.4394,4515.0,2331.0,539.0,,1.2202008574654473
4098,employees,4099,5.64,1.1205,4354.0,2060.0,927.0,,1.2202008574654473
4099,entitled,4100,5.64,1.5086,,2242.0,4466.0,,1.2202008574654473
4100,escape,4101,5.64,2.0777,3430.0,1980.0,3946.0,1098.0,1.2202008574654473
4101,every,4102,5.64,1.0053,244.0,151.0,331.0,125.0,1.2202008574654473
4102,evidence,4103,5.64,1.2578,4928.0,472.0,942.0,3777.0,1.2202008574654473
4103,expects,4104,5.64,1.4675,,,2948.0,,1.2202008574654473
4104,financing,4105,5.64,1.9141,,,1940.0,,1.2202008574654473
4105,flown,4106,5.64,1.3365,,,,3973.0,1.2202008574654473
4106,followers,4107,5.64,1.4813,493.0,4100.0,,,1.2202008574654473
4107,gucci,4108,5.64,1.6258,3480.0,,,4536.0,1.2202008574654473
4108,guess,4109,5.64,1.0835,370.0,3601.0,2881.0,385.0,1.2202008574654473
4109,hamilton,4110,5.64,1.1739,,4613.0,2589.0,,1.2202008574654473
4110,handful,4111,5.64,1.2578,,,,,1.2202008574654473
4111,heads,4112,5.64,1.0451,2375.0,2080.0,2273.0,1141.0,1.2202008574654473
4112,heights,4113,5.64,1.6383,,,1544.0,,1.2202008574654473
4113,holding,4114,5.64,1.1205,1949.0,1675.0,1526.0,617.0,1.2202008574654473
4114,importa,4115,5.64,1.2415,,,,3788.0,1.2202008574654473
4115,influence,4116,5.64,1.2415,4653.0,501.0,2054.0,,1.2202008574654473
4116,inning,4117,5.64,1.1911,,,4195.0,,1.2202008574654473
4117,involvement,4118,5.64,1.3667,,3112.0,3347.0,,1.2202008574654473
4118,kathleen,4119,5.64,1.0451,,,2935.0,,1.2202008574654473
4119,kit,4120,5.64,0.9424,2943.0,,,,1.2202008574654473
4120,layer,4121,5.64,1.1563,,2032.0,,,1.2202008574654473
4121,lit,4122,5.64,1.3056,4508.0,,,2030.0,1.2202008574654473
4122,means,4123,5.64,1.3516,716.0,250.0,987.0,776.0,1.2202008574654473
4123,mtv,4124,5.64,1.7585,2805.0,,,,1.2202008574654473
4124,mystery,4125,5.64,1.849,3239.0,3877.0,3772.0,1371.0,1.2202008574654473
4125,night's,4126,5.64,1.5487,,,,,1.2202008574654473
4126,obvious,4127,5.64,1.0835,3954.0,1635.0,3462.0,3370.0,1.2202008574654473
4127,oriented,4128,5.64,1.3211,,3688.0,,,1.2202008574654473
4128,owned,4129,5.64,1.7815,,2944.0,1427.0,,1.2202008574654473
4129,pace,4130,5.64,1.0254,,4572.0,2443.0,2477.0,1.2202008574654473
4130,pennsylvania,4131,5.64,1.6507,,3202.0,1665.0,,1.2202008574654473
4131,portions,4132,5.64,1.2578,,4068.0,,,1.2202008574654473
4132,presidents,4133,5.64,1.5748,,,3538.0,,1.2202008574654473
4133,probably,4134,5.64,1.2415,505.0,480.0,698.0,1132.0,1.2202008574654473
4134,provision,4135,5.64,1.3056,,2252.0,2193.0,,1.2202008574654473
4135,purposes,4136,5.64,1.4535,,1247.0,,,1.2202008574654473
4136,rainy,4137,5.64,2.1737,2538.0,,,2301.0,1.2202008574654473
4137,rang,4138,5.64,1.0835,,,,3757.0,1.2202008574654473
4138,rangers,4139,5.64,1.3056,,,2907.0,,1.2202008574654473
4139,recommend,4140,5.64,1.6995,2221.0,,,,1.2202008574654473
4140,ricky,4141,5.64,1.5877,4927.0,,,,1.2202008574654473
4141,secular,4142,5.64,1.4535,,4794.0,,,1.2202008574654473
4142,senior,4143,5.64,1.2081,2730.0,3229.0,375.0,,1.2202008574654473
4143,serving,4144,5.64,1.3516,4854.0,3551.0,1433.0,,1.2202008574654473
4144,sheets,4145,5.64,1.0645,4228.0,,,2134.0,1.2202008574654473
4145,southern,4146,5.64,1.6258,2882.0,1142.0,1188.0,2472.0,1.2202008574654473
4146,soy,4147,5.64,1.5086,3656.0,,,1199.0,1.2202008574654473
4147,speakers,4148,5.64,1.4251,4803.0,,,4795.0,1.2202008574654473
4148,spin,4149,5.64,1.3962,3779.0,,,1342.0,1.2202008574654473
4149,states,4150,5.64,1.2578,2177.0,167.0,111.0,4340.0,1.2202008574654473
4150,streets,4151,5.64,1.2415,2649.0,2316.0,1393.0,512.0,1.2202008574654473
4151,symbol,4152,5.64,1.2739,,3211.0,4562.0,,1.2202008574654473
4152,techniques,4153,5.64,1.0645,,1542.0,4880.0,,1.2202008574654473
4153,tee,4154,5.64,0.9638,3982.0,,,3622.0,1.2202008574654473
4154,tends,4155,5.64,1.1563,,3460.0,,,1.2202008574654473
4155,tokio,4156,5.64,1.1021,4686.0,,,,1.2202008574654473
4156,trend,4157,5.64,1.1739,3455.0,3635.0,3653.0,,1.2202008574654473
4157,upload,4158,5.64,1.3667,2542.0,,,,1.2202008574654473
4158,use,4159,5.64,1.1563,261.0,124.0,305.0,519.0,1.2202008574654473
4159,vast,4160,5.64,1.5354,,1954.0,3380.0,4310.0,1.2202008574654473
4160,venture,4161,5.64,1.3211,,4486.0,2325.0,,1.2202008574654473
4161,veterans,4162,5.64,1.849,,,3325.0,,1.2202008574654473
4162,wholesalers,4163,5.64,1.6383,,,3554.0,,1.2202008574654473
4163,wrote,4164,5.64,1.3365,1429.0,737.0,821.0,1243.0,1.2202008574654473
4164,elite,4165,5.64,2.1308,,4999.0,,,1.2202008574654473
4165,genes,4166,5.64,1.0092,,4600.0,,,1.2202008574654473
4166,hydrogen,4167,5.63,1.3798,,3392.0,,,1.17411385872539
4167,intentions,4168,5.63,1.2023,,,,2939.0,1.17411385872539
4168,lungs,4169,5.63,1.3021,,,,2735.0,1.17411385872539
4169,measuring,4170,5.63,1.2023,,3911.0,,,1.17411385872539
4170,origin,4171,5.63,1.1672,,1319.0,,,1.17411385872539
4171,peripheral,4172,5.63,1.3493,,4530.0,,,1.17411385872539
4172,twentieth,4173,5.63,0.9724,,3412.0,,,1.17411385872539
4173,riders,4174,5.62,1.4236,,,,4586.0,1.1280268599853331
4174,spaces,4175,5.62,1.0237,,4478.0,,,1.1280268599853331
4175,vary,4176,5.62,1.2138,,2815.0,,,1.1280268599853331
4176,accent,4177,5.62,1.028,4268.0,,,,1.1280268599853331
4177,airline,4178,5.62,1.6022,,,2425.0,,1.1280268599853331
4178,alma,4179,5.62,1.427,,,,2274.0,1.1280268599853331
4179,appeal,4180,5.62,1.5104,,1927.0,1505.0,4297.0,1.1280268599853331
4180,around,4181,5.62,0.9452,262.0,334.0,318.0,113.0,1.1280268599853331
4181,assistant,4182,5.62,1.1045,3869.0,3307.0,549.0,,1.1280268599853331
4182,associate,4183,5.62,1.0669,,4804.0,907.0,,1.1280268599853331
4183,became,4184,5.62,1.0079,3009.0,363.0,690.0,1859.0,1.1280268599853331
4184,behavioral,4185,5.62,1.3384,,4279.0,,,1.1280268599853331
4185,bottle,4186,5.62,1.3384,1036.0,4358.0,4999.0,1163.0,1.1280268599853331
4186,buildings,4187,5.62,1.3981,,1938.0,1418.0,4483.0,1.1280268599853331
4187,buzz,4188,5.62,1.6523,2636.0,,,3532.0,1.1280268599853331
4188,can,4189,5.62,1.276,48.0,51.0,72.0,33.0,1.1280268599853331
4189,catching,4190,5.62,1.2271,2101.0,,,4089.0,1.1280268599853331
4190,characteristics,4191,5.62,1.4553,,1297.0,,,1.1280268599853331
4191,charlie,4192,5.62,1.276,2676.0,,3956.0,3294.0,1.1280268599853331
4192,clock,4193,5.62,0.9875,1546.0,2167.0,,1307.0,1.1280268599853331
4193,cloud,4194,5.62,1.8504,2978.0,4103.0,,1477.0,1.1280268599853331
4194,comments,4195,5.62,1.0476,1701.0,3209.0,2675.0,,1.1280268599853331
4195,corazon,4196,5.62,1.5104,,,,2171.0,1.1280268599853331
4196,cycle,4197,5.62,1.4412,4834.0,2150.0,,,1.1280268599853331
4197,describing,4198,5.62,1.3231,,4027.0,4850.0,,1.1280268599853331
4198,dice,4199,5.62,1.2919,,,,1702.0,1.1280268599853331
4199,display,4200,5.62,0.9234,3573.0,2515.0,2614.0,,1.1280268599853331
4200,dudes,4201,5.62,1.4553,2530.0,,,3390.0,1.1280268599853331
4201,dutch,4202,5.62,1.1761,4745.0,2797.0,4335.0,4934.0,1.1280268599853331
4202,espn,4203,5.62,1.8832,3733.0,,,,1.1280268599853331
4203,eve,4204,5.62,1.6769,1110.0,,3837.0,2228.0,1.1280268599853331
4204,ford,4205,5.62,1.2436,3320.0,4563.0,1716.0,,1.1280268599853331
4205,formal,4206,5.62,1.5372,,1707.0,3060.0,,1.1280268599853331
4206,fry,4207,5.62,1.8282,,,,4727.0,1.1280268599853331
4207,heading,4208,5.62,1.0669,667.0,,4645.0,2471.0,1.1280268599853331
4208,heather,4209,5.62,0.901,,,4841.0,,1.1280268599853331
4209,homies,4210,5.62,1.9048,,,,1769.0,1.1280268599853331
4210,instances,4211,5.62,0.901,,2209.0,,,1.1280268599853331
4211,jews,4212,5.62,1.5372,,1649.0,2506.0,,1.1280268599853331
4212,leaves,4213,5.62,1.7944,2123.0,1462.0,1490.0,940.0,1.1280268599853331
4213,leg,4214,5.62,1.0079,2298.0,3494.0,4052.0,2530.0,1.1280268599853331
4214,lolol,4215,5.62,2.1843,4422.0,,,,1.1280268599853331
4215,managing,4216,5.62,1.2599,,,1868.0,,1.1280268599853331
4216,material,4217,5.62,0.9234,2002.0,486.0,1744.0,3967.0,1.1280268599853331
4217,media,4218,5.62,1.8058,399.0,1722.0,228.0,3804.0,1.1280268599853331
4218,microsoft,4219,5.62,2.1082,1893.0,,2783.0,,1.1280268599853331
4219,next,4220,5.62,1.0669,168.0,324.0,169.0,370.0,1.1280268599853331
4220,oct,4221,5.62,1.4412,4922.0,4829.0,511.0,,1.1280268599853331
4221,organisms,4222,5.62,1.276,,4166.0,,,1.1280268599853331
4222,page,4223,5.62,0.9666,699.0,854.0,265.0,1647.0,1.1280268599853331
4223,pages,4224,5.62,0.9875,2103.0,1778.0,1816.0,2704.0,1.1280268599853331
4224,pitch,4225,5.62,1.3536,4235.0,4907.0,3666.0,4622.0,1.1280268599853331
4225,poll,4226,5.62,1.3384,3839.0,,2936.0,,1.1280268599853331
4226,printer,4227,5.62,1.2599,4696.0,,,,1.1280268599853331
4227,proportion,4228,5.62,0.9666,,1608.0,,,1.1280268599853331
4228,proportions,4229,5.62,1.028,,4863.0,,,1.1280268599853331
4229,referred,4230,5.62,0.9875,,1485.0,446.0,,1.1280268599853331
4230,reflects,4231,5.62,1.8504,,4457.0,3582.0,,1.1280268599853331
4231,reply,4232,5.62,1.3231,1174.0,2584.0,,3789.0,1.1280268599853331
4232,resulted,4233,5.62,1.3076,,2999.0,3351.0,,1.1280268599853331
4233,rockville,4234,5.62,1.4693,,,3773.0,,1.1280268599853331
4234,runs,4235,5.62,1.276,2308.0,3083.0,1204.0,1476.0,1.1280268599853331
4235,sacred,4236,5.62,1.8614,,2286.0,4865.0,2179.0,1.1280268599853331
4236,sells,4237,5.62,1.3231,,,3924.0,,1.1280268599853331
4237,sidewalk,4238,5.62,1.2271,,,,3915.0,1.1280268599853331
4238,snowed,4239,5.62,2.0293,4777.0,,,,1.1280268599853331
4239,status,4240,5.62,1.1761,1999.0,1012.0,1779.0,4267.0,1.1280268599853331
4240,they,4241,5.62,1.1761,62.0,31.0,34.0,44.0,1.1280268599853331
4241,through,4242,5.62,1.2103,342.0,99.0,101.0,94.0,1.1280268599853331
4242,tommy,4243,5.62,1.427,,,,3826.0,1.1280268599853331
4243,transaction,4244,5.62,1.0079,,4646.0,4635.0,,1.1280268599853331
4244,tub,4245,5.62,1.6399,4891.0,,,,1.1280268599853331
4245,variable,4246,5.62,1.3384,,1818.0,,,1.1280268599853331
4246,vday,4247,5.62,1.76,4897.0,,,,1.1280268599853331
4247,virtual,4248,5.62,1.2271,2504.0,,,,1.1280268599853331
4248,watches,4249,5.62,1.5104,4918.0,,,4241.0,1.1280268599853331
4249,we've,4250,5.62,1.3231,,,,,1.1280268599853331
4250,widely,4251,5.62,1.0476,,2055.0,2439.0,,1.1280268599853331
4251,ya'll,4252,5.62,1.4968,,,,,1.1280268599853331
4252,york,4253,5.62,1.1761,874.0,225.0,37.0,1002.0,1.1280268599853331
4253,ideological,4254,5.61,1.4694,,4744.0,,,1.081939861245276
4254,midst,4255,5.61,1.3817,,3887.0,,,1.081939861245276
4255,comparatively,4256,5.6,1.3004,,4307.0,,,1.035852862505215
4256,address,4257,5.6,1.0498,2310.0,1327.0,1243.0,4656.0,1.035852862505215
4257,airlines,4258,5.6,1.5908,,,1760.0,,1.035852862505215
4258,ancient,4259,5.6,1.4142,,1007.0,3774.0,2181.0,1.035852862505215
4259,apartment,4260,5.6,1.3248,2119.0,4419.0,1396.0,4120.0,1.035852862505215
4260,apparent,4261,5.6,1.069,,1716.0,3944.0,,1.035852862505215
4261,arranged,4262,5.6,1.3401,,2575.0,4574.0,,1.035852862505215
4262,assembly,4263,5.6,1.088,,1607.0,1688.0,,1.035852862505215
4263,bathroom,4264,5.6,1.3248,1423.0,,,3249.0,1.035852862505215
4264,bees,4265,5.6,2.1381,,,,3801.0,1.035852862505215
4265,bon,4266,5.6,1.2289,3586.0,,,4769.0,1.035852862505215
4266,brasil,4267,5.6,1.7496,4992.0,,,,1.035852862505215
4267,called,4268,5.6,1.1066,481.0,185.0,323.0,588.0,1.035852862505215
4268,caroline,4269,5.6,1.7613,,,4368.0,,1.035852862505215
4269,centers,4270,5.6,0.9035,,3386.0,2227.0,,1.035852862505215
4270,central,4271,5.6,0.8806,1722.0,504.0,577.0,4577.0,1.035852862505215
4271,chapter,4272,5.6,1.2122,2981.0,260.0,1981.0,4765.0,1.035852862505215
4272,cleaning,4273,5.6,1.9588,1179.0,,,,1.035852862505215
4273,columns,4274,5.6,1.1952,,3477.0,,,1.035852862505215
4274,combined,4275,5.6,1.1066,,1822.0,2588.0,,1.035852862505215
4275,concrete,4276,5.6,0.9897,,2304.0,4604.0,2622.0,1.035852862505215
4276,considering,4277,5.6,1.1249,2241.0,2685.0,2339.0,,1.035852862505215
4277,consulting,4278,5.6,1.178,,,2569.0,,1.035852862505215
4278,covers,4279,5.6,0.9897,3482.0,4512.0,4062.0,3051.0,1.035852862505215
4279,crew,4280,5.6,0.9258,2212.0,4139.0,2610.0,917.0,1.035852862505215
4280,edinburgh,4281,5.6,1.3851,,4706.0,,,1.035852862505215
4281,efforts,4282,5.6,1.4569,4165.0,1161.0,838.0,,1.035852862505215
4282,eleven,4283,5.6,1.0302,,3759.0,,3963.0,1.035852862505215
4283,enormous,4284,5.6,1.5119,,3107.0,3294.0,,1.035852862505215
4284,entirely,4285,5.6,1.1429,4983.0,1103.0,3167.0,,1.035852862505215
4285,evan,4286,5.6,1.178,,,4859.0,,1.035852862505215
4286,francisco,4287,5.6,1.4428,2996.0,3192.0,1017.0,,1.035852862505215
4287,frequency,4288,5.6,0.8806,,1456.0,,,1.035852862505215
4288,function,4289,5.6,1.4569,4701.0,489.0,,,1.035852862505215
4289,got,4290,5.6,1.4569,59.0,459.0,390.0,36.0,1.035852862505215
4290,historians,4291,5.6,1.5779,,4596.0,,,1.035852862505215
4291,hop,4292,5.6,1.6162,2243.0,,,1377.0,1.035852862505215
4292,idol,4293,5.6,1.4708,949.0,,,,1.035852862505215
4293,immediate,4294,5.6,1.666,,1507.0,2202.0,,1.035852862505215
4294,indianapolis,4295,5.6,1.5386,,,4759.0,,1.035852862505215
4295,involving,4296,5.6,1.3401,,2733.0,2152.0,,1.035852862505215
4296,layers,4297,5.6,1.3093,,3742.0,,,1.035852862505215
4297,level,4298,5.6,0.9897,1504.0,335.0,991.0,2359.0,1.035852862505215
4298,links,4299,5.6,1.1606,2056.0,3963.0,,,1.035852862505215
4299,lisa,4300,5.6,1.3093,4055.0,,1785.0,3815.0,1.035852862505215
4300,mouths,4301,5.6,1.2936,,,,4726.0,1.035852862505215
4301,news,4302,5.6,1.5518,128.0,1133.0,123.0,1035.0,1.035852862505215
4302,occasional,4303,5.6,1.4428,,3872.0,,,1.035852862505215
4303,outcome,4304,5.6,1.1429,,2964.0,3513.0,,1.035852862505215
4304,pat,4305,5.6,0.9897,3574.0,,2510.0,3585.0,1.035852862505215
4305,patent,4306,5.6,1.6162,4367.0,4072.0,2910.0,,1.035852862505215
4306,perceived,4307,5.6,1.3851,,2884.0,,,1.035852862505215
4307,pick,4308,5.6,0.9689,728.0,3548.0,2007.0,704.0,1.035852862505215
4308,pope,4309,5.6,1.5649,,2669.0,3435.0,,1.035852862505215
4309,priest,4310,5.6,1.7023,,2856.0,4559.0,3871.0,1.035852862505215
4310,pronounced,4311,5.6,1.3702,,4182.0,,,1.035852862505215
4311,quotes,4312,5.6,1.3851,3406.0,,,,1.035852862505215
4312,reaching,4313,5.6,1.1066,,3059.0,4208.0,1805.0,1.035852862505215
4313,relatively,4314,5.6,1.0302,,1213.0,2635.0,,1.035852862505215
4314,reminded,4315,5.6,1.2778,3888.0,,,,1.035852862505215
4315,reynolds,4316,5.6,1.088,,,3840.0,,1.035852862505215
4316,runner,4317,5.6,1.6288,,,,,1.035852862505215
4317,saying,4318,5.6,0.8571,639.0,1144.0,593.0,655.0,1.035852862505215
4318,seeking,4319,5.6,1.1429,3848.0,2590.0,1232.0,3640.0,1.035852862505215
4319,specific,4320,5.6,0.9689,4864.0,542.0,2458.0,,1.035852862505215
4320,spell,4321,5.6,1.4142,2629.0,,,1394.0,1.035852862505215
4321,stand,4322,5.6,1.1066,918.0,993.0,1413.0,241.0,1.035852862505215
4322,suggested,4323,5.6,1.2454,,1113.0,1334.0,,1.035852862505215
4323,title,4324,5.6,1.088,2068.0,1268.0,918.0,,1.035852862505215
4324,topics,4325,5.6,0.833,4412.0,4260.0,4338.0,,1.035852862505215
4325,trustees,4326,5.6,1.3702,,,1715.0,,1.035852862505215
4326,twice,4327,5.6,1.1429,1785.0,2266.0,1877.0,943.0,1.035852862505215
4327,utilities,4328,5.6,1.7023,,,4961.0,,1.035852862505215
4328,veteran,4329,5.6,1.1429,,,2229.0,,1.035852862505215
4329,viewed,4330,5.6,1.2122,,3140.0,4061.0,,1.035852862505215
4330,virtually,4331,5.6,1.0498,,3353.0,2737.0,,1.035852862505215
4331,walker,4332,5.6,1.5518,,,2720.0,,1.035852862505215
4332,watchin,4333,5.6,1.2122,1251.0,,,3067.0,1.035852862505215
4333,your,4334,5.6,1.0302,28.0,95.0,191.0,12.0,1.035852862505215
4334,accustomed,4335,5.6,1.3778,,4718.0,,,1.035852862505215
4335,deed,4336,5.6,1.5556,,4952.0,,4808.0,1.035852862505215
4336,besos,4337,5.59,1.632,,,,3743.0,0.9897658637651578
4337,classroom,4338,5.59,1.7668,,4326.0,,,0.9897658637651578
4338,comparative,4339,5.59,1.2234,,3149.0,,,0.9897658637651578
4339,constituted,4340,5.59,1.135,,4187.0,,,0.9897658637651578
4340,indicating,4341,5.59,1.2734,,4311.0,,,0.9897658637651578
4341,occurs,4342,5.59,1.1165,,1332.0,,,0.9897658637651578
4342,parallel,4343,5.59,1.0785,,1810.0,,,0.9897658637651578
4343,sentences,4344,5.59,1.632,,3569.0,,,0.9897658637651578
4344,vita,4345,5.59,1.3832,,,,3148.0,0.9897658637651578
4345,habits,4346,5.58,1.4852,,3088.0,,,0.9436788650251009
4346,#iphone,4347,5.58,2.2865,,,,,0.9436788650251009
4347,allison,4348,5.58,1.1445,,,4542.0,,0.9436788650251009
4348,appeals,4349,5.58,1.7272,,,2030.0,,0.9436788650251009
4349,apps,4350,5.58,1.3415,1774.0,,,,0.9436788650251009
4350,arizona,4351,5.58,1.4155,3902.0,,2875.0,,0.9436788650251009
4351,attached,4352,5.58,1.4581,,2059.0,4667.0,,0.9436788650251009
4352,bags,4353,5.58,1.0897,2607.0,,4844.0,2170.0,0.9436788650251009
4353,barack,4354,5.58,2.0313,2855.0,,,,0.9436788650251009
4354,bears,4355,5.58,1.8193,3235.0,4087.0,4426.0,,0.9436788650251009
4355,bell,4356,5.58,1.2792,2369.0,3033.0,2073.0,1680.0,0.9436788650251009
4356,brand,4357,5.58,1.1796,1238.0,,3162.0,972.0,0.9436788650251009
4357,broad,4358,5.58,1.1082,,1623.0,2173.0,3269.0,0.9436788650251009
4358,broader,4359,5.58,1.2631,,,4533.0,,0.9436788650251009
4359,bulletin,4360,5.58,0.8827,,4722.0,,,0.9436788650251009
4360,cara,4361,5.58,1.2469,3966.0,,,3504.0,0.9436788650251009
4361,casey,4362,5.58,1.2469,,,4529.0,,0.9436788650251009
4362,cerebral,4363,5.58,1.6299,,4777.0,,,0.9436788650251009
4363,chew,4364,5.58,1.3864,,,,2800.0,0.9436788650251009
4364,circle,4365,5.58,1.2137,2332.0,2037.0,3002.0,1636.0,0.9436788650251009
4365,cities,4366,5.58,1.4995,4540.0,1370.0,1705.0,3760.0,0.9436788650251009
4366,client,4367,5.58,1.1796,1910.0,2598.0,2966.0,,0.9436788650251009
4367,comes,4368,5.58,0.7584,554.0,867.0,874.0,260.0,0.9436788650251009
4368,comment,4369,5.58,1.2792,1211.0,3383.0,992.0,,0.9436788650251009
4369,consists,4370,5.58,1.3566,,1820.0,,,0.9436788650251009
4370,corrected,4371,5.58,1.6671,,,4280.0,,0.9436788650251009
4371,current,4372,5.58,1.3262,1576.0,568.0,697.0,,0.9436788650251009
4372,danny,4373,5.58,1.012,3372.0,,4056.0,,0.9436788650251009
4373,decisions,4374,5.58,1.4155,3481.0,1650.0,2140.0,4008.0,0.9436788650251009
4374,delaware,4375,5.58,1.0515,,,4389.0,,0.9436788650251009
4375,described,4376,5.58,1.1445,,565.0,1036.0,,0.9436788650251009
4376,did,4377,5.58,1.1265,121.0,114.0,122.0,164.0,0.9436788650251009
4377,estimated,4378,5.58,1.0319,,2208.0,1501.0,,0.9436788650251009
4378,even,4379,5.58,1.1968,160.0,94.0,133.0,172.0,0.9436788650251009
4379,example,4380,5.58,1.0708,3114.0,210.0,930.0,,0.9436788650251009
4380,executive,4381,5.58,1.6671,4538.0,1955.0,206.0,,0.9436788650251009
4381,feet,4382,5.58,1.2631,1235.0,563.0,1064.0,443.0,0.9436788650251009
4382,filling,4383,5.58,1.3566,4386.0,4837.0,,3791.0,0.9436788650251009
4383,finally,4384,5.58,1.4299,326.0,616.0,1153.0,687.0,0.9436788650251009
4384,financed,4385,5.58,1.7034,,,4702.0,,0.9436788650251009
4385,fingers,4386,5.58,1.1445,1699.0,3081.0,,1067.0,0.9436788650251009
4386,formed,4387,5.58,1.1622,,831.0,2820.0,,0.9436788650251009
4387,front,4388,5.58,1.0708,712.0,716.0,943.0,586.0,0.9436788650251009
4388,gran,4389,5.58,1.4721,,,,4255.0,0.9436788650251009
4389,hier,4390,5.58,1.1082,4384.0,,,1494.0,0.9436788650251009
4390,hips,4391,5.58,1.7034,,,,2285.0,0.9436788650251009
4391,i've,4392,5.58,1.1796,,,,,0.9436788650251009
4392,ibm,4393,5.58,1.295,,,2993.0,,0.9436788650251009
4393,identify,4394,5.58,1.3566,,2332.0,3388.0,,0.9436788650251009
4394,intro,4395,5.58,0.9495,4769.0,,,1875.0,0.9436788650251009
4395,kennedy,4396,5.58,1.4299,4510.0,,1461.0,,0.9436788650251009
4396,laura,4397,5.58,1.6671,4810.0,,1858.0,,0.9436788650251009
4397,lay,4398,5.58,1.2792,2020.0,1010.0,3438.0,438.0,0.9436788650251009
4398,lets,4399,5.58,1.012,760.0,,,830.0,0.9436788650251009
4399,lewis,4400,5.58,1.1796,3863.0,3354.0,1447.0,,0.9436788650251009
4400,linda,4401,5.58,1.5398,,,1674.0,4095.0,0.9436788650251009
4401,long-term,4402,5.58,1.7853,,,,,0.9436788650251009
4402,looked,4403,5.58,1.3566,998.0,562.0,1575.0,701.0,0.9436788650251009
4403,lords,4404,5.58,2.1389,,3958.0,,,0.9436788650251009
4404,man's,4405,5.58,1.5131,,1665.0,,,0.9436788650251009
4405,marie,4406,5.58,1.0319,,,2864.0,4499.0,0.9436788650251009
4406,massachusetts,4407,5.58,1.3262,,3201.0,1757.0,,0.9436788650251009
4407,microphone,4408,5.58,1.2137,,,,2283.0,0.9436788650251009
4408,mills,4409,5.58,0.9708,,4434.0,4178.0,,0.9436788650251009
4409,ministry,4410,5.58,1.8526,,2119.0,2623.0,,0.9436788650251009
4410,mumbai,4411,5.58,1.7272,4666.0,,,,0.9436788650251009
4411,named,4412,5.58,0.8593,1649.0,1468.0,499.0,1868.0,0.9436788650251009
4412,navy,4413,5.58,1.5131,4594.0,3185.0,1947.0,,0.9436788650251009
4413,operative,4414,5.58,1.7034,,4798.0,,,0.9436788650251009
4414,overnight,4415,5.58,1.2137,4466.0,,,,0.9436788650251009
4415,peep,4416,5.58,1.1796,,,,2303.0,0.9436788650251009
4416,pot,4417,5.58,1.5265,2585.0,,,2571.0,0.9436788650251009
4417,pursuit,4418,5.58,1.7853,,4261.0,,,0.9436788650251009
4418,rapidly,4419,5.58,1.2631,,1708.0,4816.0,,0.9436788650251009
4419,recorded,4420,5.58,1.1968,3886.0,2035.0,1951.0,,0.9436788650251009
4420,returning,4421,5.58,1.4721,,3258.0,3225.0,4674.0,0.9436788650251009
4421,rooms,4422,5.58,0.9055,4596.0,2670.0,2453.0,3564.0,0.9436788650251009
4422,seats,4423,5.58,1.3415,3358.0,4692.0,2450.0,4148.0,0.9436788650251009
4423,set,4424,5.58,1.1968,480.0,215.0,317.0,394.0,0.9436788650251009
4424,shortly,4425,5.58,1.3107,,3224.0,3135.0,,0.9436788650251009
4425,shoutout,4426,5.58,1.9493,3791.0,,,,0.9436788650251009
4426,soho,4427,5.58,1.2631,,,4073.0,,0.9436788650251009
4427,solely,4428,5.58,1.3415,,4462.0,,,0.9436788650251009
4428,stuff,4429,5.58,1.4995,318.0,4436.0,1903.0,1027.0,0.9436788650251009
4429,suburban,4430,5.58,1.5265,,,4014.0,,0.9436788650251009
4430,talkin,4431,5.58,1.9388,1605.0,,,1089.0,0.9436788650251009
4431,teenage,4432,5.58,1.8305,,,,3227.0,0.9436788650251009
4432,thighs,4433,5.58,1.7623,,,,2982.0,0.9436788650251009
4433,thing,4434,5.58,1.012,188.0,418.0,563.0,163.0,0.9436788650251009
4434,times,4435,5.58,1.1968,348.0,274.0,113.0,277.0,0.9436788650251009
4435,traders,4436,5.58,1.3107,,,4415.0,,0.9436788650251009
4436,trending,4437,5.58,1.4441,2525.0,,,,0.9436788650251009
4437,tries,4438,5.58,1.2631,4040.0,,4399.0,2783.0,0.9436788650251009
4438,valve,4439,5.58,1.1622,,3983.0,,,0.9436788650251009
4439,vermont,4440,5.58,1.295,,,4124.0,,0.9436788650251009
4440,voters,4441,5.58,1.3107,,,1311.0,,0.9436788650251009
4441,waist,4442,5.58,1.3716,,,,2935.0,0.9436788650251009
4442,warming,4443,5.58,1.8962,3255.0,,,,0.9436788650251009
4443,we'll,4444,5.58,1.3262,,,,,0.9436788650251009
4444,yang,4445,5.58,1.3716,2662.0,,,2378.0,0.9436788650251009
4445,declare,4446,5.57,1.3472,,4843.0,,,0.8975918662850437
4446,departments,4447,5.57,1.3994,,3464.0,,,0.8975918662850437
4447,mathematical,4448,5.57,1.8484,,3725.0,,,0.8975918662850437
4448,sow,4449,5.57,1.6202,,,,4828.0,0.8975918662850437
4449,density,4450,5.57,1.2047,,2172.0,,,0.8975918662850437
4450,colony,4451,5.56,1.6099,,3030.0,,,0.8515048675449827
4451,component,4452,5.56,1.1091,,2142.0,,,0.8515048675449827
4452,illusion,4453,5.56,1.5004,,,,2315.0,0.8515048675449827
4453,sip,4454,5.56,1.2867,,,,2356.0,0.8515048675449827
4454,stride,4455,5.56,1.3669,,,,4842.0,0.8515048675449827
4455,summary,4456,5.56,1.2188,,2279.0,,,0.8515048675449827
4456,#musicmonday,4457,5.56,1.728,,,,,0.8515048675449827
4457,acted,4458,5.56,1.0529,,3408.0,4259.0,,0.8515048675449827
4458,aide,4459,5.56,1.4165,,,3142.0,,0.8515048675449827
4459,alot,4460,5.56,1.402,1283.0,,,2521.0,0.8515048675449827
4460,analyst,4461,5.56,1.0529,,,1493.0,,0.8515048675449827
4461,announces,4462,5.56,0.9723,3687.0,,,,0.8515048675449827
4462,aspects,4463,5.56,1.402,,1349.0,4655.0,,0.8515048675449827
4463,associates,4464,5.56,1.6308,,4760.0,1782.0,,0.8515048675449827
4464,attempt,4465,5.56,1.2961,2623.0,903.0,1786.0,,0.8515048675449827
4465,basically,4466,5.56,1.0134,2807.0,,4674.0,,0.8515048675449827
4466,blowin,4467,5.56,1.3118,,,,3072.0,0.8515048675449827
4467,bong,4468,5.56,2.0619,,,,4233.0,0.8515048675449827
4468,brush,4469,5.56,1.7043,4638.0,,,3546.0,0.8515048675449827
4469,camps,4470,5.56,1.6801,,,4665.0,,0.8515048675449827
4470,cap,4471,5.56,0.9293,3802.0,3865.0,4492.0,2750.0,0.8515048675449827
4471,change,4472,5.56,1.3426,414.0,271.0,361.0,224.0,0.8515048675449827
4472,characterized,4473,5.56,1.1808,,2858.0,,,0.8515048675449827
4473,christopher,4474,5.56,0.8843,,,1224.0,,0.8515048675449827
4474,civil,4475,5.56,1.1457,4472.0,893.0,950.0,,0.8515048675449827
4475,clients,4476,5.56,1.198,2881.0,3620.0,2172.0,,0.8515048675449827
4476,columnist,4477,5.56,1.0134,,,1561.0,,0.8515048675449827
4477,connecticut,4478,5.56,1.7162,,,904.0,,0.8515048675449827
4478,consider,4479,5.56,1.2149,2211.0,780.0,1400.0,3846.0,0.8515048675449827
4479,consumers,4480,5.56,1.567,,4604.0,2133.0,,0.8515048675449827
4480,contents,4481,5.56,0.951,,2323.0,,,0.8515048675449827
4481,dial,4482,5.56,1.3273,,,,3260.0,0.8515048675449827
4482,directly,4483,5.56,1.0333,4539.0,892.0,2160.0,,0.8515048675449827
4483,discussed,4484,5.56,1.4591,,1106.0,3184.0,,0.8515048675449827
4484,electron,4485,5.56,1.1457,,2990.0,,,0.8515048675449827
4485,elle,4486,5.56,1.0333,,,,3630.0,0.8515048675449827
4486,era,4487,5.56,1.0333,2751.0,2564.0,2381.0,2148.0,0.8515048675449827
4487,evaluate,4488,5.56,1.2803,,4913.0,,,0.8515048675449827
4488,explanation,4489,5.56,0.993,,1788.0,4879.0,,0.8515048675449827
4489,extends,4490,5.56,1.0134,,4937.0,3348.0,,0.8515048675449827
4490,fairfield,4491,5.56,0.9723,,,3717.0,,0.8515048675449827
4491,format,4492,5.56,1.3273,,4739.0,,,0.8515048675449827
4492,forming,4493,5.56,0.993,,2885.0,,,0.8515048675449827
4493,golf,4494,5.56,2.032,1830.0,,926.0,,0.8515048675449827
4494,hampshire,4495,5.56,0.951,,,3833.0,,0.8515048675449827
4495,his,4496,5.56,0.993,100.0,20.0,19.0,103.0,0.8515048675449827
4496,inbox,4497,5.56,1.4591,4964.0,,,,0.8515048675449827
4497,indication,4498,5.56,1.0721,,4227.0,4906.0,,0.8515048675449827
4498,ink,4499,5.56,1.2803,2599.0,,,4597.0,0.8515048675449827
4499,innings,4500,5.56,1.4591,,,4239.0,,0.8515048675449827
4500,jay-z,4501,5.56,1.514,,,,,0.8515048675449827
4501,jumped,4502,5.56,1.3426,4293.0,,4258.0,2269.0,0.8515048675449827
4502,kelly,4503,5.56,1.1634,2703.0,,1914.0,2570.0,0.8515048675449827
4503,lauren,4504,5.56,1.3273,,,3241.0,,0.8515048675449827
4504,leather,4505,5.56,1.4868,3525.0,,,2147.0,0.8515048675449827
4505,license,4506,5.56,1.3426,4112.0,,3310.0,,0.8515048675449827
4506,makes,4507,5.56,1.248,280.0,613.0,663.0,317.0,0.8515048675449827
4507,manchester,4508,5.56,1.3273,2933.0,,,,0.8515048675449827
4508,marathon,4509,5.56,1.2316,2412.0,,3370.0,,0.8515048675449827
4509,matches,4510,5.56,1.2149,,,,,0.8515048675449827
4510,measured,4511,5.56,1.3273,,1832.0,,,0.8515048675449827
4511,method,4512,5.56,0.9071,2666.0,471.0,3157.0,3236.0,0.8515048675449827
4512,mounted,4513,5.56,1.3273,,4042.0,,,0.8515048675449827
4513,nickel,4514,5.56,1.5407,,,,4382.0,0.8515048675449827
4514,on,4515,5.56,1.0721,13.0,16.0,10.0,14.0,0.8515048675449827
4515,opera,4516,5.56,1.7631,4082.0,4381.0,1052.0,,0.8515048675449827
4516,organizations,4517,5.56,1.1278,,1548.0,1637.0,,0.8515048675449827
4517,pan,4518,5.56,0.8369,4760.0,4314.0,3718.0,3407.0,0.8515048675449827
4518,passage,4519,5.56,1.1457,,1383.0,3529.0,,0.8515048675449827
4519,password,4520,5.56,1.1457,4766.0,,,,0.8515048675449827
4520,place,4521,5.56,1.198,374.0,149.0,247.0,190.0,0.8515048675449827
4521,playa,4522,5.56,1.7861,,,,1572.0,0.8515048675449827
4522,presidency,4523,5.56,1.7861,,,4051.0,,0.8515048675449827
4523,product,4524,5.56,1.1095,1568.0,920.0,1613.0,4239.0,0.8515048675449827
4524,promo,4525,5.56,1.4165,2276.0,,,,0.8515048675449827
4525,quarter,4526,5.56,1.2149,3464.0,2356.0,196.0,2160.0,0.8515048675449827
4526,range,4527,5.56,1.0134,3699.0,688.0,1503.0,2438.0,0.8515048675449827
4527,ranked,4528,5.56,1.7043,,,4256.0,,0.8515048675449827
4528,recent,4529,5.56,1.1095,2339.0,876.0,374.0,,0.8515048675449827
4529,red,4530,5.56,1.6183,282.0,631.0,861.0,431.0,0.8515048675449827
4530,regarding,4531,5.56,1.1278,4737.0,1842.0,4410.0,,0.8515048675449827
4531,remained,4532,5.56,1.0333,,1005.0,1784.0,,0.8515048675449827
4532,rolls,4533,5.56,1.3118,3396.0,,,2439.0,0.8515048675449827
4533,solo,4534,5.56,1.3726,2127.0,,3420.0,643.0,0.8515048675449827
4534,stay,4535,5.56,1.1634,412.0,1506.0,1112.0,173.0,0.8515048675449827
4535,steppin,4536,5.56,1.3426,,,,4986.0,0.8515048675449827
4536,stepping,4537,5.56,0.993,,,,3352.0,0.8515048675449827
4537,studying,4538,5.56,2.0016,1945.0,3936.0,3754.0,,0.8515048675449827
4538,substance,4539,5.56,1.1095,,1836.0,4473.0,,0.8515048675449827
4539,systematic,4540,5.56,1.514,,3699.0,,,0.8515048675449827
4540,titles,4541,5.56,1.2643,,4647.0,3222.0,,0.8515048675449827
4541,tons,4542,5.56,1.2961,2514.0,3482.0,3716.0,,0.8515048675449827
4542,treated,4543,5.56,1.6433,,1314.0,2364.0,2918.0,0.8515048675449827
4543,turkish,4544,5.56,1.2149,,4970.0,,,0.8515048675449827
4544,type,4545,5.56,0.9293,1000.0,371.0,2274.0,1056.0,0.8515048675449827
4545,varied,4546,5.56,1.2961,,3139.0,,,0.8515048675449827
4546,verbal,4547,5.56,1.0529,,3738.0,,,0.8515048675449827
4547,vida,4548,5.56,1.2803,2873.0,,,928.0,0.8515048675449827
4548,vodka,4549,5.56,2.2602,3606.0,,,,0.8515048675449827
4549,voices,4550,5.56,1.5005,,3736.0,3749.0,1214.0,0.8515048675449827
4550,voltage,4551,5.56,1.2803,,2942.0,,,0.8515048675449827
4551,winding,4552,5.56,1.3273,,,,4481.0,0.8515048675449827
4552,wisconsin,4553,5.56,1.4165,,4674.0,3411.0,,0.8515048675449827
4553,woke,4554,5.56,1.4165,697.0,,,1316.0,0.8515048675449827
4554,word,4555,5.56,1.1457,529.0,390.0,1156.0,416.0,0.8515048675449827
4555,worker,4556,5.56,1.6308,4948.0,2980.0,2538.0,,0.8515048675449827
4556,working,4557,5.56,1.7631,305.0,509.0,567.0,1007.0,0.8515048675449827
4557,yonkers,4558,5.56,1.2643,,,2888.0,,0.8515048675449827
4558,input,4559,5.55,1.332,,2171.0,,,0.8054178688049256
4559,analyses,4560,5.55,1.2427,,4120.0,,,0.8054178688049256
4560,array,4561,5.55,1.1558,,4460.0,,,0.8054178688049256
4561,calculations,4562,5.55,1.5951,,4725.0,,,0.8054178688049256
4562,dixie,4563,5.55,1.292,,,,4901.0,0.8054178688049256
4563,floss,4564,5.55,1.5419,,,,3890.0,0.8054178688049256
4564,molecular,4565,5.55,1.3854,,3242.0,,,0.8054178688049256
4565,pavement,4566,5.55,1.1737,,,,4906.0,0.8054178688049256
4566,tame,4567,5.55,1.4151,,,,3385.0,0.8054178688049256
4567,warriors,4568,5.55,1.9585,,,,4404.0,0.8054178688049256
4568,gospel,4569,5.55,2.1202,,2866.0,,,0.8054178688049256
4569,theological,4570,5.55,1.6305,,4137.0,,,0.8054178688049256
4570,depth,4571,5.54,1.4136,,2106.0,,,0.7593308700648687
4571,acquisitions,4572,5.54,1.7168,,,4664.0,,0.7593308700648687
4572,adam,4573,5.54,1.2651,1677.0,3985.0,1825.0,,0.7593308700648687
4573,apparently,4574,5.54,1.1104,973.0,1489.0,1657.0,,0.7593308700648687
4574,attempts,4575,5.54,1.1988,,1963.0,3605.0,,0.7593308700648687
4575,attended,4576,5.54,1.1104,,2711.0,1707.0,,0.7593308700648687
4576,awwww,4577,5.54,1.8094,3095.0,,,,0.7593308700648687
4577,biological,4578,5.54,1.4458,,2859.0,,,0.7593308700648687
4578,bobby,4579,5.54,1.2488,4206.0,,3394.0,3085.0,0.7593308700648687
4579,box,4580,5.54,0.8855,860.0,1359.0,1143.0,1241.0,0.7593308700648687
4580,bradley,4581,5.54,0.9941,,,3396.0,,0.7593308700648687
4581,brooklyn,4582,5.54,1.4737,3517.0,,296.0,2855.0,0.7593308700648687
4582,brunswick,4583,5.54,1.328,,,3984.0,,0.7593308700648687
4583,bud,4584,5.54,1.1104,4791.0,,,3413.0,0.7593308700648687
4584,buena,4585,5.54,1.4316,4871.0,,,,0.7593308700648687
4585,cardinal,4586,5.54,1.6062,,4973.0,4397.0,,0.7593308700648687
4586,catherine,4587,5.54,1.4737,,,2368.0,,0.7593308700648687
4587,chapel,4588,5.54,1.5414,,4177.0,997.0,,0.7593308700648687
4588,chest,4589,5.54,0.9733,3149.0,3082.0,,1167.0,0.7593308700648687
4589,circulation,4590,5.54,1.2157,,3093.0,,,0.7593308700648687
4590,criteria,4591,5.54,1.1988,,2736.0,,,0.7593308700648687
4591,cuban,4592,5.54,1.5147,,,4483.0,,0.7593308700648687
4592,dame,4593,5.54,1.3734,,,4782.0,1973.0,0.7593308700648687
4593,daniel,4594,5.54,1.073,3821.0,3636.0,831.0,,0.7593308700648687
4594,dealing,4595,5.54,1.1643,3843.0,2361.0,2958.0,3919.0,0.7593308700648687
4595,device,4596,5.54,0.9521,3984.0,2533.0,4352.0,,0.7593308700648687
4596,direction,4597,5.54,0.8134,3796.0,778.0,2144.0,1815.0,0.7593308700648687
4597,doctors,4598,5.54,1.6563,3286.0,4010.0,1558.0,,0.7593308700648687
4598,domain,4599,5.54,1.1104,3163.0,2955.0,,,0.7593308700648687
4599,dubai,4600,5.54,1.2811,3813.0,,,,0.7593308700648687
4600,ear,4601,5.54,1.2324,2563.0,2682.0,,1246.0,0.7593308700648687
4601,electrical,4602,5.54,1.1104,,3065.0,4489.0,,0.7593308700648687
4602,emily,4603,5.54,1.1287,,,2420.0,,0.7593308700648687
4603,every1,4604,5.54,1.4598,,,,,0.7593308700648687
4604,firmly,4605,5.54,1.2324,,3826.0,,,0.7593308700648687
4605,frame,4606,5.54,1.5414,4663.0,2231.0,4902.0,2187.0,0.7593308700648687
4606,gee,4607,5.54,1.2488,,,,4059.0,0.7593308700648687
4607,go,4608,5.54,1.1817,51.0,192.0,207.0,45.0,0.7593308700648687
4608,gusta,4609,5.54,1.7049,,,,3050.0,0.7593308700648687
4609,hablar,4610,5.54,1.0919,,,,4505.0,0.7593308700648687
4610,handle,4611,5.54,1.0539,1979.0,3243.0,2311.0,1271.0,0.7593308700648687
4611,him,4612,5.54,1.2157,146.0,56.0,103.0,137.0,0.7593308700648687
4612,holdings,4613,5.54,1.4028,,,3343.0,,0.7593308700648687
4613,journalist,4614,5.54,1.3584,,,3459.0,,0.7593308700648687
4614,lap,4615,5.54,1.2811,4180.0,,,3386.0,0.7593308700648687
4615,look,4616,5.54,1.1287,174.0,380.0,426.0,123.0,0.7593308700648687
4616,machinery,4617,5.54,1.3433,,3159.0,,,0.7593308700648687
4617,materials,4618,5.54,1.073,,944.0,2800.0,,0.7593308700648687
4618,mount,4619,5.54,1.2651,,3468.0,1379.0,,0.7593308700648687
4619,mysterious,4620,5.54,1.6686,,,,4547.0,0.7593308700648687
4620,nicholas,4621,5.54,0.9082,,,2060.0,,0.7593308700648687
4621,notes,4622,5.54,1.1466,2371.0,1069.0,884.0,3415.0,0.7593308700648687
4622,ny,4623,5.54,1.6686,1052.0,3508.0,102.0,,0.7593308700648687
4623,obviously,4624,5.54,1.2651,2408.0,2132.0,3240.0,,0.7593308700648687
4624,pamela,4625,5.54,0.8621,,,3670.0,,0.7593308700648687
4625,panel,4626,5.54,1.2811,3672.0,4395.0,1675.0,,0.7593308700648687
4626,particular,4627,5.54,1.1287,,382.0,1937.0,,0.7593308700648687
4627,person,4628,5.54,1.1466,268.0,346.0,749.0,1727.0,0.7593308700648687
4628,posted,4629,5.54,1.1287,796.0,,3947.0,,0.7593308700648687
4629,ppl,4630,5.54,1.328,449.0,,,,0.7593308700648687
4630,prompted,4631,5.54,1.0343,,,4276.0,,0.7593308700648687
4631,properties,4632,5.54,1.2969,,1282.0,2596.0,,0.7593308700648687
4632,quarterback,4633,5.54,1.8206,,,3245.0,,0.7593308700648687
4633,rating,4634,5.54,1.0919,,,2056.0,,0.7593308700648687
4634,rearrange,4635,5.54,1.2488,,,,4593.0,0.7593308700648687
4635,reason,4636,5.54,1.4737,636.0,411.0,951.0,435.0,0.7593308700648687
4636,regions,4637,5.54,1.1104,,1754.0,,,0.7593308700648687
4637,reminder,4638,5.54,1.3433,4203.0,,,,0.7593308700648687
4638,rims,4639,5.54,1.3126,,,,3447.0,0.7593308700648687
4639,ross,4640,5.54,1.1466,4314.0,,2069.0,,0.7593308700648687
4640,round,4641,5.54,0.9521,1063.0,856.0,1182.0,403.0,0.7593308700648687
4641,say,4642,5.54,0.9941,137.0,195.0,156.0,59.0,0.7593308700648687
4642,signs,4643,5.54,0.8621,2548.0,1784.0,2123.0,1538.0,0.7593308700648687
4643,simpson,4644,5.54,1.3126,,,3713.0,,0.7593308700648687
4644,sources,4645,5.54,1.2324,,1128.0,2636.0,,0.7593308700648687
4645,sponsored,4646,5.54,1.9082,,,2237.0,,0.7593308700648687
4646,stephen,4647,5.54,1.1817,3092.0,4044.0,886.0,,0.7593308700648687
4647,suggesting,4648,5.54,1.1988,,4904.0,4699.0,,0.7593308700648687
4648,suzanne,4649,5.54,1.3433,,,2873.0,,0.7593308700648687
4649,texas,4650,5.54,1.2324,1379.0,2601.0,1015.0,1800.0,0.7593308700648687
4650,thursdays,4651,5.54,1.3881,,,4138.0,,0.7593308700648687
4651,timeline,4652,5.54,1.1287,3711.0,,,,0.7593308700648687
4652,tools,4653,5.54,1.4172,2194.0,2383.0,4589.0,4602.0,0.7593308700648687
4653,trio,4654,5.54,1.2651,,,4498.0,,0.7593308700648687
4654,yale,4655,5.54,1.7168,,,1614.0,,0.7593308700648687
4655,abstract,4656,5.53,1.4424,,2802.0,,,0.7132438713248115
4656,accordance,4657,5.53,1.1565,,3275.0,,,0.7132438713248115
4657,fellas,4658,5.53,1.5014,,,,2601.0,0.7132438713248115
4658,lean,4659,5.53,1.4304,,,,1709.0,0.7132438713248115
4659,outward,4660,5.53,1.4448,,4967.0,,,0.7132438713248115
4660,particle,4661,5.53,0.9377,,3886.0,,,0.7132438713248115
4661,pipe,4662,5.53,1.386,,3452.0,,3096.0,0.7132438713248115
4662,rely,4663,5.53,1.4592,,4741.0,,3734.0,0.7132438713248115
4663,sheet,4664,5.53,1.2265,,2951.0,,,0.7132438713248115
4664,sole,4665,5.53,1.2926,,3766.0,,3662.0,0.7132438713248115
4665,whatcha,4666,5.53,1.4875,,,,2014.0,0.7132438713248115
4666,arrow,4667,5.52,1.5016,,,,4430.0,0.6671568725847504
4667,blazing,4668,5.52,2.0627,,,,4166.0,0.6671568725847504
4668,wherever,4669,5.52,1.2375,,3947.0,,1298.0,0.6671568725847504
4669,aimed,4670,5.52,1.581,,4523.0,3479.0,,0.6671568725847504
4670,alice,4671,5.52,1.1822,3566.0,,2131.0,,0.6671568725847504
4671,alicia,4672,5.52,0.9528,4102.0,,,,0.6671568725847504
4672,amendment,4673,5.52,1.4032,,3450.0,2482.0,,0.6671568725847504
4673,amy,4674,5.52,1.313,3354.0,,1985.0,,0.6671568725847504
4674,appointment,4675,5.52,1.8432,4245.0,3338.0,3239.0,,0.6671568725847504
4675,archive,4676,5.52,1.432,3605.0,,,,0.6671568725847504
4676,article,4677,5.52,1.4032,910.0,1004.0,82.0,,0.6671568725847504
4677,beth,4678,5.52,1.3438,,,1647.0,,0.6671568725847504
4678,beverly,4679,5.52,1.111,,,3341.0,,0.6671568725847504
4679,beyonce,4680,5.52,1.821,2321.0,,,,0.6671568725847504
4680,bottles,4681,5.52,1.0925,3553.0,,,2899.0,0.6671568725847504
4681,boxes,4682,5.52,1.2162,3458.0,,,,0.6671568725847504
4682,branch,4683,5.52,1.1471,,2007.0,2741.0,,0.6671568725847504
4683,carol,4684,5.52,1.3589,,,1619.0,,0.6671568725847504
4684,categories,4685,5.52,1.2329,,2514.0,,,0.6671568725847504
4685,class,4686,5.52,1.7756,413.0,377.0,996.0,1559.0,0.6671568725847504
4686,coaches,4687,5.52,1.6066,,,3710.0,,0.6671568725847504
4687,compounds,4688,5.52,1.3738,,3324.0,,,0.6671568725847504
4688,could,4689,5.52,1.2816,144.0,80.0,90.0,81.0,0.6671568725847504
4689,cube,4690,5.52,1.2974,,,,3690.0,0.6671568725847504
4690,demonstrate,4691,5.52,1.1822,,3544.0,4866.0,,0.6671568725847504
4691,edition,4692,5.52,1.1292,1916.0,1528.0,2718.0,,0.6671568725847504
4692,employers,4693,5.52,1.3738,,4388.0,4128.0,,0.6671568725847504
4693,episodes,4694,5.52,1.1292,2612.0,,,,0.6671568725847504
4694,eva,4695,5.52,1.0925,4054.0,,,,0.6671568725847504
4695,exceptions,4696,5.52,1.555,,4558.0,,,0.6671568725847504
4696,extension,4697,5.52,1.1822,,2298.0,2991.0,,0.6671568725847504
4697,filled,4698,5.52,1.2656,2082.0,1406.0,2307.0,979.0,0.6671568725847504
4698,findings,4699,5.52,1.4741,,2429.0,3576.0,,0.6671568725847504
4699,graphic,4700,5.52,1.2493,4097.0,,,,0.6671568725847504
4700,headline,4701,5.52,1.313,,,3338.0,,0.6671568725847504
4701,horizontal,4702,5.52,1.1648,,3235.0,,,0.6671568725847504
4702,jefferson,4703,5.52,1.015,,,4236.0,,0.6671568725847504
4703,jets,4704,5.52,1.3589,3252.0,,2201.0,,0.6671568725847504
4704,jose,4705,5.52,1.432,4146.0,,2512.0,,0.6671568725847504
4705,josh,4706,5.52,1.3738,3111.0,,,,0.6671568725847504
4706,journalism,4707,5.52,1.6193,,,4092.0,,0.6671568725847504
4707,monica,4708,5.52,1.432,,,3842.0,,0.6671568725847504
4708,montgomery,4709,5.52,1.2329,,,4898.0,,0.6671568725847504
4709,nbc,4710,5.52,1.1471,3355.0,,2721.0,,0.6671568725847504
4710,north,4711,5.52,1.2162,1097.0,417.0,333.0,1505.0,0.6671568725847504
4711,outer,4712,5.52,1.2493,,2832.0,,4257.0,0.6671568725847504
4712,papi,4713,5.52,1.3886,,,,4339.0,0.6671568725847504
4713,parker,4714,5.52,1.0349,,,3235.0,,0.6671568725847504
4714,patrick,4715,5.52,1.2162,2984.0,,1516.0,,0.6671568725847504
4715,peas,4716,5.52,1.8321,3132.0,,,,0.6671568725847504
4716,plains,4717,5.52,1.432,,4899.0,1986.0,,0.6671568725847504
4717,pm,4718,5.52,1.3438,765.0,3803.0,96.0,,0.6671568725847504
4718,positions,4719,5.52,1.2816,,1976.0,2361.0,,0.6671568725847504
4719,posting,4720,5.52,1.0925,2343.0,,,,0.6671568725847504
4720,ray,4721,5.52,1.4602,2160.0,2778.0,2210.0,2610.0,0.6671568725847504
4721,reaction,4722,5.52,0.9947,4433.0,1229.0,2396.0,3281.0,0.6671568725847504
4722,reference,4723,5.52,1.111,4015.0,898.0,2791.0,,0.6671568725847504
4723,reflected,4724,5.52,1.0736,,2632.0,2470.0,,0.6671568725847504
4724,remain,4725,5.52,1.1471,3919.0,1002.0,900.0,1397.0,0.6671568725847504
4725,reserves,4726,5.52,1.2816,,,3846.0,,0.6671568725847504
4726,rockefeller,4727,5.52,1.3285,,,3719.0,,0.6671568725847504
4727,room,4728,5.52,1.1471,433.0,430.0,484.0,421.0,0.6671568725847504
4728,russian,4729,5.52,1.7052,3314.0,1532.0,1295.0,,0.6671568725847504
4729,ryan,4730,5.52,0.9947,2187.0,,2402.0,,0.6671568725847504
4730,sara,4731,5.52,1.764,,,3331.0,,0.6671568725847504
4731,she's,4732,5.52,1.1993,,3664.0,,,0.6671568725847504
4732,subjective,4733,5.52,1.3589,,4634.0,,,0.6671568725847504
4733,suggest,4734,5.52,1.2329,3438.0,1567.0,2343.0,,0.6671568725847504
4734,summit,4735,5.52,1.6193,3812.0,,2530.0,,0.6671568725847504
4735,synagogue,4736,5.52,1.5151,,,3147.0,,0.6671568725847504
4736,taylor,4737,5.52,1.2329,777.0,3592.0,1721.0,,0.6671568725847504
4737,throughout,4738,5.52,1.2656,4908.0,824.0,1398.0,3442.0,0.6671568725847504
4738,tony,4739,5.52,1.1822,2657.0,,1773.0,3271.0,0.6671568725847504
4739,traded,4740,5.52,1.4177,,,2960.0,,0.6671568725847504
4740,trailer,4741,5.52,1.3285,1860.0,,,,0.6671568725847504
4741,twitters,4742,5.52,1.8432,3488.0,,,,0.6671568725847504
4742,u,4743,5.52,1.729,37.0,1563.0,4068.0,286.0,0.6671568725847504
4743,url,4744,5.52,0.9739,4679.0,,,,0.6671568725847504
4744,usage,4745,5.52,1.5016,,4468.0,,,0.6671568725847504
4745,vet,4746,5.52,1.1993,4451.0,,,,0.6671568725847504
4746,vikings,4747,5.52,1.5939,4878.0,,,,0.6671568725847504
4747,whispers,4748,5.52,1.7524,,,,2621.0,0.6671568725847504
4748,beso,4749,5.52,1.4524,,,,3923.0,0.6671568725847504
4749,respiratory,4750,5.52,1.5673,,4496.0,,,0.6671568725847504
4750,fills,4751,5.51,1.1955,,,,2440.0,0.6210698738446934
4751,behaviors,4752,5.51,1.1569,,4949.0,,,0.6210698738446934
4752,breed,4753,5.51,1.5428,,,,3275.0,0.6210698738446934
4753,layin,4754,5.51,1.0825,,,,4573.0,0.6210698738446934
4754,maze,4755,5.51,1.5959,,,,4006.0,0.6210698738446934
4755,measurement,4756,5.51,1.293,,2548.0,,,0.6210698738446934
4756,occurrence,4757,5.51,1.3404,,3693.0,,,0.6210698738446934
4757,priests,4758,5.51,2.0117,,3526.0,,,0.6210698738446934
4758,receptor,4759,5.51,1.4307,,4681.0,,,0.6210698738446934
4759,slope,4760,5.51,1.2603,,4144.0,,,0.6210698738446934
4760,tener,4761,5.51,1.0231,,,,4817.0,0.6210698738446934
4761,thong,4762,5.51,1.7335,,,,4740.0,0.6210698738446934
4762,account,4763,5.5,0.953,948.0,450.0,955.0,,0.5749828751046363
4763,adds,4764,5.5,0.953,4261.0,4300.0,4690.0,,0.5749828751046363
4764,anglo,4765,5.5,1.3838,,4412.0,,,0.5749828751046363
4765,application,4766,5.5,1.3286,3090.0,881.0,4231.0,,0.5749828751046363
4766,arm,4767,5.5,1.0152,1592.0,1704.0,3369.0,1479.0,0.5749828751046363
4767,atoms,4768,5.5,1.2164,,4149.0,,,0.5749828751046363
4768,austin,4769,5.5,1.0738,2240.0,,2705.0,,0.5749828751046363
4769,behavior,4770,5.5,1.2657,,770.0,2471.0,,0.5749828751046363
4770,beyond,4771,5.5,1.4321,1929.0,625.0,1256.0,862.0,0.5749828751046363
4771,bloggers,4772,5.5,1.2976,4921.0,,,,0.5749828751046363
4772,bow,4773,5.5,1.4321,3996.0,4413.0,,1362.0,0.5749828751046363
4773,brief,4774,5.5,1.2817,4796.0,1777.0,983.0,,0.5749828751046363
4774,buffalo,4775,5.5,1.594,4127.0,,2742.0,,0.5749828751046363
4775,capacity,4776,5.5,1.4178,,1170.0,2691.0,,0.5749828751046363
4776,chairwoman,4777,5.5,1.1824,,,4809.0,,0.5749828751046363
4777,channel,4778,5.5,0.8391,1281.0,2462.0,2300.0,3977.0,0.5749828751046363
4778,charlotte,4779,5.5,0.9742,4195.0,,2732.0,,0.5749828751046363
4779,christine,4780,5.5,1.2976,,,3153.0,,0.5749828751046363
4780,clay,4781,5.5,1.3286,,3014.0,,4009.0,0.5749828751046363
4781,consumer,4782,5.5,1.0546,4829.0,3183.0,1347.0,,0.5749828751046363
4782,count,4783,5.5,1.0546,1577.0,1951.0,2217.0,895.0,0.5749828751046363
4783,crews,4784,5.5,1.4178,,,,4308.0,0.5749828751046363
4784,david,4785,5.5,1.1473,1007.0,1316.0,178.0,2468.0,0.5749828751046363
4785,democrats,4786,5.5,1.9923,4933.0,,948.0,,0.5749828751046363
4786,doing,4787,5.5,1.1995,233.0,736.0,618.0,544.0,0.5749828751046363
4787,editions,4788,5.5,1.2976,,,2276.0,,0.5749828751046363
4788,effects,4789,5.5,1.4743,4028.0,528.0,2130.0,,0.5749828751046363
4789,equivalent,4790,5.5,1.2976,,2166.0,4316.0,,0.5749828751046363
4790,eyed,4791,5.5,1.3887,3058.0,,,3043.0,0.5749828751046363
4791,faculty,4792,5.5,1.4321,,2941.0,2267.0,,0.5749828751046363
4792,feels,4793,5.5,1.7409,647.0,3465.0,3006.0,466.0,0.5749828751046363
4793,fellow,4794,5.5,1.4604,2749.0,1734.0,1476.0,4565.0,0.5749828751046363
4794,figure,4795,5.5,1.1473,1016.0,261.0,1146.0,1186.0,0.5749828751046363
4795,finals,4796,5.5,1.9821,3226.0,,4991.0,,0.5749828751046363
4796,fm,4797,5.5,1.6067,3632.0,,,,0.5749828751046363
4797,footsteps,4798,5.5,1.3887,,,,3515.0,0.5749828751046363
4798,frequently,4799,5.5,1.6067,,950.0,2494.0,,0.5749828751046363
4799,generation,4800,5.5,1.1995,3268.0,1585.0,2076.0,2270.0,0.5749828751046363
4800,genetic,4801,5.5,1.2495,,3409.0,,,0.5749828751046363
4801,glasses,4802,5.5,1.2976,2331.0,,,3928.0,0.5749828751046363
4802,halfway,4803,5.5,1.0351,,,,3993.0,0.5749828751046363
4803,handled,4804,5.5,0.9313,,,3815.0,,0.5749828751046363
4804,in,4805,5.5,1.0152,6.0,5.0,6.0,9.0,0.5749828751046363
4805,insure,4806,5.5,1.4321,,,4003.0,,0.5749828751046363
4806,investors,4807,5.5,1.2495,,,1011.0,,0.5749828751046363
4807,item,4808,5.5,0.9313,1889.0,2740.0,,,0.5749828751046363
4808,jack,4809,5.5,0.9742,1359.0,2869.0,965.0,1156.0,0.5749828751046363
4809,jane,4810,5.5,0.9742,4604.0,4297.0,1277.0,2479.0,0.5749828751046363
4810,jones,4811,5.5,1.0152,2227.0,2745.0,1119.0,1781.0,0.5749828751046363
4811,leven,4812,5.5,1.2817,,,,2821.0,0.5749828751046363
4812,manifest,4813,5.5,1.359,,4407.0,,,0.5749828751046363
4813,map,4814,5.5,1.4321,3126.0,2243.0,2632.0,2996.0,0.5749828751046363
4814,maria,4815,5.5,1.233,,4065.0,2686.0,3086.0,0.5749828751046363
4815,melissa,4816,5.5,1.0926,,,4388.0,,0.5749828751046363
4816,minute,4817,5.5,0.9313,1103.0,1950.0,2954.0,735.0,0.5749828751046363
4817,normally,4818,5.5,0.9742,3692.0,2667.0,4552.0,,0.5749828751046363
4818,pastor,4819,5.5,1.8434,4674.0,,,,0.5749828751046363
4819,patricia,4820,5.5,0.9949,,,1681.0,,0.5749828751046363
4820,pole,4821,5.5,1.1995,,4245.0,,4005.0,0.5749828751046363
4821,preface,4822,5.5,1.3439,,4409.0,,,0.5749828751046363
4822,prep,4823,5.5,1.359,4449.0,,,,0.5749828751046363
4823,quiet,4824,5.5,1.8098,957.0,2232.0,2802.0,1201.0,0.5749828751046363
4824,ran,4825,5.5,1.4604,1501.0,1801.0,1686.0,973.0,0.5749828751046363
4825,rated,4826,5.5,1.4321,2688.0,,1709.0,,0.5749828751046363
4826,repertory,4827,5.5,1.7525,,,4296.0,,0.5749828751046363
4827,retailers,4828,5.5,1.2495,,,2574.0,,0.5749828751046363
4828,retain,4829,5.5,0.953,,4143.0,4712.0,,0.5749828751046363
4829,rub,4830,5.5,1.5152,,,,2369.0,0.5749828751046363
4830,russia,4831,5.5,1.374,4709.0,1816.0,1572.0,,0.5749828751046363
4831,settings,4832,5.5,1.2548,,4831.0,,,0.5749828751046363
4832,skin,4833,5.5,1.5551,1615.0,1304.0,4194.0,581.0,0.5749828751046363
4833,sms,4834,5.5,1.6067,4128.0,,,,0.5749828751046363
4834,specifically,4835,5.5,1.1112,,2705.0,4954.0,,0.5749828751046363
4835,steven,4836,5.5,1.0926,,,1018.0,,0.5749828751046363
4836,stevie,4837,5.5,1.1824,,,,,0.5749828751046363
4837,texting,4838,5.5,1.4604,3108.0,,,,0.5749828751046363
4838,tie,4839,5.5,1.1824,3066.0,4806.0,2527.0,1656.0,0.5749828751046363
4839,transmission,4840,5.5,1.3286,,3167.0,,,0.5749828751046363
4840,unit,4841,5.5,0.9742,2378.0,1027.0,880.0,,0.5749828751046363
4841,variation,4842,5.5,1.1824,,2444.0,,,0.5749828751046363
4842,vol,4843,5.5,1.5152,,741.0,,,0.5749828751046363
4843,wanna,4844,5.5,1.5419,257.0,,,77.0,0.5749828751046363
4844,we're,4845,5.5,1.0152,,,,,0.5749828751046363
4845,wearing,4846,5.5,1.1824,989.0,3956.0,2696.0,1732.0,0.5749828751046363
4846,westside,4847,5.5,1.3132,,,,4260.0,0.5749828751046363
4847,wild,4848,5.5,1.8098,1464.0,1673.0,2603.0,492.0,0.5749828751046363
4848,womb,4849,5.5,1.3887,,,,4362.0,0.5749828751046363
4849,works,4850,5.5,1.4463,750.0,556.0,600.0,2201.0,0.5749828751046363
4850,yankee,4851,5.5,1.7642,,,3806.0,4007.0,0.5749828751046363
4851,responsibilities,4852,5.49,1.7224,,4112.0,,,0.5288958763645792
4852,awaits,4853,5.49,1.4012,,,,4829.0,0.5288958763645792
4853,interface,4854,5.49,1.0433,,4053.0,,,0.5288958763645792
4854,mics,4855,5.49,1.309,,,,4709.0,0.5288958763645792
4855,modified,4856,5.49,1.0825,,3061.0,,,0.5288958763645792
4856,remark,4857,5.49,1.3712,,4201.0,,,0.5288958763645792
4857,supervision,4858,5.49,1.6346,,4553.0,,,0.5288958763645792
4858,weave,4859,5.49,1.3863,,,,4804.0,0.5288958763645792
4859,flame,4860,5.49,1.7304,,4702.0,,1015.0,0.5288958763645792
4860,interpreted,4861,5.49,1.3493,,3637.0,,,0.5288958763645792
4861,11am,4862,5.48,1.111,,,,,0.4828088776245223
4862,acts,4863,5.48,1.1471,4673.0,1201.0,3247.0,4338.0,0.4828088776245223
4863,actual,4864,5.48,1.0544,2457.0,1009.0,3934.0,,0.4828088776245223
4864,adviser,4865,5.48,1.821,,,2278.0,,0.4828088776245223
4865,advisers,4866,5.48,1.3738,,,3900.0,,0.4828088776245223
4866,ahhh,4867,5.48,2.0428,1746.0,,,2887.0,0.4828088776245223
4867,alabama,4868,5.48,1.1648,4400.0,,4601.0,,0.4828088776245223
4868,along,4869,5.48,0.8142,1054.0,396.0,601.0,424.0,0.4828088776245223
4869,announced,4870,5.48,1.5151,2707.0,3143.0,558.0,,0.4828088776245223
4870,approached,4871,5.48,1.2816,,3754.0,,,0.4828088776245223
4871,attempted,4872,5.48,1.568,,2528.0,4716.0,,0.4828088776245223
4872,ballin,4873,5.48,1.6318,,,,4438.0,0.4828088776245223
4873,beta,4874,5.48,1.1471,2717.0,,,,0.4828088776245223
4874,bling,4875,5.48,2.1019,,,,3344.0,0.4828088776245223
4875,canon,4876,5.48,1.3438,4528.0,,,,0.4828088776245223
4876,cheap,4877,5.48,1.9508,1316.0,,,1768.0,0.4828088776245223
4877,church,4878,5.48,1.8543,504.0,296.0,253.0,1590.0,0.4828088776245223
4878,cincinnati,4879,5.48,1.4741,,,2890.0,,0.4828088776245223
4879,column,4880,5.48,0.9089,3072.0,2064.0,447.0,,0.4828088776245223
4880,compound,4881,5.48,1.2974,,3433.0,,,0.4828088776245223
4881,concept,4882,5.48,1.4032,3002.0,1125.0,3827.0,,0.4828088776245223
4882,consultant,4883,5.48,1.1822,,,1623.0,,0.4828088776245223
4883,convention,4884,5.48,1.2329,,1874.0,2155.0,,0.4828088776245223
4884,coupe,4885,5.48,1.5418,,,,4139.0,0.4828088776245223
4885,cumulative,4886,5.48,1.0736,,,3206.0,,0.4828088776245223
4886,demo,4887,5.48,1.313,2893.0,,,4600.0,0.4828088776245223
4887,donald,4888,5.48,1.2493,,,1351.0,,0.4828088776245223
4888,elements,4889,5.48,1.5285,,817.0,3802.0,,0.4828088776245223
4889,encountered,4890,5.48,1.3285,,3925.0,,,0.4828088776245223
4890,everytime,4891,5.48,1.4741,2075.0,,,900.0,0.4828088776245223
4891,exception,4892,5.48,1.1471,,2358.0,,,0.4828088776245223
4892,export,4893,5.48,1.3738,,3232.0,4613.0,,0.4828088776245223
4893,extensive,4894,5.48,1.2656,,1972.0,4111.0,,0.4828088776245223
4894,external,4895,5.48,1.2162,,1259.0,,,0.4828088776245223
4895,fb,4896,5.48,1.2162,1407.0,,,,0.4828088776245223
4896,felt,4897,5.48,1.3738,1083.0,498.0,1176.0,518.0,0.4828088776245223
4897,guild,4898,5.48,0.9528,,,4732.0,,0.4828088776245223
4898,habit,4899,5.48,1.6066,3104.0,3054.0,,3208.0,0.4828088776245223
4899,he'll,4900,5.48,1.1648,,,,,0.4828088776245223
4900,here,4901,5.48,1.0925,97.0,138.0,188.0,72.0,0.4828088776245223
4901,highway,4902,5.48,1.2656,2966.0,4801.0,2886.0,1248.0,0.4828088776245223
4902,holmes,4903,5.48,1.2329,4632.0,,,,0.4828088776245223
4903,ikea,4904,5.48,1.6567,,,,,0.4828088776245223
4904,indicate,4905,5.48,0.9528,,1639.0,4778.0,,0.4828088776245223
4905,janet,4906,5.48,0.9528,,,2367.0,4652.0,0.4828088776245223
4906,joan,4907,5.48,1.2329,,,1499.0,,0.4828088776245223
4907,jump,4908,5.48,1.7407,1742.0,,3693.0,714.0,0.4828088776245223
4908,kate,4909,5.48,1.4741,3173.0,,2941.0,,0.4828088776245223
4909,katherine,4910,5.48,1.5418,,,3146.0,,0.4828088776245223
4910,katie,4911,5.48,1.6066,4136.0,,,,0.4828088776245223
4911,katy,4912,5.48,1.1993,,,,,0.4828088776245223
4912,korean,4913,5.48,1.4741,4238.0,,2789.0,,0.4828088776245223
4913,laurie,4914,5.48,1.1993,,,4184.0,,0.4828088776245223
4914,led,4915,5.48,1.1292,3197.0,732.0,621.0,2109.0,0.4828088776245223
4915,lei,4916,5.48,1.581,,,,3881.0,0.4828088776245223
4916,longest,4917,5.48,1.4462,4421.0,,,4946.0,0.4828088776245223
4917,luna,4918,5.48,1.7407,,,,2405.0,0.4828088776245223
4918,madison,4919,5.48,1.1993,,,979.0,,0.4828088776245223
4919,mark,4920,5.48,1.2974,1278.0,1376.0,506.0,1535.0,0.4828088776245223
4920,may,4921,5.48,1.6318,278.0,53.0,60.0,334.0,0.4828088776245223
4921,methods,4922,5.48,0.9947,,672.0,4618.0,,0.4828088776245223
4922,mixed,4923,5.48,0.8389,2761.0,2058.0,3160.0,2784.0,0.4828088776245223
4923,motor,4924,5.48,1.1822,4919.0,2039.0,3309.0,3676.0,0.4828088776245223
4924,naval,4925,5.48,1.2493,,3295.0,4436.0,,0.4828088776245223
4925,nicole,4926,5.48,1.568,4994.0,,4711.0,,0.4828088776245223
4926,nose,4927,5.48,1.2329,1880.0,3326.0,,1438.0,0.4828088776245223
4927,oklahoma,4928,5.48,1.432,4748.0,,3434.0,,0.4828088776245223
4928,ole,4929,5.48,1.3285,4514.0,,,2675.0,0.4828088776245223
4929,operates,4930,5.48,1.2329,,,4344.0,,0.4828088776245223
4930,palm,4931,5.48,1.3285,2968.0,,1752.0,2749.0,0.4828088776245223
4931,particles,4932,5.48,1.1648,,2693.0,,,0.4828088776245223
4932,pepper,4933,5.48,1.4879,3858.0,,4709.0,,0.4828088776245223
4933,physics,4934,5.48,1.7984,,3946.0,,,0.4828088776245223
4934,picking,4935,5.48,0.9528,2426.0,,,3463.0,0.4828088776245223
4935,portion,4936,5.48,1.5151,,1362.0,3690.0,,0.4828088776245223
4936,post,4937,5.48,1.0925,387.0,889.0,1003.0,3376.0,0.4828088776245223
4937,powell,4938,5.48,1.1648,,,3387.0,,0.4828088776245223
4938,predicted,4939,5.48,1.2329,,,3173.0,,0.4828088776245223
4939,quoted,4940,5.48,0.9947,,2306.0,2932.0,,0.4828088776245223
4940,remote,4941,5.48,1.729,3769.0,3215.0,,,0.4828088776245223
4941,requested,4942,5.48,0.8389,,4833.0,4331.0,,0.4828088776245223
4942,roller,4943,5.48,1.2656,,,,3715.0,0.4828088776245223
4943,route,4944,5.48,1.2162,3555.0,2544.0,1846.0,3990.0,0.4828088776245223
4944,run,4945,5.48,1.432,445.0,749.0,434.0,178.0,0.4828088776245223
4945,sally,4946,5.48,0.9089,,,3661.0,3842.0,0.4828088776245223
4946,sell,4947,5.48,1.1292,1280.0,2526.0,906.0,981.0,0.4828088776245223
4947,server,4948,5.48,1.313,2420.0,4238.0,,,0.4828088776245223
4948,sessions,4949,5.48,0.9311,,4933.0,4823.0,,0.4828088776245223
4949,shape,4950,5.48,0.8628,3061.0,1446.0,3047.0,1948.0,0.4828088776245223
4950,spread,4951,5.48,1.1292,1937.0,1562.0,2521.0,1228.0,0.4828088776245223
4951,square,4952,5.48,0.9947,1456.0,1358.0,937.0,2420.0,0.4828088776245223
4952,stephanie,4953,5.48,1.3589,,,3649.0,,0.4828088776245223
4953,surfaces,4954,5.48,1.2162,,3505.0,,,0.4828088776245223
4954,surname,4955,5.48,0.9947,,,1491.0,,0.4828088776245223
4955,tampa,4956,5.48,0.9739,4599.0,,3886.0,,0.4828088776245223
4956,township,4957,5.48,1.5939,,,3989.0,,0.4828088776245223
4957,trek,4958,5.48,1.4741,2088.0,,,,0.4828088776245223
4958,tried,4959,5.48,1.6443,774.0,1000.0,1074.0,413.0,0.4828088776245223
4959,truck,4960,5.48,1.555,1304.0,,3082.0,1426.0,0.4828088776245223
4960,tweet,4961,5.48,1.5939,325.0,,,,0.4828088776245223
4961,user,4962,5.48,1.015,2494.0,2539.0,,,0.4828088776245223
4962,users,4963,5.48,1.1471,2342.0,3400.0,3569.0,,0.4828088776245223
4963,utility,4964,5.48,1.2162,,3605.0,3727.0,,0.4828088776245223
4964,vamos,4965,5.48,1.2329,4310.0,,,2458.0,0.4828088776245223
4965,wells,4966,5.48,0.8862,,4735.0,3799.0,,0.4828088776245223
4966,ceiling,4967,5.47,1.1012,,,,2399.0,0.4367218788844612
4967,dwell,4968,5.47,1.6596,,,,3752.0,0.4367218788844612
4968,elaborate,4969,5.47,1.6596,,4292.0,,,0.4367218788844612
4969,grip,4970,5.47,1.7091,,,,1767.0,0.4367218788844612
4970,halls,4971,5.47,1.0821,,,,3770.0,0.4367218788844612
4971,loaded,4972,5.47,1.8383,,,,2288.0,0.4367218788844612
4972,metabolism,4973,5.47,1.5014,,4860.0,,,0.4367218788844612
4973,spinning,4974,5.47,1.4157,,,,1400.0,0.4367218788844612
4974,#nowplaying,4975,5.46,1.5147,,,,,0.39063488014440406
4975,alex,4976,5.46,0.8855,2228.0,,2136.0,,0.39063488014440406
4976,appeared,4977,5.46,0.9941,,872.0,1030.0,,0.39063488014440406
4977,arlington,4978,5.46,1.6563,,,3777.0,,0.39063488014440406
4978,blogger,4979,5.46,1.1287,4016.0,,,,0.39063488014440406
4979,bricks,4980,5.46,1.0919,,,,2680.0,0.39063488014440406
4980,cam,4981,5.46,1.1817,3272.0,,,,0.39063488014440406
4981,caption,4982,5.46,0.8381,,,910.0,,0.39063488014440406
4982,carries,4983,5.46,1.2324,,4609.0,3860.0,4112.0,0.39063488014440406
4983,carroll,4984,5.46,1.0343,,,4723.0,,0.39063488014440406
4984,cavalry,4985,5.46,1.7286,,4855.0,,,0.39063488014440406
4985,challenged,4986,5.46,1.4737,,,3413.0,,0.39063488014440406
4986,chi,4987,5.46,1.4028,,,,2262.0,0.39063488014440406
4987,chronicle,4988,5.46,1.5281,,,2555.0,,0.39063488014440406
4988,coalition,4989,5.46,1.4172,,,1918.0,,0.39063488014440406
4989,colonies,4990,5.46,1.3433,,2967.0,,,0.39063488014440406
4990,competitive,4991,5.46,1.9082,,3651.0,2622.0,,0.39063488014440406
4991,conducted,4992,5.46,1.1988,,2236.0,1882.0,,0.39063488014440406
4992,consisted,4993,5.46,1.328,,3912.0,,,0.39063488014440406
4993,contract,4994,5.46,1.1104,3513.0,1493.0,673.0,,0.39063488014440406
4994,developers,4995,5.46,1.7168,,,4660.0,,0.39063488014440406
4995,diameter,4996,5.46,1.1671,,2596.0,,,0.39063488014440406
4996,directed,4997,5.46,1.073,,1670.0,806.0,,0.39063488014440406
4997,distributed,4998,5.46,1.1104,,2741.0,4060.0,,0.39063488014440406
4998,domestic,4999,5.46,1.6563,,1459.0,1693.0,,0.39063488014440406
4999,dozen,5000,5.46,1.1104,,3723.0,2379.0,3817.0,0.39063488014440406
5000,enough,5001,5.46,1.4028,390.0,387.0,461.0,250.0,0.39063488014440406
5001,equation,5002,5.46,1.5012,,1500.0,,,0.39063488014440406
5002,expectations,5003,5.46,1.5414,,3396.0,3499.0,,0.39063488014440406
5003,explain,5004,5.46,1.3433,2167.0,1414.0,2809.0,1009.0,0.39063488014440406
5004,followed,5005,5.46,1.2157,1829.0,646.0,1297.0,2661.0,0.39063488014440406
5005,fox,5006,5.46,1.7168,1426.0,4571.0,1875.0,3904.0,0.39063488014440406
5006,further,5007,5.46,1.1104,3193.0,325.0,872.0,1882.0,0.39063488014440406
5007,gears,5008,5.46,0.8855,4333.0,,,,0.39063488014440406
5008,guts,5009,5.46,1.9295,,,,2778.0,0.39063488014440406
5009,helen,5010,5.46,1.0144,,,1678.0,,0.39063488014440406
5010,index,5011,5.46,1.2324,,1518.0,1169.0,,0.39063488014440406
5011,instructions,5012,5.46,1.4458,,2636.0,,,0.39063488014440406
5012,jeffrey,5013,5.46,1.0539,,,1517.0,,0.39063488014440406
5013,jerry,5014,5.46,1.9919,4725.0,,1993.0,,0.39063488014440406
5014,lafayette,5015,5.46,1.5806,,,4340.0,,0.39063488014440406
5015,laid,5016,5.46,1.2324,3731.0,1379.0,4317.0,1235.0,0.39063488014440406
5016,let's,5017,5.46,1.0144,,3616.0,,,0.39063488014440406
5017,linked,5018,5.46,1.4028,,3048.0,3933.0,,0.39063488014440406
5018,list,5019,5.46,0.8621,586.0,935.0,892.0,2102.0,0.39063488014440406
5019,local,5020,5.46,1.3584,857.0,397.0,566.0,3057.0,0.39063488014440406
5020,loop,5021,5.46,1.3126,,4397.0,,3629.0,0.39063488014440406
5021,manufacturers,5022,5.46,1.1466,,4791.0,2822.0,,0.39063488014440406
5022,math,5023,5.46,1.9505,1960.0,,,,0.39063488014440406
5023,matthew,5024,5.46,1.0343,,,1473.0,,0.39063488014440406
5024,meeting,5025,5.46,1.3433,678.0,816.0,644.0,3944.0,0.39063488014440406
5025,megan,5026,5.46,1.2651,4789.0,,,,0.39063488014440406
5026,mornin,5027,5.46,1.6807,2896.0,,,4172.0,0.39063488014440406
5027,needed,5028,5.46,1.4875,962.0,794.0,956.0,956.0,0.39063488014440406
5028,object,5029,5.46,1.0343,,634.0,4566.0,,0.39063488014440406
5029,organ,5030,5.46,1.6563,,3390.0,,,0.39063488014440406
5030,particularly,5031,5.46,1.2651,,621.0,1270.0,,0.39063488014440406
5031,philly,5032,5.46,1.5546,3240.0,,,4312.0,0.39063488014440406
5032,process,5033,5.46,1.1104,2186.0,259.0,835.0,,0.39063488014440406
5033,projects,5034,5.46,1.5935,2601.0,2105.0,1655.0,3296.0,0.39063488014440406
5034,pulls,5035,5.46,1.1466,,,,3012.0,0.39063488014440406
5035,quote,5036,5.46,0.9082,1628.0,,,,0.39063488014440406
5036,rebecca,5037,5.46,1.3433,,,2964.0,,0.39063488014440406
5037,reform,5038,5.46,1.3433,2935.0,1661.0,1537.0,,0.39063488014440406
5038,religious,5039,5.46,2.0123,,611.0,1616.0,,0.39063488014440406
5039,richmond,5040,5.46,1.0919,,,3291.0,,0.39063488014440406
5040,sandra,5041,5.46,0.9304,,,3471.0,,0.39063488014440406
5041,segment,5042,5.46,1.4875,,4252.0,,,0.39063488014440406
5042,sent,5043,5.46,0.9082,916.0,589.0,816.0,1113.0,0.39063488014440406
5043,series,5044,5.46,0.9304,1011.0,627.0,487.0,,0.39063488014440406
5044,serve,5045,5.46,1.3126,3189.0,1262.0,1377.0,1967.0,0.39063488014440406
5045,sharon,5046,5.46,0.9733,,,2340.0,,0.39063488014440406
5046,shipping,5047,5.46,1.3126,1747.0,,,,0.39063488014440406
5047,shoulder,5048,5.46,1.2157,3518.0,3036.0,3761.0,1283.0,0.39063488014440406
5048,stacks,5049,5.46,1.328,,,,4161.0,0.39063488014440406
5049,statements,5050,5.46,0.9733,,2158.0,2775.0,,0.39063488014440406
5050,surrounding,5051,5.46,1.2324,,3056.0,4142.0,,0.39063488014440406
5051,therapy,5052,5.46,1.5281,3465.0,1602.0,4315.0,,0.39063488014440406
5052,thy,5053,5.46,1.1643,,1568.0,,1712.0,0.39063488014440406
5053,twitter,5054,5.46,1.9082,107.0,,,,0.39063488014440406
5054,uno,5055,5.46,0.9521,4480.0,,,2966.0,0.39063488014440406
5055,vincent,5056,5.46,0.9304,,,2643.0,,0.39063488014440406
5056,watched,5057,5.46,1.2651,616.0,2995.0,3415.0,1375.0,0.39063488014440406
5057,wide,5058,5.46,1.328,2207.0,901.0,1811.0,786.0,0.39063488014440406
5058,william,5059,5.46,1.0539,3778.0,643.0,330.0,,0.39063488014440406
5059,dome,5060,5.46,1.3202,,,,3195.0,0.39063488014440406
5060,filter,5061,5.46,1.2709,,4189.0,,,0.39063488014440406
5061,notions,5062,5.46,1.1291,,4800.0,,,0.39063488014440406
5062,unfold,5063,5.46,1.3202,,,,4001.0,0.39063488014440406
5063,administered,5064,5.45,1.5554,,4155.0,,,0.34454788140434706
5064,furthermore,5065,5.45,1.4652,,2490.0,,,0.34454788140434706
5065,situations,5066,5.45,1.1376,,2139.0,,5000.0,0.34454788140434706
5066,sociology,5067,5.45,1.4586,,4487.0,,,0.34454788140434706
5067,subsequent,5068,5.45,1.2258,,1845.0,,,0.34454788140434706
5068,sway,5069,5.45,1.2087,,,,3333.0,0.34454788140434706
5069,wrists,5070,5.45,1.3395,,,,4823.0,0.34454788140434706
5070,drawers,5071,5.45,1.3156,,,,4714.0,0.34454788140434706
5071,undoubtedly,5072,5.45,1.4567,,3514.0,,,0.34454788140434706
5072,2nite,5073,5.44,1.7861,,,,,0.29846088266429005
5073,amp,5074,5.44,1.248,2801.0,,,,0.29846088266429005
5074,anita,5075,5.44,1.2961,,,3469.0,,0.29846088266429005
5075,area,5076,5.44,0.8843,1117.0,373.0,603.0,4013.0,0.29846088266429005
5076,arthur,5077,5.44,1.091,,3108.0,1279.0,,0.29846088266429005
5077,assigned,5078,5.44,1.2316,,2607.0,3447.0,,0.29846088266429005
5078,aug,5079,5.44,1.3726,,,583.0,,0.29846088266429005
5079,axis,5080,5.44,1.402,,2698.0,,,0.29846088266429005
5080,battery,5081,5.44,1.198,2244.0,,,,0.29846088266429005
5081,beside,5082,5.44,0.993,4985.0,2755.0,,997.0,0.29846088266429005
5082,bob,5083,5.44,1.1634,1991.0,,1070.0,2851.0,0.29846088266429005
5083,brown,5084,5.44,1.2803,961.0,1208.0,744.0,1021.0,0.29846088266429005
5084,calculation,5085,5.44,1.198,,4416.0,,,0.29846088266429005
5085,carolina,5086,5.44,1.514,3719.0,3135.0,1767.0,4504.0,0.29846088266429005
5086,carried,5087,5.44,1.1095,,680.0,1580.0,2462.0,0.29846088266429005
5087,centres,5088,5.44,1.2316,,4887.0,,,0.29846088266429005
5088,chair,5089,5.44,1.248,1575.0,2259.0,2297.0,1843.0,0.29846088266429005
5089,charter,5090,5.44,0.9293,,3888.0,3991.0,,0.29846088266429005
5090,columbia,5091,5.44,1.473,,3459.0,777.0,,0.29846088266429005
5091,company,5092,5.44,1.58,816.0,368.0,56.0,1704.0,0.29846088266429005
5092,consist,5093,5.44,1.2803,,3999.0,,,0.29846088266429005
5093,cope,5094,5.44,1.6056,,,,4471.0,0.29846088266429005
5094,counter,5095,5.44,1.1808,,3133.0,,,0.29846088266429005
5095,curtains,5096,5.44,1.3726,,,,4078.0,0.29846088266429005
5096,deck,5097,5.44,1.3874,3202.0,4720.0,4698.0,2989.0,0.29846088266429005
5097,den,5098,5.44,1.3426,1170.0,3980.0,,872.0,0.29846088266429005
5098,doors,5099,5.44,1.0721,3012.0,3340.0,3555.0,1409.0,0.29846088266429005
5099,earl,5100,5.44,1.091,,3186.0,,,0.29846088266429005
5100,editors,5101,5.44,1.1808,,,4781.0,,0.29846088266429005
5101,evelyn,5102,5.44,1.0333,,,3784.0,,0.29846088266429005
5102,fisher,5103,5.44,1.2643,,,2712.0,,0.29846088266429005
5103,flow,5104,5.44,1.5928,2977.0,921.0,3419.0,638.0,0.29846088266429005
5104,georgia,5105,5.44,1.2803,4004.0,4477.0,2549.0,3143.0,0.29846088266429005
5105,i'd,5106,5.44,0.8122,,,,,0.29846088266429005
5106,imports,5107,5.44,1.4868,,4220.0,4281.0,,0.29846088266429005
5107,jay,5108,5.44,1.1278,1969.0,,1762.0,2762.0,0.29846088266429005
5108,joel,5109,5.44,1.0134,,,2387.0,,0.29846088266429005
5109,jordan,5110,5.44,1.7515,2871.0,,1921.0,,0.29846088266429005
5110,kong,5111,5.44,1.1808,4664.0,,3129.0,4240.0,0.29846088266429005
5111,lab,5112,5.44,1.5407,2536.0,,,,0.29846088266429005
5112,lateral,5113,5.44,1.2643,,3170.0,,,0.29846088266429005
5113,mass,5114,5.44,1.1095,2236.0,719.0,345.0,2873.0,0.29846088266429005
5114,meant,5115,5.44,0.993,1270.0,1305.0,2156.0,658.0,0.29846088266429005
5115,metal,5116,5.44,1.2803,1441.0,1743.0,3429.0,1610.0,0.29846088266429005
5116,mister,5117,5.44,1.4309,,,,1651.0,0.29846088266429005
5117,montana,5118,5.44,1.2803,4208.0,,,,0.29846088266429005
5118,moore,5119,5.44,1.5928,,,2312.0,,0.29846088266429005
5119,noche,5120,5.44,1.1808,,,,1574.0,0.29846088266429005
5120,nov,5121,5.44,1.248,2450.0,4680.0,578.0,,0.29846088266429005
5121,operating,5122,5.44,1.4165,,2013.0,1092.0,,0.29846088266429005
5122,overall,5123,5.44,1.2149,3964.0,2212.0,2174.0,,0.29846088266429005
5123,passes,5124,5.44,1.4868,3348.0,3204.0,3771.0,2894.0,0.29846088266429005
5124,passing,5125,5.44,1.7398,3176.0,1729.0,540.0,1355.0,0.29846088266429005
5125,paul,5126,5.44,1.2149,1469.0,1224.0,422.0,1783.0,0.29846088266429005
5126,phrase,5127,5.44,0.8369,4216.0,2914.0,4851.0,,0.29846088266429005
5127,possess,5128,5.44,1.5928,,2963.0,,4773.0,0.29846088266429005
5128,quantitative,5129,5.44,1.402,,4593.0,,,0.29846088266429005
5129,recently,5130,5.44,1.1095,2098.0,1497.0,544.0,,0.29846088266429005
5130,refers,5131,5.44,1.1634,,2804.0,,,0.29846088266429005
5131,represent,5132,5.44,1.0529,,1540.0,1745.0,2118.0,0.29846088266429005
5132,saw,5133,5.44,0.8122,336.0,447.0,1142.0,381.0,0.29846088266429005
5133,search,5134,5.44,1.1808,756.0,1509.0,1648.0,1301.0,0.29846088266429005
5134,sept,5135,5.44,1.0333,4706.0,4921.0,438.0,,0.29846088266429005
5135,seventy,5136,5.44,1.567,,4158.0,,,0.29846088266429005
5136,signal,5137,5.44,0.9723,,1898.0,3926.0,4896.0,0.29846088266429005
5137,solomon,5138,5.44,1.2961,,,4002.0,,0.29846088266429005
5138,stations,5139,5.44,0.9071,,3746.0,2334.0,,0.29846088266429005
5139,storage,5140,5.44,1.0721,4607.0,2836.0,4814.0,,0.29846088266429005
5140,street,5141,5.44,0.8369,432.0,740.0,85.0,400.0,0.29846088266429005
5141,subject,5142,5.44,1.0333,4014.0,347.0,1283.0,,0.29846088266429005
5142,submit,5143,5.44,1.5005,4845.0,4714.0,4839.0,,0.29846088266429005
5143,surround,5144,5.44,1.402,,,,3064.0,0.29846088266429005
5144,ten,5145,5.44,1.198,1661.0,664.0,3037.0,784.0,0.29846088266429005
5145,tenants,5146,5.44,1.1634,,,3993.0,,0.29846088266429005
5146,thurs,5147,5.44,1.3577,4319.0,,,,0.29846088266429005
5147,tone,5148,5.44,0.8609,4987.0,2116.0,3221.0,2736.0,0.29846088266429005
5148,tongue,5149,5.44,1.091,3598.0,2834.0,,1170.0,0.29846088266429005
5149,trunk,5150,5.44,0.9723,,,,2120.0,0.29846088266429005
5150,tweeted,5151,5.44,1.6922,2356.0,,,,0.29846088266429005
5151,versions,5152,5.44,1.0333,,,,,0.29846088266429005
5152,wagner,5153,5.44,0.9723,,,4409.0,,0.29846088266429005
5153,wax,5154,5.44,1.198,,,,3936.0,0.29846088266429005
5154,wilson,5155,5.44,0.7866,4691.0,2766.0,1631.0,,0.29846088266429005
5155,worked,5156,5.44,1.58,1336.0,1190.0,691.0,2190.0,0.29846088266429005
5156,yen,5157,5.44,1.4309,,,2531.0,,0.29846088266429005
5157,zion,5158,5.44,1.5274,,,3556.0,,0.29846088266429005
5158,measurements,5159,5.44,1.5966,,3115.0,,,0.29846088266429005
5159,reactions,5160,5.44,0.9655,,2338.0,,,0.29846088266429005
5160,adjacent,5161,5.43,1.1365,,4024.0,,,0.2523738839242289
5161,bailar,5162,5.43,1.0408,,,,3576.0,0.2523738839242289
5162,kara,5163,5.43,1.3385,,,,4025.0,0.2523738839242289
5163,modes,5164,5.43,1.2076,,3767.0,,,0.2523738839242289
5164,proposition,5165,5.43,1.4577,,3674.0,,,0.2523738839242289
5165,remainder,5166,5.43,1.2416,,4301.0,,,0.2523738839242289
5166,steam,5167,5.43,1.4434,,2779.0,,3548.0,0.2523738839242289
5167,10am,5168,5.42,1.1622,,,,,0.20628688518417188
5168,again,5169,5.42,1.2631,162.0,187.0,467.0,105.0,0.20628688518417188
5169,also,5170,5.42,1.0319,285.0,70.0,54.0,1954.0,0.20628688518417188
5170,ashley,5171,5.42,1.2469,3018.0,,,,0.20628688518417188
5171,aye,5172,5.42,1.6424,3280.0,,,2885.0,0.20628688518417188
5172,background,5173,5.42,1.2137,1704.0,1853.0,3065.0,2632.0,0.20628688518417188
5173,bailey,5174,5.42,1.1622,,,4931.0,,0.20628688518417188
5174,barrel,5175,5.42,1.295,,,,3632.0,0.20628688518417188
5175,bedford,5176,5.42,1.2304,,,4044.0,,0.20628688518417188
5176,booth,5177,5.42,1.1082,4565.0,,,4621.0,0.20628688518417188
5177,bowl,5178,5.42,1.2631,622.0,,2008.0,3446.0,0.20628688518417188
5178,businessman,5179,5.42,1.3864,,,4632.0,,0.20628688518417188
5179,calls,5180,5.42,1.0319,1218.0,1907.0,1051.0,1267.0,0.20628688518417188
5180,came,5181,5.42,1.4155,483.0,207.0,423.0,259.0,0.20628688518417188
5181,carolyn,5182,5.42,1.4721,,,3858.0,,0.20628688518417188
5182,category,5183,5.42,1.4995,,2643.0,4443.0,,0.20628688518417188
5183,centre,5184,5.42,0.8352,3439.0,1487.0,3879.0,,0.20628688518417188
5184,chip,5185,5.42,1.0515,2760.0,,4526.0,4683.0,0.20628688518417188
5185,com,5186,5.42,1.0708,800.0,2393.0,,3133.0,0.20628688518417188
5186,comprehensive,5187,5.42,1.3864,,3138.0,4787.0,,0.20628688518417188
5187,compromise,5188,5.42,1.8193,,4363.0,3066.0,3149.0,0.20628688518417188
5188,conductor,5189,5.42,1.3566,,,3970.0,,0.20628688518417188
5189,course,5190,5.42,1.3716,661.0,238.0,666.0,1469.0,0.20628688518417188
5190,crow,5191,5.42,1.6793,,,,4976.0,0.20628688518417188
5191,dennis,5192,5.42,0.9495,,,2177.0,,0.20628688518417188
5192,derived,5193,5.42,1.2137,,1592.0,,,0.20628688518417188
5193,duration,5194,5.42,1.2469,,3182.0,,,0.20628688518417188
5194,enzyme,5195,5.42,1.2631,,4521.0,,,0.20628688518417188
5195,ever,5196,5.42,1.012,185.0,319.0,619.0,132.0,0.20628688518417188
5196,financial,5197,5.42,1.7853,1721.0,1036.0,428.0,,0.20628688518417188
5197,floors,5198,5.42,0.8352,,,4199.0,4864.0,0.20628688518417188
5198,frances,5199,5.42,1.1796,,,2843.0,,0.20628688518417188
5199,gene,5200,5.42,0.9708,,3099.0,2830.0,,0.20628688518417188
5200,going,5201,5.42,1.1622,66.0,362.0,162.0,191.0,0.20628688518417188
5201,gotten,5202,5.42,1.3864,2165.0,,3867.0,3568.0,0.20628688518417188
5202,he,5203,5.42,0.9055,69.0,17.0,13.0,60.0,0.20628688518417188
5203,himself,5204,5.42,0.9708,1891.0,186.0,694.0,2083.0,0.20628688518417188
5204,hockey,5205,5.42,1.6793,1573.0,,624.0,,0.20628688518417188
5205,hopkins,5206,5.42,0.8352,,,4339.0,,0.20628688518417188
5206,initial,5207,5.42,1.0515,,1367.0,1891.0,,0.20628688518417188
5207,inner,5208,5.42,1.0319,3993.0,1862.0,4743.0,2592.0,0.20628688518417188
5208,instance,5209,5.42,1.1082,,917.0,2962.0,,0.20628688518417188
5209,jeanne,5210,5.42,1.0319,,,4956.0,,0.20628688518417188
5210,jeremy,5211,5.42,1.1445,,,4229.0,,0.20628688518417188
5211,jr,5212,5.42,1.3415,2415.0,2769.0,402.0,,0.20628688518417188
5212,julia,5213,5.42,1.1082,,,3073.0,,0.20628688518417188
5213,julie,5214,5.42,1.1796,,,2642.0,,0.20628688518417188
5214,listenin,5215,5.42,1.5398,4622.0,,,,0.20628688518417188
5215,livingston,5216,5.42,0.9278,,,4886.0,,0.20628688518417188
5216,memphis,5217,5.42,1.5661,,,,2838.0,0.20628688518417188
5217,mentioned,5218,5.42,1.1082,2868.0,931.0,3689.0,,0.20628688518417188
5218,mercury,5219,5.42,1.5398,,4930.0,,,0.20628688518417188
5219,mini,5220,5.42,1.0708,1791.0,,,,0.20628688518417188
5220,monthly,5221,5.42,0.9055,4965.0,3760.0,3003.0,,0.20628688518417188
5221,nine,5222,5.42,1.1265,3495.0,1600.0,1068.0,994.0,0.20628688518417188
5222,note,5223,5.42,0.9916,1285.0,532.0,1638.0,2091.0,0.20628688518417188
5223,nowadays,5224,5.42,1.4581,,,,4625.0,0.20628688518417188
5224,om,5225,5.42,1.6174,2404.0,,,1717.0,0.20628688518417188
5225,oprah,5226,5.42,2.0513,3625.0,,,,0.20628688518417188
5226,pasa,5227,5.42,1.1622,,,,3895.0,0.20628688518417188
5227,penn,5228,5.42,1.295,,,3726.0,,0.20628688518417188
5228,peter,5229,5.42,1.0515,2178.0,1637.0,454.0,3318.0,0.20628688518417188
5229,point,5230,5.42,0.9055,614.0,182.0,396.0,772.0,0.20628688518417188
5230,polls,5231,5.42,1.2792,,,3209.0,,0.20628688518417188
5231,presentation,5232,5.42,1.5791,2471.0,3219.0,4680.0,,0.20628688518417188
5232,primarily,5233,5.42,0.9495,,1989.0,2508.0,,0.20628688518417188
5233,ranks,5234,5.42,1.6793,,4178.0,4828.0,,0.20628688518417188
5234,references,5235,5.42,1.4721,,1808.0,,,0.20628688518417188
5235,resulting,5236,5.42,1.2137,,1992.0,3721.0,,0.20628688518417188
5236,riley,5237,5.42,1.1445,,,4933.0,,0.20628688518417188
5237,rolled,5238,5.42,1.3566,,,,2247.0,0.20628688518417188
5238,roof,5239,5.42,1.012,3387.0,3288.0,4268.0,1852.0,0.20628688518417188
5239,sam,5240,5.42,1.295,2305.0,4389.0,1912.0,2612.0,0.20628688518417188
5240,sean,5241,5.42,0.9278,3257.0,,3557.0,2694.0,0.20628688518417188
5241,secretary,5242,5.42,1.3107,,1289.0,641.0,,0.20628688518417188
5242,select,5243,5.42,1.2469,4716.0,2430.0,,,0.20628688518417188
5243,signals,5244,5.42,1.1445,,4064.0,,,0.20628688518417188
5244,snl,5245,5.42,1.295,4568.0,,,,0.20628688518417188
5245,spencer,5246,5.42,1.4721,,,4852.0,,0.20628688518417188
5246,state's,5247,5.42,0.9916,,,,,0.20628688518417188
5247,subjects,5248,5.42,1.012,,1067.0,4472.0,,0.20628688518417188
5248,tables,5249,5.42,0.8352,,2577.0,3724.0,3665.0,0.20628688518417188
5249,tell,5250,5.42,1.0319,243.0,496.0,860.0,80.0,0.20628688518417188
5250,terry,5251,5.42,1.1622,,,2313.0,,0.20628688518417188
5251,theory,5252,5.42,1.4859,1723.0,427.0,2874.0,,0.20628688518417188
5252,tom,5253,5.42,1.3415,1500.0,3062.0,1071.0,2915.0,0.20628688518417188
5253,topic,5254,5.42,0.8827,2117.0,3745.0,,,0.20628688518417188
5254,toss,5255,5.42,1.3716,,,,3054.0,0.20628688518417188
5255,treasury's,5256,5.42,1.5398,,,,,0.20628688518417188
5256,tweets,5257,5.42,1.9701,527.0,,,,0.20628688518417188
5257,yorkers,5258,5.42,1.3716,,,2246.0,,0.20628688518417188
5258,you'll,5259,5.42,1.3107,,,,,0.20628688518417188
5259,calculated,5260,5.42,1.3966,,2413.0,,,0.20628688518417188
5260,configuration,5261,5.42,1.4117,,4715.0,,,0.20628688518417188
5261,inhabitants,5262,5.42,1.4415,,2489.0,,,0.20628688518417188
5262,statute,5263,5.42,1.661,,3536.0,,,0.20628688518417188
5263,interlude,5264,5.41,1.4143,,,,4341.0,0.16019988644411481
5264,clerk,5265,5.41,1.3527,,4350.0,,,0.16019988644411481
5265,constitutes,5266,5.41,1.3681,,4582.0,,,0.16019988644411481
5266,cylinder,5267,5.41,1.2062,,4888.0,,,0.16019988644411481
5267,knocks,5268,5.41,1.5932,,,,4872.0,0.16019988644411481
5268,ratio,5269,5.41,1.4277,,1633.0,,,0.16019988644411481
5269,tissue,5270,5.41,1.4849,,1646.0,,,0.16019988644411481
5270,variables,5271,5.41,1.2403,,1917.0,,,0.16019988644411481
5271,vector,5272,5.41,1.0977,,4115.0,,,0.16019988644411481
5272,vols,5273,5.41,1.4566,,3562.0,,,0.16019988644411481
5273,whassup,5274,5.41,1.7902,,,,4904.0,0.16019988644411481
5274,width,5275,5.41,0.9336,,3866.0,,,0.16019988644411481
5275,absolute,5276,5.4,1.6162,4229.0,1720.0,,,0.11411288770405778
5276,ah,5277,5.4,1.2122,643.0,3331.0,,369.0,0.11411288770405778
5277,alison,5278,5.4,1.1066,,,4822.0,,0.11411288770405778
5278,anne,5279,5.4,1.1429,,4315.0,1289.0,,0.11411288770405778
5279,arabia,5280,5.4,1.6413,,,4794.0,,0.11411288770405778
5280,arkansas,5281,5.4,1.2289,,,4523.0,,0.11411288770405778
5281,boldface,5282,5.4,1.088,,,4824.0,,0.11411288770405778
5282,cast,5283,5.4,1.3702,2501.0,1855.0,1687.0,1637.0,0.11411288770405778
5283,chamber,5284,5.4,1.3702,,2446.0,2671.0,,0.11411288770405778
5284,china,5285,5.4,1.7023,1559.0,1065.0,925.0,3119.0,0.11411288770405778
5285,claimed,5286,5.4,1.178,,2416.0,4365.0,,0.11411288770405778
5286,conquest,5287,5.4,2.1093,,4243.0,,,0.11411288770405778
5287,consecutive,5288,5.4,1.1606,,,2967.0,,0.11411288770405778
5288,daily,5289,5.4,1.0302,837.0,1118.0,611.0,2436.0,0.11411288770405778
5289,dana,5290,5.4,1.0498,,,3996.0,,0.11411288770405778
5290,definitions,5291,5.4,1.1952,,4513.0,,,0.11411288770405778
5291,distribution,5292,5.4,0.9689,,857.0,3028.0,,0.11411288770405778
5292,dna,5293,5.4,1.3553,,3131.0,,,0.11411288770405778
5293,document,5294,5.4,1.2289,,2380.0,4013.0,,0.11411288770405778
5294,each,5295,5.4,0.9897,692.0,112.0,259.0,386.0,0.11411288770405778
5295,earlier,5296,5.4,1.2289,1247.0,762.0,654.0,,0.11411288770405778
5296,embassy,5297,5.4,1.3401,,,3536.0,,0.11411288770405778
5297,esp,5298,5.4,1.1429,3468.0,,,,0.11411288770405778
5298,estimate,5299,5.4,0.9897,,2578.0,3183.0,,0.11411288770405778
5299,fam,5300,5.4,1.6162,1212.0,,,4984.0,0.11411288770405778
5300,figured,5301,5.4,1.178,2524.0,,,2809.0,0.11411288770405778
5301,fuel,5302,5.4,1.178,4008.0,3006.0,2568.0,3932.0,0.11411288770405778
5302,gulf,5303,5.4,1.7143,,4172.0,1731.0,,0.11411288770405778
5303,headquarters,5304,5.4,1.0102,,4190.0,2116.0,,0.11411288770405778
5304,healthcare,5305,5.4,2.0603,3860.0,,,,0.11411288770405778
5305,hee,5306,5.4,1.4983,3918.0,,,4207.0,0.11411288770405778
5306,holds,5307,5.4,1.069,3712.0,2692.0,2841.0,1667.0,0.11411288770405778
5307,inside,5308,5.4,0.7284,905.0,1275.0,1103.0,159.0,0.11411288770405778
5308,intent,5309,5.4,1.4569,,4445.0,4582.0,,0.11411288770405778
5309,jan,5310,5.4,1.1429,1376.0,3454.0,429.0,,0.11411288770405778
5310,johnson,5311,5.4,1.3702,3033.0,2235.0,807.0,,0.11411288770405778
5311,joseph,5312,5.4,1.6162,,1934.0,594.0,,0.11411288770405778
5312,lah,5313,5.4,1.2289,4423.0,,,,0.11411288770405778
5313,lawrence,5314,5.4,1.3401,,3843.0,1088.0,,0.11411288770405778
5314,lick,5315,5.4,1.5649,4930.0,,,1399.0,0.11411288770405778
5315,lou,5316,5.4,1.3093,,,4450.0,3950.0,0.11411288770405778
5316,lung,5317,5.4,1.3093,,4123.0,,,0.11411288770405778
5317,main,5318,5.4,1.2122,1492.0,570.0,839.0,2040.0,0.11411288770405778
5318,malcolm,5319,5.4,1.0102,,,4881.0,,0.11411288770405778
5319,margaret,5320,5.4,1.2289,,4129.0,1496.0,,0.11411288770405778
5320,matter,5321,5.4,1.0102,887.0,352.0,857.0,348.0,0.11411288770405778
5321,mexican,5322,5.4,1.5253,2493.0,3253.0,2963.0,,0.11411288770405778
5322,ministers,5323,5.4,1.7728,,2677.0,4720.0,,0.11411288770405778
5323,mixtape,5324,5.4,1.0498,2392.0,,,,0.11411288770405778
5324,nancy,5325,5.4,1.3248,,,1226.0,,0.11411288770405778
5325,oakland,5326,5.4,1.3851,,,3515.0,,0.11411288770405778
5326,obedience,5327,5.4,1.6162,,4840.0,,,0.11411288770405778
5327,one,5328,5.4,1.5908,53.0,35.0,46.0,41.0,0.11411288770405778
5328,paula,5329,5.4,1.3401,,,4330.0,,0.11411288770405778
5329,picks,5330,5.4,1.3553,3939.0,,,,0.11411288770405778
5330,processes,5331,5.4,1.4846,,1056.0,,,0.11411288770405778
5331,putting,5332,5.4,1.088,1192.0,2680.0,2084.0,2227.0,0.11411288770405778
5332,ranging,5333,5.4,0.8806,,,4756.0,,0.11411288770405778
5333,reminds,5334,5.4,1.1952,2029.0,,,3093.0,0.11411288770405778
5334,reorganization,5335,5.4,1.4846,,,4683.0,,0.11411288770405778
5335,represents,5336,5.4,0.8806,,1897.0,2112.0,,0.11411288770405778
5336,rien,5337,5.4,1.1606,,,,3661.0,0.11411288770405778
5337,riverdale,5338,5.4,1.3997,,,3677.0,,0.11411288770405778
5338,sarah,5339,5.4,1.6288,1710.0,,1564.0,,0.11411288770405778
5339,seen,5340,5.4,1.1952,403.0,277.0,741.0,302.0,0.11411288770405778
5340,statistical,5341,5.4,1.2617,,2994.0,,,0.11411288770405778
5341,stayed,5342,5.4,1.2454,2421.0,3910.0,3790.0,1639.0,0.11411288770405778
5342,stomach,5343,5.4,1.069,1208.0,3531.0,,2923.0,0.11411288770405778
5343,string,5344,5.4,1.088,,3449.0,3688.0,2340.0,0.11411288770405778
5344,sushi,5345,5.4,2.2497,2232.0,,,,0.11411288770405778
5345,tap,5346,5.4,1.2289,3186.0,,,3649.0,0.11411288770405778
5346,testament,5347,5.4,1.5386,,3418.0,,,0.11411288770405778
5347,thee,5348,5.4,1.069,2565.0,2195.0,,1669.0,0.11411288770405778
5348,they'll,5349,5.4,1.2778,,,,,0.11411288770405778
5349,transfer,5350,5.4,1.5119,4761.0,1597.0,3203.0,,0.11411288770405778
5350,two,5351,5.4,0.9689,260.0,69.0,52.0,206.0,0.11411288770405778
5351,xxx,5352,5.4,1.8516,1750.0,,,,0.11411288770405778
5352,origins,5353,5.4,1.5122,,4153.0,,,0.11411288770405778
5353,actin,5354,5.39,1.3665,,,,2603.0,0.06802588896399664
5354,cielo,5355,5.39,1.525,,,,2095.0,0.06802588896399664
5355,defence,5356,5.39,1.525,,2497.0,,,0.06802588896399664
5356,dub,5357,5.39,1.2553,,,,4015.0,0.06802588896399664
5357,empirical,5358,5.39,1.4835,,3377.0,,,0.06802588896399664
5358,explicitly,5359,5.39,1.4835,,4918.0,,,0.06802588896399664
5359,jive,5360,5.39,1.9453,,,,3911.0,0.06802588896399664
5360,reprinted,5361,5.39,1.1331,,4621.0,,,0.06802588896399664
5361,spins,5362,5.39,1.4694,,,,4494.0,0.06802588896399664
5362,#letsbehonest,5363,5.38,1.4968,,,,,0.02193889022393961
5363,ahh,5364,5.38,1.427,1425.0,,,1517.0,0.02193889022393961
5364,am,5365,5.38,1.0859,71.0,242.0,131.0,128.0,0.02193889022393961
5365,announcement,5366,5.38,1.427,,,2533.0,,0.02193889022393961
5366,arms,5367,5.38,0.9875,2388.0,1003.0,1566.0,402.0,0.02193889022393961
5367,baltimore,5368,5.38,1.1933,4499.0,4693.0,2253.0,,0.02193889022393961
5368,basis,5369,5.38,1.0079,,651.0,1597.0,,0.02193889022393961
5369,butler,5370,5.38,1.6022,,,4510.0,,0.02193889022393961
5370,camino,5371,5.38,1.4412,,,,3578.0,0.02193889022393961
5371,carved,5372,5.38,1.3076,,,,4958.0,0.02193889022393961
5372,clark,5373,5.38,1.1761,,4246.0,2092.0,,0.02193889022393961
5373,coefficient,5374,5.38,1.5635,,3941.0,,,0.02193889022393961
5374,comp,5375,5.38,0.9452,3694.0,,,,0.02193889022393961
5375,control,5376,5.38,1.4831,1215.0,273.0,599.0,470.0,0.02193889022393961
5376,copy,5377,5.38,1.0669,1388.0,2096.0,4185.0,,0.02193889022393961
5377,core,5378,5.38,1.0859,3666.0,2478.0,3868.0,2976.0,0.02193889022393961
5378,curriculum,5379,5.38,1.4831,,3913.0,,,0.02193889022393961
5379,dec,5380,5.38,1.3536,1690.0,4168.0,481.0,,0.02193889022393961
5380,deemed,5381,5.38,1.4412,,4503.0,,,0.02193889022393961
5381,detective,5382,5.38,1.5372,,,3317.0,,0.02193889022393961
5382,different,5383,5.38,1.2436,743.0,164.0,628.0,608.0,0.02193889022393961
5383,doctrine,5384,5.38,1.701,,1632.0,,,0.02193889022393961
5384,door,5385,5.38,1.2103,498.0,765.0,1630.0,285.0,0.02193889022393961
5385,files,5386,5.38,1.427,2797.0,3583.0,4694.0,,0.02193889022393961
5386,following,5387,5.38,1.6399,601.0,232.0,1198.0,2492.0,0.02193889022393961
5387,grams,5388,5.38,0.9452,,,4530.0,,0.02193889022393961
5388,hp,5389,5.38,1.427,3312.0,,,,0.02193889022393961
5389,hudson,5390,5.38,1.2436,,,1857.0,,0.02193889022393961
5390,i'll,5391,5.38,1.2919,,,,,0.02193889022393961
5391,industry,5392,5.38,1.3076,1069.0,723.0,494.0,3377.0,0.02193889022393961
5392,items,5393,5.38,1.5372,2628.0,1876.0,2305.0,,0.02193889022393961
5393,jamie,5394,5.38,0.9666,3845.0,,4337.0,4731.0,0.02193889022393961
5394,jesse,5395,5.38,1.4412,,,3092.0,,0.02193889022393961
5395,latin,5396,5.38,1.3834,,1617.0,2474.0,,0.02193889022393961
5396,let,5397,5.38,1.0079,222.0,321.0,813.0,67.0,0.02193889022393961
5397,lite,5398,5.38,1.427,,,,,0.02193889022393961
5398,lookin,5399,5.38,1.3686,1468.0,,,1046.0,0.02193889022393961
5399,machine,5400,5.38,1.2599,856.0,1444.0,2750.0,1195.0,0.02193889022393961
5400,manner,5401,5.38,1.3536,,645.0,4146.0,,0.02193889022393961
5401,mit,5402,5.38,1.2599,1604.0,,,1242.0,0.02193889022393961
5402,nelson,5403,5.38,1.276,,,2466.0,,0.02193889022393961
5403,nitrogen,5404,5.38,1.4412,,4283.0,,,0.02193889022393961
5404,nucleus,5405,5.38,1.4553,,4317.0,,,0.02193889022393961
5405,official,5406,5.38,1.028,1228.0,1339.0,534.0,4923.0,0.02193889022393961
5406,overtime,5407,5.38,1.9472,,,4797.0,,0.02193889022393961
5407,personnel,5408,5.38,1.1045,,2610.0,3285.0,,0.02193889022393961
5408,pitching,5409,5.38,1.427,,,,,0.02193889022393961
5409,projected,5410,5.38,1.2919,,,4959.0,,0.02193889022393961
5410,province,5411,5.38,1.4831,,2290.0,4807.0,,0.02193889022393961
5411,rope,5412,5.38,1.2599,,,,2236.0,0.02193889022393961
5412,said,5413,5.38,0.901,235.0,85.0,11.0,112.0,0.02193889022393961
5413,second,5414,5.38,1.1933,598.0,200.0,225.0,709.0,0.02193889022393961
5414,securities,5415,5.38,2.0493,,4957.0,899.0,,0.02193889022393961
5415,send,5416,5.38,1.3536,551.0,1590.0,1305.0,681.0,0.02193889022393961
5416,sensitivity,5417,5.38,1.7715,,3990.0,,,0.02193889022393961
5417,shall,5418,5.38,1.2436,1271.0,176.0,4024.0,743.0,0.02193889022393961
5418,soldiers,5419,5.38,1.6399,,1651.0,1821.0,1889.0,0.02193889022393961
5419,standards,5420,5.38,1.0859,,1530.0,1540.0,,0.02193889022393961
5420,statistically,5421,5.38,1.4126,,,3535.0,,0.02193889022393961
5421,steps,5422,5.38,1.1229,2443.0,1469.0,2026.0,1634.0,0.02193889022393961
5422,steve,5423,5.38,0.901,1778.0,,1245.0,4926.0,0.02193889022393961
5423,tan,5424,5.38,1.713,2894.0,,,1262.0,0.02193889022393961
5424,technical,5425,5.38,1.6022,4813.0,1455.0,2447.0,,0.02193889022393961
5425,text,5426,5.38,1.3231,748.0,858.0,4031.0,,0.02193889022393961
5426,thread,5427,5.38,1.3536,,,,4500.0,0.02193889022393961
5427,tierra,5428,5.38,1.6149,,,,4052.0,0.02193889022393961
5428,timbaland,5429,5.38,1.4968,,,,4627.0,0.02193889022393961
5429,tricks,5430,5.38,1.5238,4707.0,,,2099.0,0.02193889022393961
5430,tunnel,5431,5.38,1.4553,,,4943.0,4099.0,0.02193889022393961
5431,twelve,5432,5.38,1.1586,,1790.0,,2566.0,0.02193889022393961
5432,wants,5433,5.38,1.3231,494.0,2135.0,988.0,524.0,0.02193889022393961
5433,wednesday,5434,5.38,1.3384,1369.0,,235.0,4862.0,0.02193889022393961
5434,whew,5435,5.38,1.1933,4338.0,,,,0.02193889022393961
5435,wordpress,5436,5.38,1.2103,2616.0,,,,0.02193889022393961
5436,would,5437,5.38,0.8545,87.0,48.0,39.0,120.0,0.02193889022393961
5437,yards,5438,5.38,0.9234,,3747.0,1953.0,,0.02193889022393961
5438,year,5439,5.38,1.3536,156.0,173.0,71.0,641.0,0.02193889022393961
5439,yesterday's,5440,5.38,1.4693,,,,,0.02193889022393961
5440,comparison,5441,5.37,1.2195,,1560.0,,,-0.024148108516117428
5441,ella,5442,5.37,1.6033,,,,1565.0,-0.024148108516117428
5442,givin,5443,5.37,1.2532,,,,2487.0,-0.024148108516117428
5443,hem,5444,5.37,1.2195,,,,4407.0,-0.024148108516117428
5444,parish,5445,5.37,1.7041,,3798.0,,,-0.024148108516117428
5445,silently,5446,5.37,1.5505,,,,4232.0,-0.024148108516117428
5446,sits,5447,5.37,1.0934,,,,2625.0,-0.024148108516117428
5447,whispering,5448,5.37,1.6291,,,,2818.0,-0.024148108516117428
5448,illusions,5449,5.36,1.8109,,,,4000.0,-0.07023510725617446
5449,asked,5450,5.36,1.2739,902.0,438.0,383.0,952.0,-0.07023510725617446
5450,bee,5451,5.36,1.6507,3665.0,,,2752.0,-0.07023510725617446
5451,briefing,5452,5.36,1.2578,,,1013.0,,-0.07023510725617446
5452,britney,5453,5.36,1.6753,3273.0,,,,-0.07023510725617446
5453,capitol,5454,5.36,1.2898,,,4245.0,,-0.07023510725617446
5454,caps,5455,5.36,1.0254,4428.0,,,4996.0,-0.07023510725617446
5455,claire,5456,5.36,1.5487,,,3903.0,,-0.07023510725617446
5456,clip,5457,5.36,1.2578,2953.0,,,2259.0,-0.07023510725617446
5457,clips,5458,5.36,1.1739,,,,3673.0,-0.07023510725617446
5458,colonial,5459,5.36,1.3516,,2164.0,,,-0.07023510725617446
5459,constitute,5460,5.36,1.1386,,3128.0,,,-0.07023510725617446
5460,contracts,5461,5.36,1.2415,,3570.0,2043.0,,-0.07023510725617446
5461,covering,5462,5.36,0.8751,,3563.0,4636.0,,-0.07023510725617446
5462,customs,5463,5.36,1.6383,,3070.0,,,-0.07023510725617446
5463,dash,5464,5.36,1.4813,,,,3934.0,-0.07023510725617446
5464,delta,5465,5.36,1.0451,,,4830.0,,-0.07023510725617446
5465,dishes,5466,5.36,1.8156,3928.0,,4749.0,,-0.07023510725617446
5466,economic,5467,5.36,1.6874,2320.0,318.0,440.0,,-0.07023510725617446
5467,edit,5468,5.36,1.1739,3475.0,,,,-0.07023510725617446
5468,eileen,5469,5.36,1.2081,,,4182.0,,-0.07023510725617446
5469,establishment,5470,5.36,1.2898,,2003.0,4899.0,,-0.07023510725617446
5470,finger,5471,5.36,1.1739,1583.0,3539.0,,1258.0,-0.07023510725617446
5471,georgetown,5472,5.36,1.4675,,,4325.0,,-0.07023510725617446
5472,gloria,5473,5.36,1.4675,,,4223.0,4184.0,-0.07023510725617446
5473,greene,5474,5.36,1.0451,,,3476.0,,-0.07023510725617446
5474,gud,5475,5.36,1.5618,2929.0,,,,-0.07023510725617446
5475,hall,5476,5.36,1.2081,1713.0,1261.0,592.0,1756.0,-0.07023510725617446
5476,hay,5477,5.36,1.4813,452.0,,,962.0,-0.07023510725617446
5477,heard,5478,5.36,0.802,461.0,609.0,1240.0,330.0,-0.07023510725617446
5478,jimmy,5479,5.36,1.1205,2785.0,,3224.0,2123.0,-0.07023510725617446
5479,linear,5480,5.36,1.1911,,2651.0,,,-0.07023510725617446
5480,liquor,5481,5.36,2.2836,4915.0,,,2372.0,-0.07023510725617446
5481,listing,5482,5.36,1.0053,3953.0,,2031.0,,-0.07023510725617446
5482,lmaoo,5483,5.36,1.8926,2446.0,,,,-0.07023510725617446
5483,mason,5484,5.36,0.9424,,,3965.0,,-0.07023510725617446
5484,miller,5485,5.36,1.0254,4415.0,3629.0,1132.0,,-0.07023510725617446
5485,milwaukee,5486,5.36,1.1739,,,3888.0,,-0.07023510725617446
5486,monde,5487,5.36,1.2739,,,,4174.0,-0.07023510725617446
5487,mouse,5488,5.36,1.9563,2531.0,,,4568.0,-0.07023510725617446
5488,moving,5489,5.36,1.495,1023.0,1441.0,1254.0,788.0,-0.07023510725617446
5489,msn,5490,5.36,1.7468,3017.0,,,,-0.07023510725617446
5490,nba,5491,5.36,1.849,2853.0,,2412.0,,-0.07023510725617446
5491,nude,5492,5.36,1.9667,3316.0,,,,-0.07023510725617446
5492,nuestro,5493,5.36,1.3211,,,,3348.0,-0.07023510725617446
5493,overview,5494,5.36,1.4394,,,3732.0,,-0.07023510725617446
5494,oz,5495,5.36,1.5086,3473.0,,,,-0.07023510725617446
5495,pattern,5496,5.36,1.77,,1132.0,4299.0,,-0.07023510725617446
5496,port,5497,5.36,1.4394,3738.0,2045.0,1656.0,,-0.07023510725617446
5497,possession,5498,5.36,1.9873,,1889.0,4343.0,,-0.07023510725617446
5498,press,5499,5.36,1.2249,1159.0,323.0,693.0,2272.0,-0.07023510725617446
5499,principal,5500,5.36,1.3962,,1195.0,1822.0,,-0.07023510725617446
5500,pronto,5501,5.36,1.2415,,,,4924.0,-0.07023510725617446
5501,quiero,5502,5.36,0.9848,4544.0,,,757.0,-0.07023510725617446
5502,rabbi,5503,5.36,1.4535,,,1038.0,,-0.07023510725617446
5503,reposing,5504,5.36,1.5354,,,3011.0,,-0.07023510725617446
5504,russell,5505,5.36,1.3815,,4535.0,2386.0,,-0.07023510725617446
5505,same,5506,5.36,1.2739,272.0,101.0,303.0,193.0,-0.07023510725617446
5506,si,5507,5.36,1.4251,819.0,2917.0,,405.0,-0.07023510725617446
5507,sim,5508,5.36,0.9638,4431.0,,,,-0.07023510725617446
5508,sit,5509,5.36,1.2249,1095.0,2068.0,2463.0,505.0,-0.07023510725617446
5509,sold,5510,5.36,1.2898,1749.0,1839.0,794.0,1207.0,-0.07023510725617446
5510,sounded,5511,5.36,1.0451,4087.0,,4735.0,,-0.07023510725617446
5511,staff,5512,5.36,0.8751,2030.0,1124.0,514.0,,-0.07023510725617446
5512,standing,5513,5.36,0.8514,2066.0,1290.0,1978.0,536.0,-0.07023510725617446
5513,stocks,5514,5.36,1.2898,3417.0,,1367.0,,-0.07023510725617446
5514,structure,5515,5.36,1.3815,,493.0,2821.0,,-0.07023510725617446
5515,stuart,5516,5.36,1.3815,,,2254.0,,-0.07023510725617446
5516,subsequently,5517,5.36,1.1563,,3074.0,,,-0.07023510725617446
5517,sympathy,5518,5.36,1.9141,,3364.0,1215.0,3007.0,-0.07023510725617446
5518,taiwan,5519,5.36,1.2739,,,4437.0,,-0.07023510725617446
5519,target,5520,5.36,1.5221,2106.0,2484.0,2735.0,4158.0,-0.07023510725617446
5520,teeth,5521,5.36,1.8709,1486.0,2398.0,,1468.0,-0.07023510725617446
5521,trenton,5522,5.36,1.3516,,,4459.0,,-0.07023510725617446
5522,tres,5523,5.36,1.5221,,,,4814.0,-0.07023510725617446
5523,trucks,5524,5.36,1.663,,,3748.0,4435.0,-0.07023510725617446
5524,tuesdays,5525,5.36,1.1386,,,3383.0,,-0.07023510725617446
5525,tummy,5526,5.36,1.3815,3601.0,,,,-0.07023510725617446
5526,tweeting,5527,5.36,1.9667,1085.0,,,,-0.07023510725617446
5527,verb,5528,5.36,1.1563,,4759.0,,,-0.07023510725617446
5528,vest,5529,5.36,1.1386,,,,3156.0,-0.07023510725617446
5529,wakes,5530,5.36,1.6753,,,,4511.0,-0.07023510725617446
5530,walter,5531,5.36,1.4251,,3328.0,1599.0,,-0.07023510725617446
5531,we'd,5532,5.36,1.1563,,,,,-0.07023510725617446
5532,westchester,5533,5.36,1.3962,,,1299.0,,-0.07023510725617446
5533,wi,5534,5.36,0.8751,4137.0,,,3435.0,-0.07023510725617446
5534,wright,5535,5.36,0.9848,,,2892.0,,-0.07023510725617446
5535,you'd,5536,5.36,1.1563,,,,,-0.07023510725617446
5536,yugoslavia,5537,5.36,1.3815,,,4614.0,,-0.07023510725617446
5537,emperor,5538,5.35,2.0576,,2081.0,,,-0.1163221059962356
5538,thesis,5539,5.35,1.8507,,3921.0,,,-0.1163221059962356
5539,chevy,5540,5.35,1.7145,,,,4182.0,-0.1163221059962356
5540,della,5541,5.35,1.1824,,,,4960.0,-0.1163221059962356
5541,finite,5542,5.35,1.4513,,4629.0,,,-0.1163221059962356
5542,loot,5543,5.35,2.0872,,,,3159.0,-0.1163221059962356
5543,motive,5544,5.35,1.4938,,4491.0,,,-0.1163221059962356
5544,define,5545,5.34,1.0689,,2760.0,,4699.0,-0.16240910473629266
5545,#news,5546,5.34,1.394,,,,,-0.16240910473629266
5546,adams,5547,5.34,1.0806,4883.0,3926.0,2887.0,,-0.16240910473629266
5547,advised,5548,5.34,1.6977,,4830.0,4364.0,,-0.16240910473629266
5548,andrea,5549,5.34,1.2224,,,3279.0,,-0.16240910473629266
5549,anonymity,5550,5.34,1.3342,,,4884.0,,-0.16240910473629266
5550,anthony,5551,5.34,1.4654,4583.0,,1323.0,,-0.16240910473629266
5551,anything,5552,5.34,1.0224,401.0,608.0,800.0,367.0,-0.16240910473629266
5552,anywhere,5553,5.34,1.2875,2153.0,4210.0,4036.0,1155.0,-0.16240910473629266
5553,arc,5554,5.34,1.1713,,3380.0,,,-0.16240910473629266
5554,areas,5555,5.34,1.0224,,592.0,1211.0,,-0.16240910473629266
5555,ay,5556,5.34,0.9607,4498.0,,,907.0,-0.16240910473629266
5556,backs,5557,5.34,1.4373,,,,2860.0,-0.16240910473629266
5557,bros,5558,5.34,1.5334,3992.0,,,,-0.16240910473629266
5558,campaign,5559,5.34,1.5467,1921.0,1886.0,365.0,,-0.16240910473629266
5559,candidate,5560,5.34,1.0994,,3774.0,1309.0,,-0.16240910473629266
5560,carter,5561,5.34,1.6113,,,2168.0,,-0.16240910473629266
5561,checked,5562,5.34,1.1359,2148.0,,,,-0.16240910473629266
5562,classified,5563,5.34,1.4514,,4544.0,,,-0.16240910473629266
5563,colts,5564,5.34,1.5858,2715.0,,,,-0.16240910473629266
5564,comparable,5565,5.34,1.2554,,4401.0,4633.0,,-0.16240910473629266
5565,crossing,5566,5.34,1.3342,,4272.0,,4400.0,-0.16240910473629266
5566,currently,5567,5.34,0.8234,1125.0,3619.0,2426.0,,-0.16240910473629266
5567,denver,5568,5.34,1.493,3151.0,,2724.0,,-0.16240910473629266
5568,ding,5569,5.34,1.5986,,,,2467.0,-0.16240910473629266
5569,doctor,5570,5.34,1.6239,996.0,1785.0,2413.0,1402.0,-0.16240910473629266
5570,drank,5571,5.34,1.4654,3682.0,,,2334.0,-0.16240910473629266
5571,editorial,5572,5.34,1.3644,,,1193.0,,-0.16240910473629266
5572,flick,5573,5.34,1.3644,,,,4368.0,-0.16240910473629266
5573,fur,5574,5.34,1.7333,4043.0,4355.0,,,-0.16240910473629266
5574,gear,5575,5.34,1.2875,2576.0,,,3335.0,-0.16240910473629266
5575,geek,5576,5.34,1.891,3021.0,,,,-0.16240910473629266
5576,german,5577,5.34,1.394,2549.0,667.0,1230.0,,-0.16240910473629266
5577,giant,5578,5.34,1.1886,2057.0,4880.0,2746.0,3831.0,-0.16240910473629266
5578,giants,5579,5.34,1.493,4249.0,,1887.0,,-0.16240910473629266
5579,hampton,5580,5.34,1.3342,,,3115.0,,-0.16240910473629266
5580,harold,5581,5.34,1.1537,,,2087.0,,-0.16240910473629266
5581,ily,5582,5.34,1.5729,4022.0,,,,-0.16240910473629266
5582,iron,5583,5.34,1.3494,1672.0,1066.0,,2277.0,-0.16240910473629266
5583,karen,5584,5.34,1.3793,,,1838.0,,-0.16240910473629266
5584,korea,5585,5.34,1.3793,4914.0,4234.0,1893.0,,-0.16240910473629266
5585,liebe,5586,5.34,1.394,,,,3196.0,-0.16240910473629266
5586,lillian,5587,5.34,1.4654,,,4102.0,,-0.16240910473629266
5587,log,5588,5.34,0.9607,3483.0,4122.0,,,-0.16240910473629266
5588,manufacturer,5589,5.34,1.0224,,,3112.0,,-0.16240910473629266
5589,massive,5590,5.34,1.2875,2084.0,4011.0,,,-0.16240910473629266
5590,maureen,5591,5.34,0.7982,,,4502.0,,-0.16240910473629266
5591,mc,5592,5.34,1.394,3399.0,,,1739.0,-0.16240910473629266
5592,middle,5593,5.34,0.7174,1101.0,604.0,980.0,799.0,-0.16240910473629266
5593,moderate,5594,5.34,1.2715,,3195.0,4520.0,,-0.16240910473629266
5594,nog,5595,5.34,1.1359,2895.0,,,1750.0,-0.16240910473629266
5595,noticed,5596,5.34,1.423,2078.0,2724.0,4808.0,3114.0,-0.16240910473629266
5596,occurred,5597,5.34,1.0224,,1583.0,1963.0,,-0.16240910473629266
5597,ohhhh,5598,5.34,1.9651,,,,3166.0,-0.16240910473629266
5598,orleans,5599,5.34,1.2554,3415.0,,2894.0,2841.0,-0.16240910473629266
5599,ounce,5600,5.34,0.9607,,,,3637.0,-0.16240910473629266
5600,pack,5601,5.34,1.2715,1452.0,,,1100.0,-0.16240910473629266
5601,percent,5602,5.34,0.9172,3546.0,696.0,81.0,,-0.16240910473629266
5602,phil,5603,5.34,1.1178,3453.0,,3604.0,,-0.16240910473629266
5603,physician,5604,5.34,1.8363,,3102.0,3444.0,,-0.16240910473629266
5604,rate,5605,5.34,1.2224,2011.0,405.0,703.0,4147.0,-0.16240910473629266
5605,regional,5606,5.34,0.8234,,1878.0,1621.0,,-0.16240910473629266
5606,request,5607,5.34,1.2224,2472.0,2226.0,1820.0,,-0.16240910473629266
5607,revolution,5608,5.34,1.394,4553.0,1135.0,3302.0,1921.0,-0.16240910473629266
5608,rihanna,5609,5.34,1.9755,2925.0,,,,-0.16240910473629266
5609,roosevelt,5610,5.34,1.8693,,4719.0,3404.0,,-0.16240910473629266
5610,session,5611,5.34,1.1178,1761.0,2437.0,2423.0,,-0.16240910473629266
5611,six,5612,5.34,1.1537,1691.0,520.0,382.0,823.0,-0.16240910473629266
5612,sullivan,5613,5.34,0.8947,,,2826.0,,-0.16240910473629266
5613,surgeon,5614,5.34,1.6239,,,4490.0,,-0.16240910473629266
5614,susan,5615,5.34,1.2715,4492.0,,768.0,,-0.16240910473629266
5615,sylvia,5616,5.34,1.3188,,,3166.0,,-0.16240910473629266
5616,then,5617,5.34,0.7453,103.0,75.0,148.0,96.0,-0.16240910473629266
5617,they're,5618,5.34,1.0994,,,,,-0.16240910473629266
5618,thinkin,5619,5.34,1.0994,2677.0,,,1537.0,-0.16240910473629266
5619,tmrw,5620,5.34,1.0022,4798.0,,,,-0.16240910473629266
5620,transmitted,5621,5.34,1.5729,,4387.0,,,-0.16240910473629266
5621,tube,5622,5.34,1.2875,3945.0,2174.0,,,-0.16240910473629266
5622,typing,5623,5.34,1.2056,3604.0,,,,-0.16240910473629266
5623,upon,5624,5.34,0.6884,2190.0,111.0,1663.0,482.0,-0.16240910473629266
5624,walmart,5625,5.34,2.2733,2817.0,,,,-0.16240910473629266
5625,whitman,5626,5.34,0.7982,,,4041.0,,-0.16240910473629266
5626,whitney,5627,5.34,1.1713,,,3891.0,,-0.16240910473629266
5627,wider,5628,5.34,1.0422,,3685.0,,,-0.16240910473629266
5628,within,5629,5.34,1.3644,1790.0,172.0,751.0,710.0,-0.16240910473629266
5629,yo,5630,5.34,1.6734,402.0,,,136.0,-0.16240910473629266
5630,blink,5631,5.33,1.4341,,,,2943.0,-0.20849610347634967
5631,noches,5632,5.33,1.3422,,,,4729.0,-0.20849610347634967
5632,threshold,5633,5.33,1.478,,4926.0,,,-0.20849610347634967
5633,bringin,5634,5.33,1.4774,,,,4146.0,-0.20849610347634967
5634,tutti,5635,5.33,1.4774,,,,4671.0,-0.20849610347634967
5635,verdad,5636,5.33,1.1252,,,,2864.0,-0.20849610347634967
5636,abraham,5637,5.32,1.5043,,4942.0,3188.0,,-0.25458310221640673
5637,alter,5638,5.32,1.2526,,4484.0,,,-0.25458310221640673
5638,andre,5639,5.32,1.2196,,,4765.0,,-0.25458310221640673
5639,beep,5640,5.32,1.5178,,,,2897.0,-0.25458310221640673
5640,bench,5641,5.32,1.0388,4117.0,,4503.0,,-0.25458310221640673
5641,bucket,5642,5.32,1.1856,,,,4560.0,-0.25458310221640673
5642,calif,5643,5.32,1.3316,,,552.0,,-0.25458310221640673
5643,chin,5644,5.32,0.9781,3519.0,,,3542.0,-0.25458310221640673
5644,commerce,5645,5.32,1.3161,,2180.0,2249.0,,-0.25458310221640673
5645,compare,5646,5.32,0.9988,4853.0,2785.0,,3088.0,-0.25458310221640673
5646,cover,5647,5.32,1.2688,1048.0,1519.0,1235.0,1054.0,-0.25458310221640673
5647,currents,5648,5.32,1.1683,,,4129.0,,-0.25458310221640673
5648,deepest,5649,5.32,1.449,,,1471.0,2981.0,-0.25458310221640673
5649,dorothy,5650,5.32,1.3005,,,2283.0,,-0.25458310221640673
5650,editorials,5651,5.32,1.0962,,,4301.0,,-0.25458310221640673
5651,emeritus,5652,5.32,1.6468,,,2576.0,,-0.25458310221640673
5652,endless,5653,5.32,1.8455,,,,1333.0,-0.25458310221640673
5653,estimates,5654,5.32,1.1147,,3238.0,2411.0,,-0.25458310221640673
5654,evaluation,5655,5.32,1.8007,,1817.0,,,-0.25458310221640673
5655,firm,5656,5.32,1.1683,4035.0,1513.0,545.0,4062.0,-0.25458310221640673
5656,francis,5657,5.32,1.4348,,3103.0,2225.0,,-0.25458310221640673
5657,general,5658,5.32,1.1328,1748.0,134.0,250.0,4181.0,-0.25458310221640673
5658,gregory,5659,5.32,1.1147,,,2794.0,,-0.25458310221640673
5659,hoffman,5660,5.32,0.957,,,4557.0,,-0.25458310221640673
5660,hour,5661,5.32,0.7939,455.0,937.0,1579.0,883.0,-0.25458310221640673
5661,identified,5662,5.32,1.2688,,1796.0,1742.0,,-0.25458310221640673
5662,indicates,5663,5.32,1.0774,,2233.0,1894.0,,-0.25458310221640673
5663,jacqueline,5664,5.32,1.6591,,,4700.0,,-0.25458310221640673
5664,joshua,5665,5.32,0.9781,,,2956.0,,-0.25458310221640673
5665,kristen,5666,5.32,1.449,3924.0,,,,-0.25458310221640673
5666,label,5667,5.32,1.019,3958.0,,4143.0,3300.0,-0.25458310221640673
5667,literally,5668,5.32,1.5178,2112.0,4408.0,,,-0.25458310221640673
5668,louise,5669,5.32,1.1683,,,3122.0,,-0.25458310221640673
5669,mas,5670,5.32,1.0388,1121.0,,,887.0,-0.25458310221640673
5670,measure,5671,5.32,1.0962,,970.0,1570.0,3290.0,-0.25458310221640673
5671,medium,5672,5.32,0.7939,,1715.0,4912.0,,-0.25458310221640673
5672,mention,5673,5.32,0.7407,1681.0,2107.0,3397.0,2423.0,-0.25458310221640673
5673,michigan,5674,5.32,1.2848,3231.0,3955.0,2002.0,,-0.25458310221640673
5674,names,5675,5.32,0.9988,1861.0,1114.0,1458.0,1672.0,-0.25458310221640673
5675,nassau,5676,5.32,1.4348,,,2619.0,,-0.25458310221640673
5676,negotiations,5677,5.32,1.3768,,3586.0,1649.0,,-0.25458310221640673
5677,nineteenth,5678,5.32,1.449,,2274.0,,,-0.25458310221640673
5678,pa,5679,5.32,1.6468,1617.0,3365.0,1035.0,1324.0,-0.25458310221640673
5679,palmer,5680,5.32,1.019,,,5000.0,,-0.25458310221640673
5680,partly,5681,5.32,1.1683,,1937.0,3021.0,,-0.25458310221640673
5681,peeps,5682,5.32,1.5836,1826.0,,,4411.0,-0.25458310221640673
5682,plz,5683,5.32,1.8892,1337.0,,,,-0.25458310221640673
5683,posts,5684,5.32,1.1147,2134.0,,,,-0.25458310221640673
5684,presumably,5685,5.32,1.1507,,4106.0,,,-0.25458310221640673
5685,quite,5686,5.32,1.7076,686.0,407.0,1365.0,902.0,-0.25458310221640673
5686,rebounds,5687,5.32,1.3161,,,4497.0,,-0.25458310221640673
5687,remind,5688,5.32,1.4348,2784.0,,,1583.0,-0.25458310221640673
5688,reserve,5689,5.32,1.1147,,2957.0,1592.0,,-0.25458310221640673
5689,review,5690,5.32,1.019,935.0,821.0,118.0,,-0.25458310221640673
5690,rite,5691,5.32,1.1856,1771.0,,,,-0.25458310221640673
5691,rye,5692,5.32,1.3468,,,3335.0,,-0.25458310221640673
5692,selena,5693,5.32,0.9355,3294.0,,,,-0.25458310221640673
5693,site,5694,5.32,0.7939,495.0,1140.0,742.0,,-0.25458310221640673
5694,skip,5695,5.32,1.463,3718.0,,,3232.0,-0.25458310221640673
5695,someone's,5696,5.32,1.2848,,,,,-0.25458310221640673
5696,speech,5697,5.32,1.7548,1985.0,987.0,1585.0,3858.0,-0.25458310221640673
5697,step,5698,5.32,0.8676,1072.0,899.0,1161.0,449.0,-0.25458310221640673
5698,subway,5699,5.32,1.6835,3641.0,,2577.0,,-0.25458310221640673
5699,surface,5700,5.32,1.0774,,511.0,3286.0,2978.0,-0.25458310221640673
5700,table,5701,5.32,0.6833,986.0,291.0,1768.0,1501.0,-0.25458310221640673
5701,taking,5702,5.32,1.3005,471.0,650.0,736.0,615.0,-0.25458310221640673
5702,tells,5703,5.32,1.2688,2096.0,2475.0,3061.0,1488.0,-0.25458310221640673
5703,ticket,5704,5.32,1.4769,1610.0,,2601.0,2018.0,-0.25458310221640673
5704,ting,5705,5.32,1.3468,,,,4451.0,-0.25458310221640673
5705,tribes,5706,5.32,1.3161,,3303.0,,,-0.25458310221640673
5706,turning,5707,5.32,1.019,1883.0,2111.0,2400.0,774.0,-0.25458310221640673
5707,two-year,5708,5.32,1.0774,,,,,-0.25458310221640673
5708,types,5709,5.32,0.7407,4204.0,801.0,4304.0,,-0.25458310221640673
5709,urself,5710,5.32,1.8674,3613.0,,,,-0.25458310221640673
5710,vancouver,5711,5.32,1.449,2634.0,,,,-0.25458310221640673
5711,varies,5712,5.32,0.9134,,3974.0,,,-0.25458310221640673
5712,yield,5713,5.32,1.6092,,2271.0,2310.0,,-0.25458310221640673
5713,zone,5714,5.32,0.9781,2400.0,2474.0,3565.0,1835.0,-0.25458310221640673
5714,preceding,5715,5.31,0.9927,,2579.0,,,-0.30067010095646785
5715,affecting,5716,5.31,1.3261,,4225.0,,,-0.30067010095646785
5716,alles,5717,5.31,1.0841,,,,1306.0,-0.30067010095646785
5717,bop,5718,5.31,1.4463,,,,2207.0,-0.30067010095646785
5718,consume,5719,5.31,1.8842,,,,4760.0,-0.30067010095646785
5719,discipline,5720,5.31,1.8129,,2594.0,,,-0.30067010095646785
5720,disposition,5721,5.31,1.3875,,4049.0,,,-0.30067010095646785
5721,gypsy,5722,5.31,1.6981,,,,2984.0,-0.30067010095646785
5722,heed,5723,5.31,1.2111,,,,4010.0,-0.30067010095646785
5723,ion,5724,5.31,1.1218,,3827.0,,,-0.30067010095646785
5724,shelf,5725,5.31,1.1031,,,,2847.0,-0.30067010095646785
5725,stash,5726,5.31,1.6609,,,,3234.0,-0.30067010095646785
5726,varying,5727,5.31,1.4463,,3325.0,,,-0.30067010095646785
5727,vivir,5728,5.31,1.3261,,,,2192.0,-0.30067010095646785
5728,#fact,5729,5.3,1.1112,,,,,-0.3467570996965249
5729,*estimated,5730,5.3,1.1112,,,,,-0.3467570996965249
5730,actually,5731,5.3,1.1112,320.0,850.0,1361.0,4378.0,-0.3467570996965249
5731,aire,5732,5.3,1.4178,,,,4518.0,-0.3467570996965249
5732,ancora,5733,5.3,1.1473,,,,3758.0,-0.3467570996965249
5733,atlanta,5734,5.3,1.4178,2341.0,,1420.0,4133.0,-0.3467570996965249
5734,barnes,5735,5.3,0.9091,,,4513.0,,-0.3467570996965249
5735,bat,5736,5.3,1.359,,,,3328.0,-0.3467570996965249
5736,biblical,5737,5.3,1.9299,,4956.0,,,-0.3467570996965249
5737,bishop,5738,5.3,1.6194,,1940.0,3276.0,,-0.3467570996965249
5738,bonnie,5739,5.3,1.6812,,,4801.0,,-0.3467570996965249
5739,boundary,5740,5.3,1.165,,2780.0,,,-0.3467570996965249
5740,brad,5741,5.3,1.1294,4325.0,,4593.0,,-0.3467570996965249
5741,brian,5742,5.3,1.4321,2705.0,,1345.0,,-0.3467570996965249
5742,bring,5743,5.3,0.9949,543.0,731.0,885.0,253.0,-0.3467570996965249
5743,calendar,5744,5.3,1.1294,3293.0,,,,-0.3467570996965249
5744,carnegie,5745,5.3,1.4604,,,3195.0,,-0.3467570996965249
5745,catholic,5746,5.3,1.8323,,1679.0,1550.0,,-0.3467570996965249
5746,center,5747,5.3,0.9949,1165.0,878.0,142.0,2881.0,-0.3467570996965249
5747,chairman,5748,5.3,1.4743,,3145.0,268.0,,-0.3467570996965249
5748,chrysler,5749,5.3,1.0152,,,4458.0,,-0.3467570996965249
5749,circuits,5750,5.3,0.7626,,,3753.0,,-0.3467570996965249
5750,colin,5751,5.3,1.1294,,,4267.0,,-0.3467570996965249
5751,constantly,5752,5.3,1.1995,4210.0,2471.0,,2837.0,-0.3467570996965249
5752,cornell,5753,5.3,1.4743,,,2541.0,,-0.3467570996965249
5753,correspondent,5754,5.3,1.165,,,3269.0,,-0.3467570996965249
5754,counts,5755,5.3,1.1473,4951.0,,3686.0,,-0.3467570996965249
5755,county,5756,5.3,1.0546,1487.0,900.0,417.0,2803.0,-0.3467570996965249
5756,creature,5757,5.3,1.6444,,4186.0,,3862.0,-0.3467570996965249
5757,dave,5758,5.3,1.4033,2263.0,,2382.0,4852.0,-0.3467570996965249
5758,drake,5759,5.3,1.2495,3850.0,,,,-0.3467570996965249
5759,editing,5760,5.3,1.233,2924.0,,787.0,,-0.3467570996965249
5760,eight,5761,5.3,1.2817,4111.0,996.0,783.0,1593.0,-0.3467570996965249
5761,elevator,5762,5.3,1.3887,4345.0,,,,-0.3467570996965249
5762,glen,5763,5.3,1.2495,,,3029.0,,-0.3467570996965249
5763,irene,5764,5.3,1.374,,,4784.0,,-0.3467570996965249
5764,jk,5765,5.3,1.233,2224.0,,,,-0.3467570996965249
5765,junior,5766,5.3,1.2657,4620.0,,2584.0,,-0.3467570996965249
5766,km/h,5767,5.3,1.165,,,,,-0.3467570996965249
5767,lee,5768,5.3,0.9091,2495.0,2973.0,873.0,2300.0,-0.3467570996965249
5768,lesson,5769,5.3,1.488,2206.0,3700.0,3876.0,1861.0,-0.3467570996965249
5769,levels,5770,5.3,0.953,4077.0,871.0,2025.0,,-0.3467570996965249
5770,lexington,5771,5.3,1.2817,,,2850.0,,-0.3467570996965249
5771,md,5772,5.3,1.1294,3782.0,4118.0,491.0,,-0.3467570996965249
5772,medicare,5773,5.3,1.6812,,,3101.0,,-0.3467570996965249
5773,mic,5774,5.3,0.9313,4587.0,,,1086.0,-0.3467570996965249
5774,mike,5775,5.3,1.4463,1570.0,,1181.0,1896.0,-0.3467570996965249
5775,miles,5776,5.3,1.165,1571.0,808.0,972.0,796.0,-0.3467570996965249
5776,miriam,5777,5.3,0.9949,,,4159.0,,-0.3467570996965249
5777,mph,5778,5.3,1.2817,1850.0,,,,-0.3467570996965249
5778,murphy,5779,5.3,0.8864,,,2807.0,,-0.3467570996965249
5779,neck,5780,5.3,1.1824,2402.0,2285.0,1594.0,1070.0,-0.3467570996965249
5780,nova,5781,5.3,1.6444,4747.0,,,,-0.3467570996965249
5781,number,5782,5.3,0.9313,779.0,150.0,315.0,689.0,-0.3467570996965249
5782,one's,5783,5.3,0.7354,,1683.0,,,-0.3467570996965249
5783,patch,5784,5.3,1.0351,4644.0,,,,-0.3467570996965249
5784,pay,5785,5.3,2.3234,627.0,769.0,460.0,499.0,-0.3467570996965249
5785,peggy,5786,5.3,1.0546,,,4810.0,,-0.3467570996965249
5786,placed,5787,5.3,1.5551,,726.0,1737.0,3960.0,-0.3467570996965249
5787,pounds,5788,5.3,1.8211,3452.0,2588.0,2787.0,3129.0,-0.3467570996965249
5788,president's,5789,5.3,1.5152,,,,,-0.3467570996965249
5789,profile,5790,5.3,1.233,1622.0,4012.0,3870.0,,-0.3467570996965249
5790,quiz,5791,5.3,1.488,2126.0,,,,-0.3467570996965249
5791,rail,5792,5.3,1.1112,,,3354.0,,-0.3467570996965249
5792,randy,5793,5.3,1.359,,,3762.0,,-0.3467570996965249
5793,reviews,5794,5.3,1.2164,2209.0,,2362.0,,-0.3467570996965249
5794,ritual,5795,5.3,1.7642,,3819.0,,,-0.3467570996965249
5795,robert,5796,5.3,1.0546,1815.0,1085.0,216.0,,-0.3467570996965249
5796,roberts,5797,5.3,0.8864,,,2961.0,,-0.3467570996965249
5797,roger,5798,5.3,0.8391,,,2094.0,,-0.3467570996965249
5798,samuel,5799,5.3,1.1473,,3147.0,1933.0,,-0.3467570996965249
5799,scales,5800,5.3,1.2817,,4507.0,,,-0.3467570996965249
5800,sec,5801,5.3,1.0351,3386.0,2615.0,3786.0,,-0.3467570996965249
5801,seth,5802,5.3,1.1473,,,4037.0,,-0.3467570996965249
5802,seymour,5803,5.3,1.0351,,,4774.0,,-0.3467570996965249
5803,silly,5804,5.3,1.9821,907.0,,,1612.0,-0.3467570996965249
5804,singular,5805,5.3,1.4463,,4493.0,,,-0.3467570996965249
5805,somebody,5806,5.3,1.1294,1209.0,,2884.0,397.0,-0.3467570996965249
5806,someone,5807,5.3,1.165,253.0,1420.0,936.0,233.0,-0.3467570996965249
5807,spray,5808,5.3,1.4463,3456.0,,,3006.0,-0.3467570996965249
5808,suit,5809,5.3,1.5811,2656.0,2839.0,1483.0,2071.0,-0.3467570996965249
5809,system,5810,5.3,1.7291,893.0,143.0,329.0,1642.0,-0.3467570996965249
5810,tactics,5811,5.3,1.5811,,,4512.0,,-0.3467570996965249
5811,telling,5812,5.3,1.0546,1346.0,2622.0,2363.0,769.0,-0.3467570996965249
5812,tend,5813,5.3,1.4178,4283.0,1991.0,3406.0,4640.0,-0.3467570996965249
5813,third,5814,5.3,1.1473,1652.0,453.0,386.0,1887.0,-0.3467570996965249
5814,transition,5815,5.3,1.359,,2417.0,3589.0,,-0.3467570996965249
5815,trump,5816,5.3,1.7053,,,3492.0,,-0.3467570996965249
5816,via,5817,5.3,1.1473,297.0,2627.0,,3717.0,-0.3467570996965249
5817,vids,5818,5.3,1.4321,4619.0,,,,-0.3467570996965249
5818,visitation,5819,5.3,1.8323,,,4305.0,,-0.3467570996965249
5819,washing,5820,5.3,1.8323,3434.0,,,4793.0,-0.3467570996965249
5820,ways,5821,5.3,1.165,1080.0,698.0,1106.0,636.0,-0.3467570996965249
5821,weekly,5822,5.3,1.594,2541.0,4086.0,2265.0,,-0.3467570996965249
5822,windy,5823,5.3,1.8434,3910.0,,,,-0.3467570996965249
5823,year's,5824,5.3,1.165,,,,,-0.3467570996965249
5824,you're,5825,5.3,1.0926,,,,,-0.3467570996965249
5825,hitherto,5826,5.29,1.3677,,4353.0,,,-0.3928440984365819
5826,incorporated,5827,5.29,1.2197,,4150.0,,,-0.3928440984365819
5827,prescribed,5828,5.29,1.6237,,4423.0,,,-0.3928440984365819
5828,assumption,5829,5.29,1.8028,,2493.0,,,-0.3928440984365819
5829,cama,5830,5.29,1.3844,,,,4486.0,-0.3928440984365819
5830,clergy,5831,5.29,1.8819,,4176.0,,,-0.3928440984365819
5831,heel,5832,5.29,1.354,,,,3061.0,-0.3928440984365819
5832,playas,5833,5.29,1.7795,,,,4766.0,-0.3928440984365819
5833,rodeo,5834,5.29,1.5546,,,,4618.0,-0.3928440984365819
5834,shakin,5835,5.29,1.6202,,,,3971.0,-0.3928440984365819
5835,transferred,5836,5.29,1.3693,,3435.0,,,-0.3928440984365819
5836,2-bath,5837,5.28,1.6293,,,,,-0.4389310971766389
5837,alert,5838,5.28,1.8075,1585.0,,,,-0.4389310971766389
5838,already,5839,5.28,1.2296,323.0,355.0,501.0,725.0,-0.4389310971766389
5839,annual,5840,5.28,1.0506,2508.0,1374.0,1027.0,,-0.4389310971766389
5840,assessment,5841,5.28,1.3708,,1877.0,4734.0,,-0.4389310971766389
5841,beef,5842,5.28,2.1763,2880.0,,,1715.0,-0.4389310971766389
5842,behalf,5843,5.28,1.0887,,3473.0,3033.0,,-0.4389310971766389
5843,borough,5844,5.28,1.0698,,,3371.0,,-0.4389310971766389
5844,code,5845,5.28,1.1256,1267.0,1451.0,3216.0,3146.0,-0.4389310971766389
5845,comin,5846,5.28,1.2129,2413.0,,,1081.0,-0.4389310971766389
5846,congregation,5847,5.28,1.7266,,,2810.0,,-0.4389310971766389
5847,copies,5848,5.28,1.1787,,3712.0,968.0,,-0.4389310971766389
5848,craig,5849,5.28,0.9044,4730.0,,2567.0,,-0.4389310971766389
5849,cuore,5850,5.28,1.2129,,,,4756.0,-0.4389310971766389
5850,dean,5851,5.28,1.2784,4863.0,,1416.0,,-0.4389310971766389
5851,declared,5852,5.28,1.3407,,1727.0,2480.0,,-0.4389310971766389
5852,defended,5853,5.28,1.7617,,,4953.0,,-0.4389310971766389
5853,diplomat,5854,5.28,1.4852,,,4291.0,,-0.4389310971766389
5854,dot,5855,5.28,1.1787,,,,1895.0,-0.4389310971766389
5855,empire,5856,5.28,1.8299,3806.0,1556.0,3313.0,4387.0,-0.4389310971766389
5856,estar,5857,5.28,1.3254,,,,2646.0,-0.4389310971766389
5857,esther,5858,5.28,1.2296,,,4646.0,,-0.4389310971766389
5858,etsy,5859,5.28,1.4148,3832.0,,,,-0.4389310971766389
5859,eventually,5860,5.28,1.5654,3991.0,1928.0,1669.0,3684.0,-0.4389310971766389
5860,extract,5861,5.28,1.4574,,4832.0,,,-0.4389310971766389
5861,feelin,5862,5.28,1.4434,2142.0,,,1294.0,-0.4389310971766389
5862,follower,5863,5.28,1.1787,2179.0,,,,-0.4389310971766389
5863,form,5864,5.28,1.1073,1720.0,171.0,1046.0,1779.0,-0.4389310971766389
5864,gates,5865,5.28,1.1436,,4366.0,3063.0,1976.0,-0.4389310971766389
5865,handling,5866,5.28,1.0887,,3758.0,3731.0,,-0.4389310971766389
5866,hannah,5867,5.28,1.4291,3581.0,,,,-0.4389310971766389
5867,happen,5868,5.28,1.0506,768.0,2229.0,1475.0,849.0,-0.4389310971766389
5868,harriet,5869,5.28,1.3856,,,4703.0,,-0.4389310971766389
5869,harvey,5870,5.28,1.4434,,,3072.0,,-0.4389310971766389
5870,held,5871,5.28,1.2784,2488.0,424.0,227.0,829.0,-0.4389310971766389
5871,holla,5872,5.28,1.7847,2720.0,,,1502.0,-0.4389310971766389
5872,inches,5873,5.28,1.1959,2790.0,2333.0,3141.0,4915.0,-0.4389310971766389
5873,institute,5874,5.28,1.4148,,1596.0,642.0,,-0.4389310971766389
5874,interviewed,5875,5.28,1.4003,,,4484.0,,-0.4389310971766389
5875,jacobs,5876,5.28,0.9044,,,3766.0,,-0.4389310971766389
5876,james,5877,5.28,1.0698,1373.0,783.0,300.0,2705.0,-0.4389310971766389
5877,l,5878,5.28,1.1436,1315.0,351.0,410.0,1749.0,-0.4389310971766389
5878,length,5879,5.28,0.8816,,706.0,4106.0,,-0.4389310971766389
5879,mag,5880,5.28,1.0309,3485.0,,,4106.0,-0.4389310971766389
5880,martha,5881,5.28,1.1959,,,2796.0,,-0.4389310971766389
5881,meanwhile,5882,5.28,0.8816,,3376.0,2170.0,4825.0,-0.4389310971766389
5882,minutes,5883,5.28,0.9044,566.0,1108.0,604.0,1864.0,-0.4389310971766389
5883,mode,5884,5.28,1.1787,2418.0,1697.0,,,-0.4389310971766389
5884,morton,5885,5.28,0.9485,,,4429.0,,-0.4389310971766389
5885,nonprofit,5886,5.28,1.9382,,,2994.0,,-0.4389310971766389
5886,ora,5887,5.28,0.8581,,,,4910.0,-0.4389310971766389
5887,packed,5888,5.28,1.1613,2755.0,,,2235.0,-0.4389310971766389
5888,packing,5889,5.28,1.5258,2489.0,,,,-0.4389310971766389
5889,pandora,5890,5.28,1.5784,4411.0,,,,-0.4389310971766389
5890,parameter,5891,5.28,1.2129,,4463.0,,,-0.4389310971766389
5891,posse,5892,5.28,1.2784,,,,4329.0,-0.4389310971766389
5892,preacher,5893,5.28,2.1193,,,,2852.0,-0.4389310971766389
5893,representatives,5894,5.28,1.6665,,2405.0,2390.0,,-0.4389310971766389
5894,rewind,5895,5.28,1.0887,,,,3246.0,-0.4389310971766389
5895,says,5896,5.28,1.1959,351.0,508.0,336.0,501.0,-0.4389310971766389
5896,scheduled,5897,5.28,1.1959,4957.0,,840.0,,-0.4389310971766389
5897,secrets,5898,5.28,1.8187,2558.0,,,1478.0,-0.4389310971766389
5898,section,5899,5.28,0.834,3079.0,428.0,731.0,,-0.4389310971766389
5899,serum,5900,5.28,1.3263,,3525.0,,,-0.4389310971766389
5900,sheila,5901,5.28,0.9697,,,4777.0,,-0.4389310971766389
5901,someday,5902,5.28,1.4434,3649.0,,,722.0,-0.4389310971766389
5902,sometimes,5903,5.28,0.9485,569.0,442.0,1004.0,329.0,-0.4389310971766389
5903,somewhere,5904,5.28,0.8581,1499.0,3626.0,4130.0,592.0,-0.4389310971766389
5904,sort,5905,5.28,0.834,1554.0,1024.0,1735.0,2905.0,-0.4389310971766389
5905,stands,5906,5.28,0.8816,4126.0,2177.0,2836.0,1625.0,-0.4389310971766389
5906,state,5907,5.28,0.9697,634.0,118.0,94.0,914.0,-0.4389310971766389
5907,stats,5908,5.28,1.1787,4542.0,,,,-0.4389310971766389
5908,stays,5909,5.28,1.3099,4090.0,,,2371.0,-0.4389310971766389
5909,temporal,5910,5.28,1.3099,,3683.0,,,-0.4389310971766389
5910,that's,5911,5.28,0.8581,,1090.0,,,-0.4389310971766389
5911,theodore,5912,5.28,1.0698,,,3986.0,,-0.4389310971766389
5912,theology,5913,5.28,1.7266,,3225.0,,,-0.4389310971766389
5913,tracks,5914,5.28,1.1073,2826.0,,4465.0,1754.0,-0.4389310971766389
5914,tyler,5915,5.28,1.0506,4784.0,,,,-0.4389310971766389
5915,unions,5916,5.28,1.6542,,3279.0,2792.0,,-0.4389310971766389
5916,version,5917,5.28,0.834,1015.0,1905.0,1383.0,3678.0,-0.4389310971766389
5917,wandering,5918,5.28,1.7296,,,,3480.0,-0.4389310971766389
5918,years,5919,5.28,1.4714,333.0,115.0,58.0,364.0,-0.4389310971766389
5919,york's,5920,5.28,0.7835,,,,,-0.4389310971766389
5920,specified,5921,5.28,1.2972,,2920.0,,,-0.4389310971766389
5921,leben,5922,5.27,1.2158,,,,2493.0,-0.4850180959167001
5922,anyhow,5923,5.27,1.2379,,,,4475.0,-0.4850180959167001
5923,bumpin,5924,5.27,1.7651,,,,4841.0,-0.4850180959167001
5924,governed,5925,5.27,1.7414,,4836.0,,,-0.4850180959167001
5925,holdin,5926,5.27,1.5245,,,,2775.0,-0.4850180959167001
5926,implies,5927,5.27,1.1138,,3382.0,,,-0.4850180959167001
5927,moet,5928,5.27,1.4401,,,,2432.0,-0.4850180959167001
5928,quieres,5929,5.27,1.2874,,,,2515.0,-0.4850180959167001
5929,revised,5930,5.27,1.3961,,4218.0,,,-0.4850180959167001
5930,semi,5931,5.27,1.335,,4482.0,,,-0.4850180959167001
5931,africa,5932,5.26,2.0782,2840.0,1284.0,1577.0,4353.0,-0.5311050946567571
5932,agency,5933,5.26,0.9216,3859.0,1953.0,451.0,,-0.5311050946567571
5933,asking,5934,5.26,0.9858,1323.0,2775.0,2098.0,1263.0,-0.5311050946567571
5934,based,5935,5.26,0.7508,1521.0,389.0,498.0,,-0.5311050946567571
5935,berlin,5936,5.26,1.5884,4455.0,2675.0,3024.0,,-0.5311050946567571
5936,bid,5937,5.26,1.192,2786.0,,1938.0,4375.0,-0.5311050946567571
5937,boyz,5938,5.26,1.9568,,,,4348.0,-0.5311050946567571
5938,carrier,5939,5.26,1.3524,,4788.0,4986.0,,-0.5311050946567571
5939,carrying,5940,5.26,1.2747,4977.0,1988.0,2486.0,4208.0,-0.5311050946567571
5940,clinton's,5941,5.26,1.5493,,,,,-0.5311050946567571
5941,commander,5942,5.26,1.5093,,3051.0,3019.0,,-0.5311050946567571
5942,companies,5943,5.26,1.0264,2292.0,1293.0,314.0,,-0.5311050946567571
5943,conan,5944,5.26,1.7935,4142.0,,,,-0.5311050946567571
5944,conference,5945,5.26,1.1572,1566.0,1312.0,782.0,,-0.5311050946567571
5945,converted,5946,5.26,0.9649,,3749.0,4341.0,,-0.5311050946567571
5946,counsel,5947,5.26,1.0063,,4104.0,1562.0,,-0.5311050946567571
5947,cynthia,5948,5.26,1.4542,,,3938.0,,-0.5311050946567571
5948,dale,5949,5.26,1.192,,,4532.0,2367.0,-0.5311050946567571
5949,department,5950,5.26,1.1031,3403.0,693.0,220.0,,-0.5311050946567571
5950,desk,5951,5.26,0.9858,1914.0,4267.0,4668.0,,-0.5311050946567571
5951,detected,5952,5.26,1.3524,,4630.0,,,-0.5311050946567571
5952,dias,5953,5.26,1.0461,2734.0,,,,-0.5311050946567571
5953,digging,5954,5.26,1.0654,4969.0,,,3339.0,-0.5311050946567571
5954,directions,5955,5.26,1.2747,,2572.0,4675.0,,-0.5311050946567571
5955,doris,5956,5.26,1.1214,,,4463.0,,-0.5311050946567571
5956,dormir,5957,5.26,1.2423,4649.0,,,,-0.5311050946567571
5957,dramatic,5958,5.26,1.9146,,2848.0,3067.0,,-0.5311050946567571
5958,drove,5959,5.26,1.1214,3305.0,3663.0,3875.0,1813.0,-0.5311050946567571
5959,edward,5960,5.26,1.2423,2844.0,1910.0,876.0,,-0.5311050946567571
5960,elliott,5961,5.26,0.9435,,,4274.0,,-0.5311050946567571
5961,facility,5962,5.26,1.5884,,4734.0,4152.0,,-0.5311050946567571
5962,facing,5963,5.26,1.1031,4882.0,3726.0,2633.0,3626.0,-0.5311050946567571
5963,fare,5964,5.26,1.688,,,2729.0,3373.0,-0.5311050946567571
5964,floyd,5965,5.26,1.2906,,,,,-0.5311050946567571
5965,foto,5966,5.26,1.4682,4475.0,,,,-0.5311050946567571
5966,frog,5967,5.26,1.8049,3504.0,,,,-0.5311050946567571
5967,george,5968,5.26,1.0654,1766.0,830.0,407.0,3372.0,-0.5311050946567571
5968,glenn,5969,5.26,1.1031,,,3248.0,,-0.5311050946567571
5969,goes,5970,5.26,1.1214,515.0,1278.0,1147.0,316.0,-0.5311050946567571
5970,ground,5971,5.26,1.2906,1590.0,551.0,1178.0,422.0,-0.5311050946567571
5971,guidelines,5972,5.26,1.5493,,4797.0,4054.0,,-0.5311050946567571
5972,hispanic,5973,5.26,1.482,,,3268.0,,-0.5311050946567571
5973,hmmmm,5974,5.26,1.1214,3749.0,,,,-0.5311050946567571
5974,houston,5975,5.26,1.3063,2131.0,,1302.0,4444.0,-0.5311050946567571
5975,jake,5976,5.26,1.482,4408.0,,,,-0.5311050946567571
5976,jim,5977,5.26,1.209,2333.0,4678.0,1110.0,2817.0,-0.5311050946567571
5977,justin,5978,5.26,1.4542,611.0,,4973.0,,-0.5311050946567571
5978,kay,5979,5.26,1.1031,4839.0,,,,-0.5311050946567571
5979,lines,5980,5.26,1.0063,2252.0,636.0,1212.0,966.0,-0.5311050946567571
5980,mainly,5981,5.26,1.2257,,1930.0,3504.0,,-0.5311050946567571
5981,marcus,5982,5.26,0.9858,,,4432.0,,-0.5311050946567571
5982,marshall,5983,5.26,0.9435,,4992.0,2664.0,,-0.5311050946567571
5983,martin,5984,5.26,0.9435,2171.0,2524.0,820.0,4724.0,-0.5311050946567571
5984,matt,5985,5.26,1.3219,2058.0,,3384.0,,-0.5311050946567571
5985,mayor,5986,5.26,1.3063,3746.0,4522.0,607.0,,-0.5311050946567571
5986,mr,5987,5.26,1.1395,869.0,204.0,18.0,657.0,-0.5311050946567571
5987,mundo,5988,5.26,0.9216,3492.0,,,1784.0,-0.5311050946567571
5988,nc,5989,5.26,1.3822,3071.0,,2298.0,,-0.5311050946567571
5989,nearly,5990,5.26,1.2423,1587.0,796.0,803.0,2407.0,-0.5311050946567571
5990,nina,5991,5.26,1.3063,,,4470.0,,-0.5311050946567571
5991,papers,5992,5.26,1.3063,3413.0,1292.0,3246.0,3165.0,-0.5311050946567571
5992,perry,5993,5.26,1.0264,3962.0,,3639.0,,-0.5311050946567571
5993,philip,5994,5.26,1.0461,,3198.0,1438.0,,-0.5311050946567571
5994,piece,5995,5.26,1.0654,1181.0,1340.0,1530.0,832.0,-0.5311050946567571
5995,plot,5996,5.26,1.3822,4500.0,3203.0,3733.0,3551.0,-0.5311050946567571
5996,pouring,5997,5.26,1.5754,4931.0,,,2452.0,-0.5311050946567571
5997,preliminary,5998,5.26,1.1031,,3697.0,4568.0,,-0.5311050946567571
5998,print,5999,5.26,1.209,2201.0,3129.0,3527.0,,-0.5311050946567571
5999,prudential,6000,5.26,1.3969,,,4966.0,,-0.5311050946567571
6000,qual,6001,5.26,1.4115,4812.0,,,,-0.5311050946567571
6001,reasons,6002,5.26,1.0063,2173.0,1074.0,2104.0,1374.0,-0.5311050946567571
6002,reed,6003,5.26,1.2586,,,3446.0,,-0.5311050946567571
6003,register,6004,5.26,1.0844,3086.0,3684.0,,,-0.5311050946567571
6004,richard,6005,5.26,0.9649,3224.0,1516.0,334.0,4571.0,-0.5311050946567571
6005,robinson,6006,5.26,0.7775,,,2528.0,,-0.5311050946567571
6006,roslyn,6007,5.26,0.9649,,,4323.0,,-0.5311050946567571
6007,semester,6008,5.26,1.7001,3158.0,,,,-0.5311050946567571
6008,sergeant,6009,5.26,1.2747,,,3506.0,,-0.5311050946567571
6009,shift,6010,5.26,1.0461,2780.0,2443.0,2955.0,3683.0,-0.5311050946567571
6010,shirley,6011,5.26,1.0844,,,3330.0,,-0.5311050946567571
6011,siempre,6012,5.26,1.482,,,,1299.0,-0.5311050946567571
6012,sir,6013,5.26,1.1214,1702.0,558.0,3841.0,2094.0,-0.5311050946567571
6013,spot,6014,5.26,1.4682,1363.0,2220.0,2442.0,951.0,-0.5311050946567571
6014,stated,6015,5.26,0.7775,,1318.0,4963.0,,-0.5311050946567571
6015,statement,6016,5.26,0.9649,3471.0,989.0,854.0,,-0.5311050946567571
6016,tool,6017,5.26,1.5361,1055.0,2950.0,4894.0,4206.0,-0.5311050946567571
6017,uniform,6018,5.26,1.6264,,2600.0,,,-0.5311050946567571
6018,units,6019,5.26,1.0264,,1344.0,1843.0,,-0.5311050946567571
6019,walls,6020,5.26,1.0264,4052.0,1545.0,3055.0,754.0,-0.5311050946567571
6020,week's,6021,5.26,1.3822,,,,,-0.5311050946567571
6021,lend,6022,5.26,1.775,,,,3184.0,-0.5311050946567571
6022,hangin,6023,5.25,1.7564,,,,3458.0,-0.5771920933968142
6023,borne,6024,5.24,1.3774,,4191.0,,,-0.6232790921368712
6024,differentiation,6025,5.24,1.1093,,4868.0,,,-0.6232790921368712
6025,intermediate,6026,5.24,1.2671,,3642.0,,,-0.6232790921368712
6026,motives,6027,5.24,1.451,,4126.0,,,-0.6232790921368712
6027,#followfriday,6028,5.24,1.3486,,,,,-0.6232790921368712
6028,a,6029,5.24,0.9161,4.0,6.0,4.0,6.0,-0.6232790921368712
6029,abc,6030,5.24,1.0012,2586.0,,3000.0,,-0.6232790921368712
6030,asks,6031,5.24,0.8704,3223.0,4561.0,4527.0,4358.0,-0.6232790921368712
6031,beijing,6032,5.24,1.685,,,3708.0,,-0.6232790921368712
6032,bet,6033,5.24,1.3933,884.0,,4551.0,803.0,-0.6232790921368712
6033,boeing,6034,5.24,1.3637,,,4692.0,,-0.6232790921368712
6034,chart,6035,5.24,1.3334,,4146.0,1855.0,,-0.6232790921368712
6035,depend,6036,5.24,1.3933,,2451.0,4883.0,3489.0,-0.6232790921368712
6036,diplomats,6037,5.24,1.8578,,,3414.0,,-0.6232790921368712
6037,doin,6038,5.24,1.3786,1216.0,,,1172.0,-0.6232790921368712
6038,donna,6039,5.24,1.3486,,,3651.0,3512.0,-0.6232790921368712
6039,douglas,6040,5.24,1.1877,,4638.0,1726.0,,-0.6232790921368712
6040,drivers,6041,5.24,1.1528,3374.0,,3490.0,,-0.6232790921368712
6041,edited,6042,5.24,1.135,,2722.0,2263.0,,-0.6232790921368712
6042,elaine,6043,5.24,1.2867,,,3293.0,,-0.6232790921368712
6043,ellis,6044,5.24,0.9381,,,4517.0,,-0.6232790921368712
6044,encounter,6045,5.24,1.7792,,4303.0,,,-0.6232790921368712
6045,evans,6046,5.24,1.0984,,,3700.0,,-0.6232790921368712
6046,faced,6047,5.24,1.2382,,2910.0,2891.0,3880.0,-0.6232790921368712
6047,fifth,6048,5.24,1.2216,,2251.0,1043.0,3297.0,-0.6232790921368712
6048,fin,6049,5.24,0.9596,4665.0,,,2665.0,-0.6232790921368712
6049,five,6050,5.24,0.6869,1177.0,331.0,270.0,732.0,-0.6232790921368712
6050,franklin,6051,5.24,1.0606,,4607.0,2349.0,,-0.6232790921368712
6051,garage,6052,5.24,1.2048,3258.0,,2924.0,,-0.6232790921368712
6052,generally,6053,5.24,1.135,,536.0,2012.0,,-0.6232790921368712
6053,goin,6054,5.24,1.3334,646.0,,,911.0,-0.6232790921368712
6054,harry,6055,5.24,1.2545,2313.0,3856.0,1692.0,,-0.6232790921368712
6055,industries,6056,5.24,1.0984,,2207.0,2082.0,,-0.6232790921368712
6056,insurance,6057,5.24,1.9646,1462.0,1957.0,780.0,,-0.6232790921368712
6057,iowa,6058,5.24,1.3786,4659.0,,2736.0,,-0.6232790921368712
6058,irving,6059,5.24,1.3334,,,2503.0,,-0.6232790921368712
6059,jajaja,6060,5.24,1.2048,3623.0,,,,-0.6232790921368712
6060,kirk,6061,5.24,1.4507,,,4294.0,,-0.6232790921368712
6061,lieutenant,6062,5.24,1.1877,,3297.0,3266.0,,-0.6232790921368712
6062,longtime,6063,5.24,1.7328,,,1636.0,,-0.6232790921368712
6063,matters,6064,5.24,1.318,3442.0,1255.0,2004.0,1824.0,-0.6232790921368712
6064,mid,6065,5.24,0.744,4629.0,2352.0,,,-0.6232790921368712
6065,minnesota,6066,5.24,1.5328,,,2711.0,,-0.6232790921368712
6066,morgan,6067,5.24,1.2867,4865.0,,1683.0,,-0.6232790921368712
6067,namely,6068,5.24,1.2707,,2467.0,,,-0.6232790921368712
6068,nathan,6069,5.24,1.1704,,,4100.0,,-0.6232790921368712
6069,oliver,6070,5.24,1.135,,,4190.0,,-0.6232790921368712
6070,parliamentary,6071,5.24,1.5851,,4441.0,,,-0.6232790921368712
6071,partially,6072,5.24,1.3024,,4021.0,,,-0.6232790921368712
6072,parts,6073,5.24,1.1168,2261.0,559.0,1470.0,2606.0,-0.6232790921368712
6073,persian,6074,5.24,1.6483,,,4148.0,,-0.6232790921368712
6074,pon,6075,5.24,1.4078,,,,2639.0,-0.6232790921368712
6075,poppin,6076,5.24,1.8796,3912.0,,,2827.0,-0.6232790921368712
6076,publicly,6077,5.24,1.2707,,,3196.0,,-0.6232790921368712
6077,returns,6078,5.24,1.5059,3655.0,2814.0,2934.0,,-0.6232790921368712
6078,ringing,6079,5.24,1.7562,,,,2215.0,-0.6232790921368712
6079,rookie,6080,5.24,1.0412,,,4333.0,,-0.6232790921368712
6080,salomon,6081,5.24,1.0214,,,1957.0,,-0.6232790921368712
6081,sat,6082,5.24,1.3334,1140.0,1342.0,2866.0,1655.0,-0.6232790921368712
6082,seem,6083,5.24,0.9596,937.0,652.0,963.0,479.0,-0.6232790921368712
6083,sf,6084,5.24,1.4365,2683.0,,,,-0.6232790921368712
6084,should,6085,5.24,1.1704,122.0,82.0,125.0,192.0,-0.6232790921368712
6085,since,6086,5.24,0.9161,350.0,166.0,185.0,420.0,-0.6232790921368712
6086,socialist,6087,5.24,2.1905,,3064.0,,,-0.6232790921368712
6087,sorts,6088,5.24,0.9381,,4453.0,,,-0.6232790921368712
6088,spending,6089,5.24,1.6107,1298.0,4040.0,919.0,3045.0,-0.6232790921368712
6089,stanley,6090,5.24,1.0214,,,1373.0,,-0.6232790921368712
6090,substances,6091,5.24,1.3024,,3251.0,,,-0.6232790921368712
6091,there's,6092,5.24,0.6565,,2170.0,,,-0.6232790921368712
6092,ties,6093,5.24,1.4507,,4331.0,2940.0,3216.0,-0.6232790921368712
6093,ton,6094,5.24,1.2216,3148.0,,,2474.0,-0.6232790921368712
6094,toujours,6095,5.24,1.3024,,,,4244.0,-0.6232790921368712
6095,turned,6096,5.24,0.8466,1115.0,605.0,913.0,548.0,-0.6232790921368712
6096,txt,6097,5.24,1.2867,2727.0,,,,-0.6232790921368712
6097,vessels,6098,5.24,1.4507,,2029.0,,,-0.6232790921368712
6098,veux,6099,5.24,1.0797,,,,4040.0,-0.6232790921368712
6099,way,6100,5.24,1.4223,117.0,116.0,140.0,58.0,-0.6232790921368712
6100,wee,6101,5.24,1.5194,3538.0,,,3323.0,-0.6232790921368712
6101,woah,6102,5.24,1.6233,4123.0,,,2110.0,-0.6232790921368712
6102,work,6103,5.24,2.105,89.0,104.0,137.0,343.0,-0.6232790921368712
6103,fraction,6104,5.23,1.3707,,4099.0,,,-0.6693660908769282
6104,depths,6105,5.22,1.6107,,,,3916.0,-0.7154530896169893
6105,destino,6106,5.22,1.0055,,,,4488.0,-0.7154530896169893
6106,nelly,6107,5.22,1.7709,,,,4102.0,-0.7154530896169893
6107,rug,6108,5.22,1.2627,,,,4617.0,-0.7154530896169893
6108,shed,6109,5.22,1.2627,,,,1837.0,-0.7154530896169893
6109,18th,6110,5.22,1.3138,,,,,-0.7154530896169893
6110,adjustment,6111,5.22,1.1301,,3401.0,2257.0,,-0.7154530896169893
6111,afterward,6112,5.22,1.0934,,,4474.0,,-0.7154530896169893
6112,ali,6113,5.22,1.3893,,,4790.0,4157.0,-0.7154530896169893
6113,and,6114,5.22,0.6158,5.0,3.0,3.0,4.0,-0.7154530896169893
6114,anderson,6115,5.22,1.2982,,4577.0,1878.0,,-0.7154530896169893
6115,andrew,6116,5.22,1.2337,3054.0,4458.0,870.0,,-0.7154530896169893
6116,any,6117,5.22,0.6788,181.0,71.0,130.0,326.0,-0.7154530896169893
6117,artery,6118,5.22,1.2982,,3848.0,,,-0.7154530896169893
6118,as,6119,5.22,0.7637,54.0,10.0,23.0,63.0,-0.7154530896169893
6119,baila,6120,5.22,1.5158,,,,3657.0,-0.7154530896169893
6120,barbara,6121,5.22,1.3596,,,786.0,,-0.7154530896169893
6121,bernstein,6122,5.22,1.5817,,,3486.0,,-0.7154530896169893
6122,bio,6123,5.22,1.2982,3986.0,,,,-0.7154530896169893
6123,bits,6124,5.22,0.864,4467.0,,,,-0.7154530896169893
6124,briefs,6125,5.22,0.91,,,2755.0,,-0.7154530896169893
6125,cause,6126,5.22,1.0554,417.0,444.0,1273.0,116.0,-0.7154530896169893
6126,charles,6127,5.22,1.3293,3435.0,936.0,488.0,,-0.7154530896169893
6127,chris,6128,5.22,0.864,1043.0,,1659.0,3709.0,-0.7154530896169893
6128,como,6129,5.22,0.9957,1150.0,,,623.0,-0.7154530896169893
6129,counties,6130,5.22,1.016,,4879.0,4753.0,,-0.7154530896169893
6130,counting,6131,5.22,0.91,3105.0,,4988.0,2090.0,-0.7154530896169893
6131,dc,6132,5.22,1.3596,1502.0,2028.0,2981.0,,-0.7154530896169893
6132,defend,6133,5.22,1.7177,,3940.0,4009.0,3707.0,-0.7154530896169893
6133,defending,6134,5.22,1.5022,,,3671.0,,-0.7154530896169893
6134,dems,6135,5.22,1.5817,4942.0,,,,-0.7154530896169893
6135,dexter,6136,5.22,1.6573,4879.0,,,,-0.7154530896169893
6136,does,6137,5.22,1.2501,220.0,160.0,307.0,423.0,-0.7154530896169893
6137,drama,6138,5.22,2.2433,1738.0,3184.0,2771.0,1806.0,-0.7154530896169893
6138,excess,6139,5.22,1.6695,,2658.0,,,-0.7154530896169893
6139,file,6140,5.22,1.2664,2660.0,1662.0,3272.0,4698.0,-0.7154530896169893
6140,for,6141,5.22,0.975,11.0,9.0,8.0,18.0,-0.7154530896169893
6141,fordham,6142,5.22,1.183,,,3711.0,,-0.7154530896169893
6142,hartford,6143,5.22,1.1301,,,2145.0,,-0.7154530896169893
6143,hours,6144,5.22,1.0359,331.0,669.0,562.0,1024.0,-0.7154530896169893
6144,immigrants,6145,5.22,1.5945,,4703.0,3102.0,,-0.7154530896169893
6145,joe,6146,5.22,0.9322,1018.0,4548.0,1262.0,1202.0,-0.7154530896169893
6146,kim,6147,5.22,1.5817,2547.0,,2848.0,2764.0,-0.7154530896169893
6147,knicks,6148,5.22,1.7413,,,2544.0,,-0.7154530896169893
6148,lambert,6149,5.22,1.4886,4856.0,,,,-0.7154530896169893
6149,lane,6150,5.22,1.016,2850.0,4808.0,2460.0,1922.0,-0.7154530896169893
6150,lcd,6151,5.22,1.4184,,,,,-0.7154530896169893
6151,lg,6152,5.22,0.864,2394.0,,,,-0.7154530896169893
6152,lois,6153,5.22,1.2664,,,4802.0,,-0.7154530896169893
6153,mano,6154,5.22,1.1301,,,,3253.0,-0.7154530896169893
6154,mia,6155,5.22,1.3893,3559.0,,,1970.0,-0.7154530896169893
6155,mill,6156,5.22,1.2664,,3234.0,4171.0,4077.0,-0.7154530896169893
6156,mondo,6157,5.22,1.183,,,,4253.0,-0.7154530896169893
6157,motors,6158,5.22,1.4184,,,4191.0,,-0.7154530896169893
6158,nets,6159,5.22,0.9322,,,3694.0,,-0.7154530896169893
6159,northern,6160,5.22,1.3293,4017.0,1321.0,1388.0,4592.0,-0.7154530896169893
6160,officer,6161,5.22,1.6449,4710.0,1479.0,532.0,,-0.7154530896169893
6161,ohio,6162,5.22,1.4184,2890.0,3166.0,1412.0,,-0.7154530896169893
6162,order,6163,5.22,1.2337,890.0,170.0,790.0,1751.0,-0.7154530896169893
6163,others,6164,5.22,0.9538,781.0,222.0,457.0,1104.0,-0.7154530896169893
6164,palabras,6165,5.22,1.183,,,,4887.0,-0.7154530896169893
6165,psychological,6166,5.22,1.8983,,1838.0,4728.0,,-0.7154530896169893
6166,pump,6167,5.22,1.0746,4600.0,4849.0,,1521.0,-0.7154530896169893
6167,real-estate,6168,5.22,1.6073,,,,,-0.7154530896169893
6168,ridge,6169,5.22,0.8873,,4743.0,2641.0,,-0.7154530896169893
6169,seems,6170,5.22,0.975,568.0,445.0,679.0,383.0,-0.7154530896169893
6170,sentence,6171,5.22,1.4469,4523.0,2025.0,2306.0,4325.0,-0.7154530896169893
6171,suffolk,6172,5.22,1.1119,,,3866.0,,-0.7154530896169893
6172,swallow,6173,5.22,1.5817,,,,1670.0,-0.7154530896169893
6173,systems,6174,5.22,1.2171,3364.0,544.0,1040.0,,-0.7154530896169893
6174,tal,6175,5.22,0.9538,,,,3848.0,-0.7154530896169893
6175,ted,6176,5.22,0.8873,3739.0,,3237.0,,-0.7154530896169893
6176,thru,6177,5.22,0.9538,1084.0,,,1358.0,-0.7154530896169893
6177,till,6178,5.22,1.2982,589.0,1060.0,,318.0,-0.7154530896169893
6178,tim,6179,5.22,1.2824,2104.0,,2389.0,,-0.7154530896169893
6179,tissues,6180,5.22,1.5425,,3624.0,,,-0.7154530896169893
6180,too,6181,5.22,0.8401,67.0,155.0,237.0,98.0,-0.7154530896169893
6181,trance,6182,5.22,1.7177,,,,4004.0,-0.7154530896169893
6182,trick,6183,5.22,1.6695,2311.0,,4926.0,1428.0,-0.7154530896169893
6183,typical,6184,5.22,1.1301,4585.0,1696.0,4094.0,,-0.7154530896169893
6184,undertaken,6185,5.22,1.3596,,4333.0,,,-0.7154530896169893
6185,usual,6186,5.22,1.1119,2005.0,1382.0,3022.0,4909.0,-0.7154530896169893
6186,veins,6187,5.22,1.3596,,,,1677.0,-0.7154530896169893
6187,whoa,6188,5.22,1.7646,2460.0,,,618.0,-0.7154530896169893
6188,wrist,6189,5.22,1.1301,,,,2574.0,-0.7154530896169893
6189,ya,6190,5.22,1.6573,195.0,,,110.0,-0.7154530896169893
6190,yankees,6191,5.22,1.6199,,,1590.0,,-0.7154530896169893
6191,bibliography,6192,5.21,1.5973,,4274.0,,,-0.7615400883570465
6192,masses,6193,5.21,1.3202,,2970.0,,4016.0,-0.7615400883570465
6193,mente,6194,5.21,1.237,,,,4450.0,-0.7615400883570465
6194,norms,6195,5.21,1.2876,,4982.0,,,-0.7615400883570465
6195,twist,6196,5.21,1.3832,,,,1431.0,-0.7615400883570465
6196,criterion,6197,5.2,1.2744,,4644.0,,,-0.8076270870971035
6197,eastside,6198,5.2,1.3991,,,,4557.0,-0.8076270870971035
6198,mio,6199,5.2,1.0989,,,,2504.0,-0.8076270870971035
6199,node,6200,5.2,1.4858,,4975.0,,,-0.8076270870971035
6200,nombre,6201,5.2,1.369,,,,4944.0,-0.8076270870971035
6201,repeats,6202,5.2,1.1899,,,,3383.0,-0.8076270870971035
6202,thereafter,6203,5.2,1.3226,,4859.0,,,-0.8076270870971035
6203,agency's,6204,5.2,1.3702,,,,,-0.8076270870971035
6204,alcohol,6205,5.2,2.3212,2787.0,2617.0,3752.0,3600.0,-0.8076270870971035
6205,another,6206,5.2,1.0498,227.0,137.0,175.0,167.0,-0.8076270870971035
6206,app,6207,5.2,1.4286,844.0,,,,-0.8076270870971035
6207,ask,6208,5.2,1.8736,466.0,910.0,1222.0,372.0,-0.8076270870971035
6208,berkeley,6209,5.2,1.3997,,,2831.0,,-0.8076270870971035
6209,bonds,6210,5.2,1.7728,,3027.0,945.0,,-0.8076270870971035
6210,briefly,6211,5.2,1.6036,,3550.0,4833.0,,-0.8076270870971035
6211,cab,6212,5.2,1.5253,3078.0,,,4034.0,-0.8076270870971035
6212,carry,6213,5.2,1.5518,2704.0,1219.0,1714.0,684.0,-0.8076270870971035
6213,checking,6214,5.2,1.3702,1692.0,,,4361.0,-0.8076270870971035
6214,continued,6215,5.2,1.5119,,610.0,1108.0,,-0.8076270870971035
6215,cunningham,6216,5.2,1.178,,,,,-0.8076270870971035
6216,dallas,6217,5.2,1.5908,1956.0,,1804.0,,-0.8076270870971035
6217,dare,6218,5.2,1.4569,2976.0,4818.0,,1142.0,-0.8076270870971035
6218,decade,6219,5.2,1.069,3409.0,3285.0,1926.0,,-0.8076270870971035
6219,dia,6220,5.2,1.069,1463.0,,,2146.0,-0.8076270870971035
6220,donde,6221,5.2,1.6162,,,,1775.0,-0.8076270870971035
6221,during,6222,5.2,0.9897,656.0,136.0,252.0,,-0.8076270870971035
6222,economist,6223,5.2,1.5119,,,2734.0,,-0.8076270870971035
6223,four,6224,5.2,0.9689,1136.0,253.0,193.0,695.0,-0.8076270870971035
6224,goldberg,6225,5.2,1.4983,,,3650.0,,-0.8076270870971035
6225,gurl,6226,5.2,1.3401,3872.0,,,4046.0,-0.8076270870971035
6226,happens,6227,5.2,1.2122,1112.0,2969.0,2275.0,1388.0,-0.8076270870971035
6227,hebrew,6228,5.2,1.4142,,4173.0,4385.0,,-0.8076270870971035
6228,immigration,6229,5.2,1.3553,,4812.0,2803.0,,-0.8076270870971035
6229,inch,6230,5.2,0.7284,3691.0,2726.0,,2563.0,-0.8076270870971035
6230,initially,6231,5.2,0.7284,,3618.0,4004.0,,-0.8076270870971035
6231,intended,6232,5.2,1.0498,,1402.0,1679.0,,-0.8076270870971035
6232,internal,6233,5.2,1.3093,,1094.0,2436.0,,-0.8076270870971035
6233,itself,6234,5.2,0.8081,2304.0,287.0,897.0,2484.0,-0.8076270870971035
6234,jaw,6235,5.2,1.3401,,,,3884.0,-0.8076270870971035
6235,jeff,6236,5.2,1.0498,2839.0,,1702.0,4441.0,-0.8076270870971035
6236,jersey,6237,5.2,1.3401,1817.0,4533.0,271.0,4117.0,-0.8076270870971035
6237,jetzt,6238,5.2,1.1249,3125.0,,,2368.0,-0.8076270870971035
6238,john's,6239,5.2,1.1952,,,,,-0.8076270870971035
6239,journalists,6240,5.2,1.5119,,,3723.0,,-0.8076270870971035
6240,kevin,6241,5.2,1.2778,2154.0,,1497.0,,-0.8076270870971035
6241,klein,6242,5.2,1.069,,,3118.0,,-0.8076270870971035
6242,knocking,6243,5.2,1.3093,,,,2626.0,-0.8076270870971035
6243,lightning,6244,5.2,1.8844,3172.0,,,2005.0,-0.8076270870971035
6244,lil,6245,5.2,1.2454,528.0,,,1231.0,-0.8076270870971035
6245,linger,6246,5.2,1.6903,,,,3389.0,-0.8076270870971035
6246,loads,6247,5.2,1.2122,2832.0,,,,-0.8076270870971035
6247,lobby,6248,5.2,1.4846,,,4522.0,,-0.8076270870971035
6248,marketing,6249,5.2,1.9483,717.0,3217.0,1186.0,,-0.8076270870971035
6249,maurice,6250,5.2,1.3553,,,4673.0,,-0.8076270870971035
6250,mayor's,6251,5.2,1.3093,,,,,-0.8076270870971035
6251,medieval,6252,5.2,1.6036,,3918.0,,,-0.8076270870971035
6252,mejor,6253,5.2,1.4569,3800.0,,,2365.0,-0.8076270870971035
6253,moreover,6254,5.2,0.9689,,1390.0,4982.0,,-0.8076270870971035
6254,necessity,6255,5.2,1.4569,,1799.0,,,-0.8076270870971035
6255,negotiating,6256,5.2,1.4846,,,3906.0,,-0.8076270870971035
6256,objects,6257,5.2,1.4142,,1166.0,3834.0,,-0.8076270870971035
6257,pattinson,6258,5.2,1.0302,4404.0,,,,-0.8076270870971035
6258,peel,6259,5.2,1.3997,,,,3638.0,-0.8076270870971035
6259,percentage,6260,5.2,0.8081,,2228.0,2045.0,,-0.8076270870971035
6260,physicians,6261,5.2,1.6537,,4316.0,3703.0,,-0.8076270870971035
6261,pitcher,6262,5.2,1.2454,,,3163.0,,-0.8076270870971035
6262,poco,6263,5.2,1.3702,,,,2634.0,-0.8076270870971035
6263,retiring,6264,5.2,2.1571,,,3648.0,,-0.8076270870971035
6264,return,6265,5.2,1.4708,1288.0,531.0,662.0,971.0,-0.8076270870971035
6265,retweeting,6266,5.2,1.6903,3708.0,,,,-0.8076270870971035
6266,rick,6267,5.2,1.0302,3429.0,,3020.0,4515.0,-0.8076270870971035
6267,rochester,6268,5.2,1.3401,,,3585.0,,-0.8076270870971035
6268,rodriguez,6269,5.2,0.833,,,4606.0,,-0.8076270870971035
6269,rosen,6270,5.2,1.6036,,,4260.0,,-0.8076270870971035
6270,russians,6271,5.2,1.3851,,,4495.0,,-0.8076270870971035
6271,rutgers,6272,5.2,1.4569,,,3455.0,,-0.8076270870971035
6272,secondary,6273,5.2,1.1606,,1544.0,,,-0.8076270870971035
6273,sections,6274,5.2,1.1721,,1875.0,,,-0.8076270870971035
6274,shes,6275,5.2,1.3248,1755.0,,,2476.0,-0.8076270870971035
6275,slang,6276,5.2,1.6288,,,,2934.0,-0.8076270870971035
6276,snap,6277,5.2,1.6288,3568.0,,,2768.0,-0.8076270870971035
6277,tape,6278,5.2,1.1952,2650.0,4671.0,3588.0,2184.0,-0.8076270870971035
6278,tighter,6279,5.2,1.4428,,,,4658.0,-0.8076270870971035
6279,tires,6280,5.2,1.3702,,,,4416.0,-0.8076270870971035
6280,turn,6281,5.2,1.2454,584.0,561.0,842.0,175.0,-0.8076270870971035
6281,turns,6282,5.2,0.9035,1511.0,2725.0,2366.0,877.0,-0.8076270870971035
6282,van,6283,5.2,1.4286,984.0,1619.0,1067.0,673.0,-0.8076270870971035
6283,viento,6284,5.2,1.2936,,,,4550.0,-0.8076270870971035
6284,vuelve,6285,5.2,0.9689,,,,3818.0,-0.8076270870971035
6285,warner,6286,5.2,1.6162,4315.0,,2182.0,,-0.8076270870971035
6286,williams,6287,5.2,0.9689,2783.0,3002.0,1065.0,,-0.8076270870971035
6287,yi,6288,5.2,0.9035,,,,2526.0,-0.8076270870971035
6288,lotta,6289,5.19,1.4333,,,,2481.0,-0.8537140858371605
6289,amar,6290,5.19,1.1788,,,,3190.0,-0.8537140858371605
6290,dogg,6291,5.19,1.6968,,,,1351.0,-0.8537140858371605
6291,dominant,6292,5.19,1.9963,,2792.0,,,-0.8537140858371605
6292,retained,6293,5.19,1.363,,3571.0,,,-0.8537140858371605
6293,searched,6294,5.19,1.299,,,,4029.0,-0.8537140858371605
6294,turnin,6295,5.19,1.1422,,,,4850.0,-0.8537140858371605
6295,kickin,6296,5.18,1.8894,,,,3668.0,-0.8998010845772215
6296,ph,6297,5.18,1.1668,,2527.0,,,-0.8998010845772215
6297,squad,6298,5.18,1.3795,,,,2434.0,-0.8998010845772215
6298,tasks,6299,5.18,1.4531,,2789.0,,,-0.8998010845772215
6299,duro,6300,5.18,1.0138,,,,4167.0,-0.8998010845772215
6300,advocate,6301,5.18,1.6622,,,3346.0,,-0.8998010845772215
6301,ahora,6302,5.18,0.9409,3277.0,,,1761.0,-0.8998010845772215
6302,allan,6303,5.18,1.0437,,,3448.0,,-0.8998010845772215
6303,back,6304,5.18,1.2403,75.0,156.0,172.0,62.0,-0.8998010845772215
6304,barney,6305,5.18,1.3805,,,4917.0,,-0.8998010845772215
6305,barry,6306,5.18,0.9409,,,1730.0,,-0.8998010845772215
6306,basement,6307,5.18,1.024,4474.0,,3323.0,4036.0,-0.8998010845772215
6307,blowing,6308,5.18,1.5868,3534.0,,,1876.0,-0.8998010845772215
6308,boards,6309,5.18,1.0821,,4427.0,3253.0,,-0.8998010845772215
6309,bones,6310,5.18,1.7343,3288.0,3287.0,,1166.0,-0.8998010845772215
6310,brick,6311,5.18,1.2237,4852.0,,4131.0,2596.0,-0.8998010845772215
6311,candidates,6312,5.18,1.4803,,3881.0,1357.0,,-0.8998010845772215
6312,cape,6313,5.18,1.7577,4996.0,3755.0,3545.0,,-0.8998010845772215
6313,cha,6314,5.18,0.8254,4597.0,,,1738.0,-0.8998010845772215
6314,chancellor,6315,5.18,1.4803,,,2847.0,,-0.8998010845772215
6315,chap,6316,5.18,1.7225,,3393.0,,,-0.8998010845772215
6316,china's,6317,5.18,1.3506,,,,,-0.8998010845772215
6317,claim,6318,5.18,1.4941,3011.0,1220.0,2319.0,1792.0,-0.8998010845772215
6318,classification,6319,5.18,1.2567,,2742.0,,,-0.8998010845772215
6319,closet,6320,5.18,1.1373,4152.0,,,3775.0,-0.8998010845772215
6320,cnn,6321,5.18,1.4525,2145.0,,,,-0.8998010845772215
6321,collar,6322,5.18,1.32,,,,4026.0,-0.8998010845772215
6322,context,6323,5.18,0.9624,4186.0,1243.0,4342.0,,-0.8998010845772215
6323,crawling,6324,5.18,1.7343,,,,2180.0,-0.8998010845772215
6324,deborah,6325,5.18,1.4384,,,2371.0,,-0.8998010845772215
6325,defense,6326,5.18,1.5345,3400.0,1981.0,648.0,4669.0,-0.8998010845772215
6326,democrat,6327,5.18,2.0172,,,1155.0,,-0.8998010845772215
6327,election,6328,5.18,1.3506,2312.0,1693.0,851.0,,-0.8998010845772215
6328,etc,6329,5.18,0.9833,1013.0,771.0,,3751.0,-0.8998010845772215
6329,existing,6330,5.18,1.6744,,1377.0,2817.0,,-0.8998010845772215
6330,from,6331,5.18,1.2237,38.0,24.0,22.0,49.0,-0.8998010845772215
6331,gate,6332,5.18,1.1008,,2943.0,3685.0,2029.0,-0.8998010845772215
6332,governor's,6333,5.18,1.5477,,,,,-0.8998010845772215
6333,hardcore,6334,5.18,2.0671,4624.0,,,3070.0,-0.8998010845772215
6334,has,6335,5.18,1.5477,76.0,39.0,31.0,182.0,-0.8998010845772215
6335,hasta,6336,5.18,1.0437,4717.0,,,1627.0,-0.8998010845772215
6336,horn,6337,5.18,1.4241,,,,3511.0,-0.8998010845772215
6337,imperial,6338,5.18,2.0373,,2625.0,,,-0.8998010845772215
6338,is,6339,5.18,0.7197,7.0,7.0,7.0,15.0,-0.8998010845772215
6339,jacob,6340,5.18,1.1192,4068.0,,2903.0,,-0.8998010845772215
6340,joint,6341,5.18,1.6374,2992.0,1480.0,1924.0,2355.0,-0.8998010845772215
6341,jonathan,6342,5.18,1.1192,,,1285.0,,-0.8998010845772215
6342,judith,6343,5.18,1.1008,,,1980.0,,-0.8998010845772215
6343,kita,6344,5.18,1.3045,,,,3795.0,-0.8998010845772215
6344,knees,6345,5.18,1.1192,4950.0,4822.0,,659.0,-0.8998010845772215
6345,legal,6346,5.18,1.746,2278.0,963.0,746.0,,-0.8998010845772215
6346,leonard,6347,5.18,1.2728,,,2032.0,,-0.8998010845772215
6347,leslie,6348,5.18,1.3045,,,2529.0,,-0.8998010845772215
6348,letting,6349,5.18,1.3656,2280.0,,,1564.0,-0.8998010845772215
6349,lloyd,6350,5.18,0.919,,,3405.0,,-0.8998010845772215
6350,longer,6351,5.18,1.1726,1142.0,612.0,929.0,808.0,-0.8998010845772215
6351,lynn,6352,5.18,1.2887,,,2713.0,,-0.8998010845772215
6352,minister,6353,5.18,1.4097,4248.0,1048.0,715.0,,-0.8998010845772215
6353,mon,6354,5.18,1.5868,3157.0,,,1688.0,-0.8998010845772215
6354,monitor,6355,5.18,1.7922,3493.0,,4180.0,,-0.8998010845772215
6355,month,6356,5.18,1.3354,405.0,1283.0,368.0,2835.0,-0.8998010845772215
6356,mt,6357,5.18,0.9833,3398.0,,3071.0,,-0.8998010845772215
6357,muy,6358,5.18,0.8965,3295.0,,,2196.0,-0.8998010845772215
6358,ninth,6359,5.18,0.9833,,,2969.0,,-0.8998010845772215
6359,notion,6360,5.18,1.32,,2089.0,4153.0,4912.0,-0.8998010845772215
6360,o'connor,6361,5.18,1.1551,,,,,-0.8998010845772215
6361,ore,6362,5.18,1.2403,,,3757.0,,-0.8998010845772215
6362,pac,6363,5.18,1.4097,,,,4286.0,-0.8998010845772215
6363,penis,6364,5.18,1.9555,2297.0,,,,-0.8998010845772215
6364,pete,6365,5.18,1.5477,4109.0,,3932.0,,-0.8998010845772215
6365,phyllis,6366,5.18,1.1551,,,3562.0,,-0.8998010845772215
6366,plug,6367,5.18,1.024,4827.0,,,3497.0,-0.8998010845772215
6367,pour,6368,5.18,1.32,2422.0,3900.0,,987.0,-0.8998010845772215
6368,public,6369,5.18,1.3656,965.0,183.0,128.0,2793.0,-0.8998010845772215
6369,ra,6370,5.18,1.5739,,,,3574.0,-0.8998010845772215
6370,render,6371,5.18,1.32,,3611.0,,,-0.8998010845772215
6371,reporters,6372,5.18,1.3506,,,1939.0,,-0.8998010845772215
6372,retreat,6373,5.18,1.9659,,4488.0,,,-0.8998010845772215
6373,returned,6374,5.18,1.4384,4144.0,988.0,1252.0,4461.0,-0.8998010845772215
6374,reuters,6375,5.18,1.3656,2139.0,,,,-0.8998010845772215
6375,ritmo,6376,5.18,1.2567,,,,4962.0,-0.8998010845772215
6376,roar,6377,5.18,1.7807,,,,3513.0,-0.8998010845772215
6377,sera,6378,5.18,1.1899,,,,3222.0,-0.8998010845772215
6378,shaw,6379,5.18,0.9624,,,4405.0,,-0.8998010845772215
6379,simon,6380,5.18,1.2728,3431.0,4341.0,1934.0,,-0.8998010845772215
6380,slick,6381,5.18,1.6499,,,,2586.0,-0.8998010845772215
6381,sox,6382,5.18,1.5345,3153.0,,4541.0,,-0.8998010845772215
6382,stepped,6383,5.18,1.2728,,4802.0,4657.0,2525.0,-0.8998010845772215
6383,stuffed,6384,5.18,1.3045,3727.0,,,,-0.8998010845772215
6384,take,6385,5.18,1.5077,145.0,165.0,186.0,65.0,-0.8998010845772215
6385,urge,6386,5.18,1.3045,4131.0,,,4614.0,-0.8998010845772215
6386,woh,6387,5.18,1.3805,,,,3886.0,-0.8998010845772215
6387,yah,6388,5.18,1.5077,2284.0,,,1830.0,-0.8998010845772215
6388,fuse,6389,5.17,1.562,,,,4048.0,-0.9458880833172787
6389,capitalism,6390,5.16,2.4524,,4648.0,,,-0.9919750820573358
6390,doet,6391,5.16,1.0478,,,,4649.0,-0.9919750820573358
6391,examine,6392,5.16,1.3896,,2569.0,,,-0.9919750820573358
6392,laced,6393,5.16,1.3746,,,,4749.0,-0.9919750820573358
6393,lado,6394,5.16,1.1429,,,,2725.0,-0.9919750820573358
6394,spine,6395,5.16,1.2804,,,,2652.0,-0.9919750820573358
6395,zeit,6396,5.16,1.0675,,,,3013.0,-0.9919750820573358
6396,census,6397,5.16,1.4265,,4033.0,,,-0.9919750820573358
6397,#tinychat,6398,5.16,1.5032,,,,,-0.9919750820573358
6398,14th,6399,5.16,0.7384,,,,,-0.9919750820573358
6399,81st,6400,5.16,1.2675,,,,,-0.9919750820573358
6400,about,6401,5.16,1.1669,47.0,67.0,32.0,90.0,-0.9919750820573358
6401,after-tax,6402,5.16,1.7304,,,,,-0.9919750820573358
6402,apartments,6403,5.16,1.5826,,,3088.0,,-0.9919750820573358
6403,are,6404,5.16,0.7918,31.0,21.0,26.0,47.0,-0.9919750820573358
6404,ballot,6405,5.16,1.2993,,,4485.0,,-0.9919750820573358
6405,barometer,6406,5.16,0.9553,2552.0,,,,-0.9919750820573358
6406,basic,6407,5.16,1.3456,3206.0,807.0,2086.0,,-0.9919750820573358
6407,basin,6408,5.16,1.6081,,4579.0,,,-0.9919750820573358
6408,betty,6409,5.16,1.0759,4541.0,,3121.0,4492.0,-0.9919750820573358
6409,chain,6410,5.16,1.5301,3349.0,2269.0,2773.0,1108.0,-0.9919750820573358
6410,cooper,6411,5.16,1.0174,,,2678.0,,-0.9919750820573358
6411,cuomo,6412,5.16,0.7918,,,2489.0,,-0.9919750820573358
6412,cyrus,6413,5.16,1.4758,2555.0,,,,-0.9919750820573358
6413,depot,6414,5.16,0.6809,,,,,-0.9919750820573358
6414,diane,6415,5.16,0.7656,,,2513.0,,-0.9919750820573358
6415,diddy,6416,5.16,1.3456,,,,3138.0,-0.9919750820573358
6416,dios,6417,5.16,1.4758,,,,3136.0,-0.9919750820573358
6417,dos,6418,5.16,1.3303,2648.0,,,1968.0,-0.9919750820573358
6418,downstairs,6419,5.16,1.2993,4932.0,,,,-0.9919750820573358
6419,ds,6420,5.16,1.1669,4285.0,,,,-0.9919750820573358
6420,ed,6421,5.16,1.2014,2664.0,632.0,2648.0,3400.0,-0.9919750820573358
6421,effect,6422,5.16,1.0947,2264.0,301.0,734.0,3498.0,-0.9919750820573358
6422,ellen,6423,5.16,1.4049,3978.0,,1703.0,,-0.9919750820573358
6423,feb,6424,5.16,1.4337,1255.0,,598.0,,-0.9919750820573358
6424,floor,6425,5.16,1.2513,1435.0,1366.0,1317.0,468.0,-0.9919750820573358
6425,fuego,6426,5.16,1.2014,,,,3793.0,-0.9919750820573358
6426,gordon,6427,5.16,1.2349,4958.0,,1995.0,,-0.9919750820573358
6427,greg,6428,5.16,1.0568,,,2911.0,,-0.9919750820573358
6428,hari,6429,5.16,1.5301,4340.0,,,,-0.9919750820573358
6429,hype,6430,5.16,1.5826,3653.0,,,2791.0,-0.9919750820573358
6430,lang,6431,5.16,0.6809,4232.0,,,2445.0,-0.9919750820573358
6431,leon,6432,5.16,1.0947,,,3468.0,,-0.9919750820573358
6432,locker,6433,5.16,0.9553,4001.0,,,,-0.9919750820573358
6433,lt,6434,5.16,0.9765,,4955.0,,,-0.9919750820573358
6434,mil,6435,5.16,0.6181,,,,3293.0,-0.9919750820573358
6435,mira,6436,5.16,1.4337,,,,3237.0,-0.9919750820573358
6436,months,6437,5.16,0.8657,827.0,644.0,238.0,2459.0,-0.9919750820573358
6437,murray,6438,5.16,1.1669,,,2397.0,,-0.9919750820573358
6438,nfl,6439,5.16,1.8991,2281.0,,3336.0,,-0.9919750820573358
6439,notice,6440,5.16,1.5032,1864.0,1341.0,3627.0,1764.0,-0.9919750820573358
6440,occur,6441,5.16,1.2349,,981.0,4800.0,,-0.9919750820573358
6441,ones,6442,5.16,0.8172,747.0,1216.0,1524.0,675.0,-0.9919750820573358
6442,permission,6443,5.16,1.5566,,2288.0,4775.0,,-0.9919750820573358
6443,platform,6444,5.16,1.4337,4465.0,4206.0,,,-0.9919750820573358
6444,pointing,6445,5.16,1.2349,,4726.0,,,-0.9919750820573358
6445,population,6446,5.16,1.3607,,516.0,1642.0,,-0.9919750820573358
6446,prevent,6447,5.16,1.7998,4909.0,1294.0,1908.0,,-0.9919750820573358
6447,prolonged,6448,5.16,1.5826,,4546.0,,,-0.9919750820573358
6448,react,6449,5.16,1.2835,,,,4385.0,-0.9919750820573358
6449,remaining,6450,5.16,1.2835,,2065.0,1841.0,,-0.9919750820573358
6450,reporter,6451,5.16,1.3456,,,1992.0,,-0.9919750820573358
6451,rosenberg,6452,5.16,1.2349,,,4626.0,,-0.9919750820573358
6452,sabes,6453,5.16,1.1132,,,,2516.0,-0.9919750820573358
6453,she'll,6454,5.16,1.0174,,,,,-0.9919750820573358
6454,staten,6455,5.16,1.2513,,,2143.0,,-0.9919750820573358
6455,station,6456,5.16,0.7384,1301.0,1638.0,1007.0,1810.0,-0.9919750820573358
6456,stein,6457,5.16,1.2014,,,3613.0,,-0.9919750820573358
6457,such,6458,5.16,0.7656,373.0,65.0,184.0,453.0,-0.9919750820573358
6458,suga,6459,5.16,1.6458,,,,4710.0,-0.9919750820573358
6459,sweep,6460,5.16,1.4194,,,,3907.0,-0.9919750820573358
6460,tendency,6461,5.16,1.1843,,1947.0,,,-0.9919750820573358
6461,tested,6462,5.16,1.1132,,3567.0,3907.0,,-0.9919750820573358
6462,their,6463,5.16,0.8657,171.0,33.0,45.0,189.0,-0.9919750820573358
6463,thermal,6464,5.16,1.4896,,4031.0,,,-0.9919750820573358
6464,troops,6465,5.16,2.0639,4824.0,1449.0,1466.0,,-0.9919750820573358
6465,turner,6466,5.16,1.0174,,,3450.0,,-0.9919750820573358
6466,utah,6467,5.16,1.3149,4785.0,,3823.0,,-0.9919750820573358
6467,verizon,6468,5.16,1.3756,4374.0,,,,-0.9919750820573358
6468,viene,6469,5.16,1.1314,,,,4363.0,-0.9919750820573358
6469,vou,6470,5.16,0.9116,1783.0,,,,-0.9919750820573358
6470,wears,6471,5.16,0.9765,4436.0,,,2949.0,-0.9919750820573358
6471,whereby,6472,5.16,1.1314,,4870.0,,,-0.9919750820573358
6472,ions,6473,5.15,1.3184,,4781.0,,,-1.0380620807973926
6473,ing,6474,5.15,0.8749,,3972.0,,,-1.0380620807973926
6474,posterior,6475,5.15,1.4438,,3488.0,,,-1.0380620807973926
6475,anterior,6476,5.14,1.1547,,3233.0,,,-1.0841490795374538
6476,bearing,6477,5.14,1.5275,,2175.0,,,-1.0841490795374538
6477,complexity,6478,5.14,1.7078,,3978.0,,,-1.0841490795374538
6478,copyright,6479,5.14,1.8028,,3597.0,,,-1.0841490795374538
6479,haffi,6480,5.14,1.2076,,,,4214.0,-1.0841490795374538
6480,lui,6481,5.14,1.2748,,,,3656.0,-1.0841490795374538
6481,melting,6482,5.14,1.5679,,,,3705.0,-1.0841490795374538
6482,10th,6483,5.14,1.4144,,,,,-1.0841490795374538
6483,2pm,6484,5.14,0.8809,,,,,-1.0841490795374538
6484,a1,6485,5.14,1.6414,,,,,-1.0841490795374538
6485,adjusted,6486,5.14,1.1954,,,2609.0,,-1.0841490795374538
6486,ann,6487,5.14,0.7827,,3117.0,1033.0,4741.0,-1.0841490795374538
6487,antonio,6488,5.14,1.2618,,,3080.0,,-1.0841490795374538
6488,aw,6489,5.14,1.2291,1711.0,,,2585.0,-1.0841490795374538
6489,baller,6490,5.14,1.1068,,,,4556.0,-1.0841490795374538
6490,ben,6491,5.14,1.3704,1602.0,4305.0,1996.0,1293.0,-1.0841490795374538
6491,besides,6492,5.14,1.1068,2655.0,1629.0,1911.0,4003.0,-1.0841490795374538
6492,bruce,6493,5.14,1.2938,4038.0,,1337.0,,-1.0841490795374538
6493,calle,6494,5.14,1.0152,,,,4642.0,-1.0841490795374538
6494,calor,6495,5.14,1.5651,,,,4377.0,-1.0841490795374538
6495,cohen,6496,5.14,0.8574,,,1771.0,,-1.0841490795374538
6496,conduct,6497,5.14,1.325,,1401.0,2232.0,,-1.0841490795374538
6497,cosa,6498,5.14,1.0304,,,,2560.0,-1.0841490795374538
6498,district,6499,5.14,1.0104,2883.0,1122.0,463.0,,-1.0841490795374538
6499,eddie,6500,5.14,1.4144,,,4625.0,4897.0,-1.0841490795374538
6500,endlessly,6501,5.14,1.6904,,,,3854.0,-1.0841490795374538
6501,englewood,6502,5.14,1.3095,,,4697.0,,-1.0841490795374538
6502,estoy,6503,5.14,0.8084,3663.0,,,1453.0,-1.0841490795374538
6503,factors,6504,5.14,0.9037,,752.0,4155.0,,-1.0841490795374538
6504,farther,6505,5.14,1.4144,,3446.0,,3716.0,-1.0841490795374538
6505,firms,6506,5.14,1.1782,,2382.0,2833.0,,-1.0841490795374538
6506,fyi,6507,5.14,0.7562,4092.0,,,,-1.0841490795374538
6507,gail,6508,5.14,1.1782,,,4001.0,,-1.0841490795374538
6508,garcia,6509,5.14,0.8084,,,4867.0,,-1.0841490795374538
6509,gente,6510,5.14,0.9691,2188.0,,,2308.0,-1.0841490795374538
6510,governor,6511,5.14,1.1608,,1396.0,805.0,,-1.0841490795374538
6511,greenberg,6512,5.14,1.3852,,,4422.0,,-1.0841490795374538
6512,harrison,6513,5.14,1.1068,,,3202.0,,-1.0841490795374538
6513,havin,6514,5.14,1.4144,2437.0,,,2861.0,-1.0841490795374538
6514,henry,6515,5.14,0.9037,3925.0,1001.0,1101.0,4572.0,-1.0841490795374538
6515,hmmm,6516,5.14,1.8296,1362.0,,,4639.0,-1.0841490795374538
6516,hypnotized,6517,5.14,1.457,,,,4090.0,-1.0841490795374538
6517,israelis,6518,5.14,1.3554,,,4049.0,,-1.0841490795374538
6518,it'll,6519,5.14,0.9899,,,,,-1.0841490795374538
6519,keith,6520,5.14,0.9691,4818.0,,2777.0,4177.0,-1.0841490795374538
6520,knw,6521,5.14,1.0304,3030.0,,,,-1.0841490795374538
6521,larry,6522,5.14,1.3704,3852.0,,1554.0,,-1.0841490795374538
6522,laying,6523,5.14,1.0104,2214.0,,,2720.0,-1.0841490795374538
6523,lesbian,6524,5.14,2.1094,3154.0,,,,-1.0841490795374538
6524,louis,6525,5.14,1.2938,3220.0,1918.0,995.0,4688.0,-1.0841490795374538
6525,lovato,6526,5.14,1.143,,,,,-1.0841490795374538
6526,mets,6527,5.14,1.2124,,,1886.0,,-1.0841490795374538
6527,mitchell,6528,5.14,1.3095,,,2207.0,,-1.0841490795374538
6528,mu,6529,5.14,1.2618,,,,4744.0,-1.0841490795374538
6529,onto,6530,5.14,0.8574,2230.0,2803.0,2631.0,1942.0,-1.0841490795374538
6530,operated,6531,5.14,1.3095,,4052.0,4366.0,,-1.0841490795374538
6531,pad,6532,5.14,1.325,,,,4561.0,-1.0841490795374538
6532,pittsburgh,6533,5.14,1.3852,,,2038.0,,-1.0841490795374538
6533,poi,6534,5.14,1.325,,,,3028.0,-1.0841490795374538
6534,pre,6535,5.14,1.0104,3866.0,1894.0,,,-1.0841490795374538
6535,puerto,6536,5.14,1.5254,,,3701.0,,-1.0841490795374538
6536,regardless,6537,5.14,1.2618,,4043.0,,,-1.0841490795374538
6537,region,6538,5.14,1.143,,806.0,1135.0,,-1.0841490795374538
6538,rendered,6539,5.14,1.2124,,2982.0,,,-1.0841490795374538
6539,repeat,6540,5.14,1.2456,2793.0,3709.0,,254.0,-1.0841490795374538
6540,retired,6541,5.14,1.9484,,4110.0,660.0,,-1.0841490795374538
6541,roberta,6542,5.14,0.8332,,,3814.0,,-1.0841490795374538
6542,roy,6543,5.14,1.3704,,,2816.0,,-1.0841490795374538
6543,seemed,6544,5.14,1.05,3543.0,534.0,1012.0,1328.0,-1.0841490795374538
6544,shake,6545,5.14,1.1954,2361.0,,,437.0,-1.0841490795374538
6545,silence,6546,5.14,1.738,3390.0,2186.0,4609.0,842.0,-1.0841490795374538
6546,somehow,6547,5.14,0.926,2344.0,3665.0,4007.0,811.0,-1.0841490795374538
6547,soooo,6548,5.14,0.9478,1200.0,,,,-1.0841490795374538
6548,stem,6549,5.14,1.2618,,4167.0,,,-1.0841490795374538
6549,still,6550,5.14,1.125,95.0,147.0,145.0,107.0,-1.0841490795374538
6550,subsidies,6551,5.14,1.4984,,,,,-1.0841490795374538
6551,supposed,6552,5.14,1.125,1073.0,1595.0,2440.0,1000.0,-1.0841490795374538
6552,tak,6553,5.14,1.4287,,,,3120.0,-1.0841490795374538
6553,thou,6554,5.14,1.05,4157.0,1439.0,,2345.0,-1.0841490795374538
6554,thus,6555,5.14,0.9899,4479.0,168.0,2034.0,,-1.0841490795374538
6555,toes,6556,5.14,1.4984,4349.0,,,1880.0,-1.0841490795374538
6556,track,6557,5.14,1.143,1071.0,3023.0,1185.0,867.0,-1.0841490795374538
6557,verte,6558,5.14,1.1068,,,,4394.0,-1.0841490795374538
6558,volver,6559,5.14,1.2456,,,,3825.0,-1.0841490795374538
6559,weil,6560,5.14,1.4848,,,,3428.0,-1.0841490795374538
6560,wet,6561,5.14,1.4144,1776.0,3398.0,,1103.0,-1.0841490795374538
6561,y'all,6562,5.14,1.5254,,,,,-1.0841490795374538
6562,yearning,6563,5.14,1.5651,,,,3827.0,-1.0841490795374538
6563,jar,6564,5.12,1.1416,,,,3951.0,-1.1763230770175679
6564,callin,6565,5.12,1.3328,,,,2751.0,-1.1763230770175679
6565,hierarchy,6566,5.12,1.8999,,4938.0,,,-1.1763230770175679
6566,latter,6567,5.12,1.4381,,628.0,,,-1.1763230770175679
6567,mirada,6568,5.12,1.2355,,,,4610.0,-1.1763230770175679
6568,pum,6569,5.12,1.1481,,,,2393.0,-1.1763230770175679
6569,territories,6570,5.12,1.8779,,4517.0,,,-1.1763230770175679
6570,#fb,6571,5.12,1.4658,,,,,-1.1763230770175679
6571,1-bath,6572,5.12,1.4234,,,,,-1.1763230770175679
6572,9th,6573,5.12,0.9823,,,,,-1.1763230770175679
6573,=p,6574,5.12,1.0812,,,,,-1.1763230770175679
6574,anata,6575,5.12,1.1891,,,,4736.0,-1.1763230770175679
6575,ankle,6576,5.12,0.8241,3536.0,,,,-1.1763230770175679
6576,anyway,6577,5.12,1.1183,898.0,4273.0,4579.0,783.0,-1.1763230770175679
6577,anyways,6578,5.12,1.1542,2752.0,,,,-1.1763230770175679
6578,aww,6579,5.12,1.8366,940.0,,,4502.0,-1.1763230770175679
6579,backed,6580,5.12,1.3797,,,3796.0,,-1.1763230770175679
6580,bare,6581,5.12,1.7219,,3953.0,,1963.0,-1.1763230770175679
6581,bernard,6582,5.12,1.0029,,,1697.0,,-1.1763230770175679
6582,boom,6583,5.12,1.7219,3261.0,,,960.0,-1.1763230770175679
6583,bulk,6584,5.12,1.2558,,4017.0,3232.0,,-1.1763230770175679
6584,c'mon,6585,5.12,1.3498,,,,,-1.1763230770175679
6585,c-after,6586,5.12,0.8722,,,,,-1.1763230770175679
6586,c/o,6587,5.12,1.1183,,,,,-1.1763230770175679
6587,cell,6588,5.12,1.409,838.0,746.0,4063.0,1811.0,-1.1763230770175679
6588,collins,6589,5.12,1.1891,,,3182.0,,-1.1763230770175679
6589,comer,6590,5.12,1.0812,4692.0,,,,-1.1763230770175679
6590,committee,6591,5.12,1.2395,,678.0,387.0,,-1.1763230770175679
6591,contained,6592,5.12,1.3649,,1718.0,,,-1.1763230770175679
6592,cops,6593,5.12,1.8477,3540.0,,,1334.0,-1.1763230770175679
6593,coro,6594,5.12,1.4658,,,,3466.0,-1.1763230770175679
6594,creo,6595,5.12,1.1542,4772.0,,,4279.0,-1.1763230770175679
6595,crush,6596,5.12,1.7454,3001.0,,,1829.0,-1.1763230770175679
6596,debating,6597,5.12,1.5471,4939.0,,,,-1.1763230770175679
6597,deja,6598,5.12,1.2229,,,,3309.0,-1.1763230770175679
6598,del,6599,5.12,1.4518,1093.0,2906.0,3041.0,792.0,-1.1763230770175679
6599,digo,6600,5.12,1.0812,,,,3952.0,-1.1763230770175679
6600,duke,6601,5.12,1.3944,,2126.0,2863.0,4336.0,-1.1763230770175679
6601,eleanor,6602,5.12,0.9823,,,2793.0,,-1.1763230770175679
6602,extreme,6603,5.12,1.686,3501.0,1921.0,4846.0,,-1.1763230770175679
6603,foster,6604,5.12,1.5862,,4767.0,2882.0,,-1.1763230770175679
6604,here's,6605,5.12,0.9823,,,,,-1.1763230770175679
6605,hillary,6606,5.12,1.4234,,,4947.0,,-1.1763230770175679
6606,jah,6607,5.12,1.3649,,,,2698.0,-1.1763230770175679
6607,jason,6608,5.12,1.3192,2367.0,,2128.0,,-1.1763230770175679
6608,jerusalem,6609,5.12,1.7916,,3431.0,2037.0,,-1.1763230770175679
6609,juga,6610,5.12,1.1542,4024.0,,,,-1.1763230770175679
6610,jurisdiction,6611,5.12,1.5205,,3173.0,,,-1.1763230770175679
6611,kalo,6612,5.12,0.9823,3844.0,,,,-1.1763230770175679
6612,kansas,6613,5.12,1.023,3112.0,,2517.0,,-1.1763230770175679
6613,ken,6614,5.12,1.1718,5000.0,,1991.0,,-1.1763230770175679
6614,meine,6615,5.12,1.3037,,,,2291.0,-1.1763230770175679
6615,ncaa,6616,5.12,1.5205,,,3039.0,,-1.1763230770175679
6616,nyt,6617,5.12,1.4658,4923.0,,,,-1.1763230770175679
6617,office,6618,5.12,1.6243,296.0,463.0,261.0,4038.0,-1.1763230770175679
6618,pas,6619,5.12,1.1542,2771.0,,,1200.0,-1.1763230770175679
6619,policies,6620,5.12,1.6368,,1599.0,1945.0,,-1.1763230770175679
6620,rear,6621,5.12,1.4658,,3633.0,,4517.0,-1.1763230770175679
6621,reported,6622,5.12,1.2558,4162.0,887.0,557.0,,-1.1763230770175679
6622,reporting,6623,5.12,1.1718,4373.0,4587.0,2957.0,,-1.1763230770175679
6623,retweet,6624,5.12,2.1058,914.0,,,,-1.1763230770175679
6624,rounds,6625,5.12,1.023,,,4678.0,4060.0,-1.1763230770175679
6625,sais,6626,5.12,1.4934,,,,4383.0,-1.1763230770175679
6626,shadows,6627,5.12,1.7337,,,,891.0,-1.1763230770175679
6627,side,6628,5.12,0.7183,588.0,269.0,479.0,245.0,-1.1763230770175679
6628,silent,6629,5.12,1.5471,3401.0,2695.0,4571.0,1138.0,-1.1763230770175679
6629,single,6630,5.12,1.5205,741.0,458.0,1129.0,898.0,-1.1763230770175679
6630,sixth,6631,5.12,0.9398,,3554.0,2707.0,,-1.1763230770175679
6631,soldier,6632,5.12,1.5862,,3394.0,4887.0,1581.0,-1.1763230770175679
6632,stairs,6633,5.12,1.2229,4615.0,,,2512.0,-1.1763230770175679
6633,tau,6634,5.12,0.9613,4185.0,,,,-1.1763230770175679
6634,territory,6635,5.12,1.1891,,1883.0,4140.0,,-1.1763230770175679
6635,testimony,6636,5.12,1.272,,3313.0,2196.0,,-1.1763230770175679
6636,tex,6637,5.12,1.1891,,,2655.0,,-1.1763230770175679
6637,tumbling,6638,5.12,1.6117,,,,3708.0,-1.1763230770175679
6638,ty,6639,5.12,1.1891,3662.0,,,,-1.1763230770175679
6639,typically,6640,5.12,1.0999,,2979.0,4493.0,,-1.1763230770175679
6640,viii,6641,5.12,1.2229,,3105.0,,,-1.1763230770175679
6641,von,6642,5.12,0.9179,1417.0,2018.0,4162.0,1549.0,-1.1763230770175679
6642,wander,6643,5.12,1.6368,,,,2692.0,-1.1763230770175679
6643,while,6644,5.12,0.659,264.0,126.0,165.0,209.0,-1.1763230770175679
6644,willie,6645,5.12,1.4658,,,,4073.0,-1.1763230770175679
6645,wire,6646,5.12,0.8722,4267.0,2974.0,,2037.0,-1.1763230770175679
6646,xx,6647,5.12,1.1718,1038.0,,,,-1.1763230770175679
6647,ye,6648,5.12,1.3649,3851.0,2363.0,,2250.0,-1.1763230770175679
6648,torch,6649,5.11,1.8086,,,,4764.0,-1.2224100757576248
6649,brotha,6650,5.1,1.6143,,,,4670.0,-1.2684970744976862
6650,conmigo,6651,5.1,1.3721,,,,2726.0,-1.2684970744976862
6651,edges,6652,5.1,1.5332,,4751.0,,,-1.2684970744976862
6652,amino,6653,5.1,1.2624,,4848.0,,,-1.2684970744976862
6653,pause,6654,5.1,1.1945,,,,3380.0,-1.2684970744976862
6654,populations,6655,5.1,1.403,,3832.0,,,-1.2684970744976862
6655,sealed,6656,5.1,1.5444,,,,3910.0,-1.2684970744976862
6656,ren,6657,5.1,1.035,,,,4690.0,-1.2684970744976862
6657,20th,6658,5.1,1.0351,,,,,-1.2684970744976862
6658,4th,6659,5.1,1.1824,,,,,-1.2684970744976862
6659,@dealsplus,6660,5.1,1.3439,,,,,-1.2684970744976862
6660,aaron,6661,5.1,1.0926,4926.0,,2987.0,,-1.2684970744976862
6661,according,6662,5.1,0.9949,2089.0,401.0,565.0,,-1.2684970744976862
6662,administrative,6663,5.1,1.5811,,2299.0,3145.0,,-1.2684970744976862
6663,albert,6664,5.1,1.2495,,4494.0,1988.0,,-1.2684970744976862
6664,alleen,6665,5.1,1.3132,,,,2666.0,-1.2684970744976862
6665,allen,6666,5.1,1.2976,3265.0,4022.0,1664.0,,-1.2684970744976862
6666,ave,6667,5.1,0.8391,2373.0,,760.0,4162.0,-1.2684970744976862
6667,average,6668,5.1,0.9091,2796.0,759.0,778.0,3109.0,-1.2684970744976862
6668,bases,6669,5.1,1.0351,,4489.0,4546.0,,-1.2684970744976862
6669,before,6670,5.1,0.9313,199.0,106.0,129.0,152.0,-1.2684970744976862
6670,bellwether,6671,5.1,1.1112,,,4080.0,,-1.2684970744976862
6671,betta,6672,5.1,1.4178,3191.0,,,2381.0,-1.2684970744976862
6672,between,6673,5.1,0.6468,676.0,86.0,197.0,498.0,-1.2684970744976862
6673,bryan,6674,5.1,1.4463,,,4739.0,,-1.2684970744976862
6674,bus,6675,5.1,1.2495,520.0,4391.0,2023.0,1364.0,-1.2684970744976862
6675,butt,6676,5.1,1.8544,1795.0,,,2183.0,-1.2684970744976862
6676,ca,6677,5.1,1.3439,1437.0,2580.0,2709.0,3140.0,-1.2684970744976862
6677,careful,6678,5.1,1.4033,2768.0,2087.0,4059.0,2328.0,-1.2684970744976862
6678,carlos,6679,5.1,1.4604,,,4065.0,,-1.2684970744976862
6679,cells,6680,5.1,1.4033,,619.0,3930.0,,-1.2684970744976862
6680,ceo,6681,5.1,1.6067,3521.0,,3869.0,,-1.2684970744976862
6681,circuit,6682,5.1,1.2495,,2185.0,3304.0,,-1.2684970744976862
6682,cliff,6683,5.1,1.5286,4840.0,,,,-1.2684970744976862
6683,commissioner,6684,5.1,1.0926,,4403.0,1359.0,,-1.2684970744976862
6684,consumption,6685,5.1,1.7985,,2268.0,,,-1.2684970744976862
6685,curtis,6686,5.1,1.0152,,,4669.0,,-1.2684970744976862
6686,davis,6687,5.1,1.1294,4606.0,3729.0,1280.0,,-1.2684970744976862
6687,dealt,6688,5.1,1.2495,,3786.0,,,-1.2684970744976862
6688,differential,6689,5.1,1.359,,3643.0,,,-1.2684970744976862
6689,dr,6690,5.1,1.374,909.0,606.0,110.0,1998.0,-1.2684970744976862
6690,either,6691,5.1,0.7071,652.0,290.0,986.0,1552.0,-1.2684970744976862
6691,et,6692,5.1,0.789,1732.0,254.0,,758.0,-1.2684970744976862
6692,extent,6693,5.1,1.3132,,800.0,3640.0,,-1.2684970744976862
6693,factor,6694,5.1,0.789,3715.0,972.0,3451.0,,-1.2684970744976862
6694,ff,6695,5.1,0.9091,3960.0,,,,-1.2684970744976862
6695,gary,6696,5.1,0.9949,4215.0,,1538.0,,-1.2684970744976862
6696,goldstein,6697,5.1,1.165,,,3728.0,,-1.2684970744976862
6697,he's,6698,5.1,0.7354,,2006.0,,,-1.2684970744976862
6698,hou,6699,5.1,1.4321,,,,3567.0,-1.2684970744976862
6699,huntington,6700,5.1,1.2164,,,3722.0,,-1.2684970744976862
6700,ian,6701,5.1,1.165,,,3578.0,,-1.2684970744976862
6701,investigate,6702,5.1,1.2976,,,4524.0,,-1.2684970744976862
6702,jb,6703,5.1,0.9949,3423.0,,,,-1.2684970744976862
6703,jon,6704,5.1,0.8144,2758.0,,2571.0,,-1.2684970744976862
6704,koch,6705,5.1,1.4033,,,3631.0,,-1.2684970744976862
6705,lists,6706,5.1,1.374,4409.0,3787.0,2760.0,,-1.2684970744976862
6706,managers,6707,5.1,1.359,,3293.0,2676.0,,-1.2684970744976862
6707,mans,6708,5.1,1.3887,,,,4449.0,-1.2684970744976862
6708,marc,6709,5.1,1.2657,,,2324.0,,-1.2684970744976862
6709,marks,6710,5.1,1.4321,4990.0,2874.0,3038.0,4603.0,-1.2684970744976862
6710,mata,6711,5.1,1.3439,,,,4893.0,-1.2684970744976862
6711,merger,6712,5.1,1.0152,,,2181.0,,-1.2684970744976862
6712,mich,6713,5.1,0.8864,3421.0,,2545.0,1014.0,-1.2684970744976862
6713,minneapolis,6714,5.1,1.5551,,,3914.0,,-1.2684970744976862
6714,mother-in-law,6715,5.1,2.0329,,,,,-1.2684970744976862
6715,nhl,6716,5.1,1.4604,,,4006.0,,-1.2684970744976862
6716,nick,6717,5.1,1.5811,1260.0,,3779.0,3790.0,-1.2684970744976862
6717,o'brien,6718,5.1,1.0926,,,,,-1.2684970744976862
6718,obey,6719,5.1,1.8763,,,,3940.0,-1.2684970744976862
6719,omg,6720,5.1,1.7173,337.0,,,,-1.2684970744976862
6720,phat,6721,5.1,1.6194,,,,4114.0,-1.2684970744976862
6721,pin,6722,5.1,0.8864,,,,3930.0,-1.2684970744976862
6722,protestant,6723,5.1,1.7642,,3830.0,,,-1.2684970744976862
6723,puts,6724,5.1,0.6468,2393.0,4248.0,3797.0,2687.0,-1.2684970744976862
6724,quien,6725,5.1,1.0152,,,,2088.0,-1.2684970744976862
6725,replacement,6726,5.1,1.4604,,,4209.0,,-1.2684970744976862
6726,requests,6727,5.1,1.0546,,,3108.0,,-1.2684970744976862
6727,rev,6728,5.1,0.8864,,2051.0,1531.0,,-1.2684970744976862
6728,rogers,6729,5.1,1.2495,,,3979.0,,-1.2684970744976862
6729,routine,6730,5.1,1.3286,4771.0,3813.0,,4737.0,-1.2684970744976862
6730,sai,6731,5.1,1.5286,,,,2926.0,-1.2684970744976862
6731,schwartz,6732,5.1,1.1112,,,2469.0,,-1.2684970744976862
6732,smith,6733,5.1,1.4743,2624.0,1457.0,646.0,3648.0,-1.2684970744976862
6733,smokin,6734,5.1,2.1309,,,,2191.0,-1.2684970744976862
6734,sobre,6735,5.1,1.3887,3578.0,,,4124.0,-1.2684970744976862
6735,sont,6736,5.1,0.9742,,,,4719.0,-1.2684970744976862
6736,stack,6737,5.1,1.1294,,,,2278.0,-1.2684970744976862
6737,steelers,6738,5.1,1.594,4574.0,,,,-1.2684970744976862
6738,tablet,6739,5.1,1.594,4193.0,,,,-1.2684970744976862
6739,thats,6740,5.1,0.8864,380.0,,,723.0,-1.2684970744976862
6740,there,6741,5.1,0.7071,81.0,40.0,61.0,69.0,-1.2684970744976862
6741,these,6742,5.1,0.5803,256.0,54.0,147.0,149.0,-1.2684970744976862
6742,toe,6743,5.1,1.2495,4337.0,,,2122.0,-1.2684970744976862
6743,tooo,6744,5.1,1.488,4726.0,,,,-1.2684970744976862
6744,wayne,6745,5.1,1.2495,1930.0,,2323.0,2696.0,-1.2684970744976862
6745,welfare,6746,5.1,1.9821,,1885.0,1815.0,,-1.2684970744976862
6746,wolf,6747,5.1,1.8098,4558.0,,4088.0,2907.0,-1.2684970744976862
6747,youre,6748,5.1,1.374,2533.0,,,2444.0,-1.2684970744976862
6748,youu,6749,5.1,1.0546,3874.0,,,,-1.2684970744976862
6749,specimen,6750,5.09,1.4719,,4426.0,,,-1.3145840732377432
6750,fait,6751,5.08,1.2175,,,,3720.0,-1.3606710719778001
6751,hump,6752,5.08,1.7361,,,,4999.0,-1.3606710719778001
6752,kg,6753,5.08,1.3019,,4757.0,,,-1.3606710719778001
6753,trace,6754,5.08,1.2175,,3260.0,,2151.0,-1.3606710719778001
6754,assuming,6755,5.08,1.4118,,3702.0,,,-1.3606710719778001
6755,dmc,6756,5.08,1.5253,,,,4459.0,-1.3606710719778001
6756,glue,6757,5.08,1.382,,,,4122.0,-1.3606710719778001
6757,neutral,6758,5.08,1.115,,3660.0,,,-1.3606710719778001
6758,provincial,6759,5.08,1.3668,,3802.0,,,-1.3606710719778001
6759,questa,6760,5.08,1.077,,,,4132.0,-1.3606710719778001
6760,sempre,6761,5.08,1.397,,,,2747.0,-1.3606710719778001
6761,unto,6762,5.08,1.077,,2320.0,,3100.0,-1.3606710719778001
6762,whispered,6763,5.08,1.579,,,,2972.0,-1.3606710719778001
6763,#ohjustlikeme,6764,5.08,1.664,,,,,-1.3606710719778001
6764,12th,6765,5.08,0.7516,,,,,-1.3606710719778001
6765,admitted,6766,5.08,1.3529,,2263.0,2950.0,,-1.3606710719778001
6766,after,6767,5.08,0.9655,134.0,83.0,59.0,324.0,-1.3606710719778001
6767,agent,6768,5.08,1.4405,3745.0,1687.0,1719.0,,-1.3606710719778001
6768,albany,6769,5.08,1.3223,,,2014.0,,-1.3606710719778001
6769,alfred,6770,5.08,1.027,,,2949.0,,-1.3606710719778001
6770,amid,6771,5.08,1.14,,,3908.0,,-1.3606710719778001
6771,az,6772,5.08,0.9864,3298.0,,,4620.0,-1.3606710719778001
6772,base,6773,5.08,1.0467,3023.0,975.0,1440.0,3496.0,-1.3606710719778001
6773,berger,6774,5.08,1.1925,,,4907.0,,-1.3606710719778001
6774,booked,6775,5.08,1.5497,4048.0,,,,-1.3606710719778001
6775,bronxville,6776,5.08,0.8999,,,4218.0,,-1.3606710719778001
6776,budget,6777,5.08,1.7825,2303.0,2818.0,588.0,,-1.3606710719778001
6777,buss,6778,5.08,1.3679,,,,4388.0,-1.3606710719778001
6778,c-included,6779,5.08,1.085,,,,,-1.3606710719778001
6779,canaan,6780,5.08,1.2591,,,4955.0,,-1.3606710719778001
6780,ch,6781,5.08,1.2911,,2620.0,,,-1.3606710719778001
6781,commissioners,6782,5.08,1.3529,,4861.0,,,-1.3606710719778001
6782,copie,6783,5.08,1.066,4376.0,,,,-1.3606710719778001
6783,cord,6784,5.08,1.1036,,4148.0,,,-1.3606710719778001
6784,countdown,6785,5.08,1.5497,4736.0,,,,-1.3606710719778001
6785,department's,6786,5.08,1.1036,,,,,-1.3606710719778001
6786,districts,6787,5.08,1.1578,,3118.0,3027.0,,-1.3606710719778001
6787,doug,6788,5.08,0.8999,,,4078.0,,-1.3606710719778001
6788,eric,6789,5.08,0.8999,3135.0,,1265.0,,-1.3606710719778001
6789,eugene,6790,5.08,1.3679,,,2998.0,,-1.3606710719778001
6790,factory,6791,5.08,1.4961,3560.0,3237.0,3154.0,4225.0,-1.3606710719778001
6791,falta,6792,5.08,1.0467,,,,4628.0,-1.3606710719778001
6792,february,6793,5.08,2.1077,1855.0,1326.0,527.0,,-1.3606710719778001
6793,fence,6794,5.08,1.3529,,,,2820.0,-1.3606710719778001
6794,fui,6795,5.08,0.8769,,,,4288.0,-1.3606710719778001
6795,gilbert,6796,5.08,0.9864,,,3534.0,,-1.3606710719778001
6796,hart,6797,5.08,1.1753,,,4021.0,3258.0,-1.3606710719778001
6797,hij,6798,5.08,1.0467,,,,2506.0,-1.3606710719778001
6798,hun,6799,5.08,1.6142,2203.0,,,3487.0,-1.3606710719778001
6799,indonesia,6800,5.08,1.7478,4577.0,,,,-1.3606710719778001
6800,jo,6801,5.08,1.14,4529.0,,4858.0,,-1.3606710719778001
6801,john,6802,5.08,1.1578,670.0,293.0,124.0,1274.0,-1.3606710719778001
6802,juan,6803,5.08,1.066,,,4168.0,,-1.3606710719778001
6803,knee,6804,5.08,0.6952,3238.0,,3540.0,2641.0,-1.3606710719778001
6804,laws,6805,5.08,1.4546,4566.0,755.0,1511.0,2830.0,-1.3606710719778001
6805,listed,6806,5.08,1.1578,3792.0,3171.0,1319.0,,-1.3606710719778001
6806,manhasset,6807,5.08,1.3068,,,4786.0,,-1.3606710719778001
6807,marion,6808,5.08,1.0467,,,3780.0,,-1.3606710719778001
6808,martinez,6809,5.08,1.14,,,,,-1.3606710719778001
6809,medicaid,6810,5.08,1.8609,,,4104.0,,-1.3606710719778001
6810,medicine,6811,5.08,1.6884,2155.0,1800.0,1184.0,3526.0,-1.3606710719778001
6811,meyer,6812,5.08,1.1925,,,4095.0,,-1.3606710719778001
6812,might,6813,5.08,1.2262,313.0,146.0,249.0,261.0,-1.3606710719778001
6813,morgen,6814,5.08,0.8999,3894.0,,,4194.0,-1.3606710719778001
6814,morris,6815,5.08,1.2752,,,1395.0,,-1.3606710719778001
6815,nas,6816,5.08,0.8999,,,,2290.0,-1.3606710719778001
6816,necessarily,6817,5.08,1.122,,1811.0,3849.0,,-1.3606710719778001
6817,norman,6818,5.08,1.2752,,,1952.0,,-1.3606710719778001
6818,noted,6819,5.08,1.0069,,1102.0,1206.0,,-1.3606710719778001
6819,occasionally,6820,5.08,1.4824,,2197.0,3961.0,,-1.3606710719778001
6820,ohhh,6821,5.08,1.9571,2989.0,,,1613.0,-1.3606710719778001
6821,ooo,6822,5.08,1.4546,3773.0,,,1404.0,-1.3606710719778001
6822,para,6823,5.08,0.9442,679.0,,,664.0,-1.3606710719778001
6823,pls,6824,5.08,1.6884,1222.0,,,,-1.3606710719778001
6824,quiere,6825,5.08,1.3223,,,,3134.0,-1.3606710719778001
6825,requirement,6826,5.08,1.5097,,3782.0,,,-1.3606710719778001
6826,schemes,6827,5.08,1.5628,,4424.0,,,-1.3606710719778001
6827,scott,6828,5.08,0.6952,2085.0,3432.0,973.0,,-1.3606710719778001
6828,seconds,6829,5.08,0.9655,1787.0,4309.0,1408.0,2760.0,-1.3606710719778001
6829,sen,6830,5.08,0.9864,4505.0,,,,-1.3606710719778001
6830,sets,6831,5.08,1.3377,3083.0,2146.0,1976.0,2220.0,-1.3606710719778001
6831,settle,6832,5.08,1.4405,4176.0,4151.0,3625.0,1701.0,-1.3606710719778001
6832,seventh,6833,5.08,0.6652,,4183.0,2074.0,4647.0,-1.3606710719778001
6833,so,6834,5.08,0.8999,23.0,47.0,78.0,19.0,-1.3606710719778001
6834,soledad,6835,5.08,1.3827,,,,3514.0,-1.3606710719778001
6835,specimens,6836,5.08,1.4961,,4006.0,,,-1.3606710719778001
6836,squeeze,6837,5.08,1.7004,,,,1908.0,-1.3606710719778001
6837,steel,6838,5.08,1.1578,4153.0,1711.0,2244.0,1152.0,-1.3606710719778001
6838,stevens,6839,5.08,1.0069,,,3808.0,,-1.3606710719778001
6839,stewart,6840,5.08,1.122,3136.0,,2558.0,,-1.3606710719778001
6840,stick,6841,5.08,0.9864,1572.0,3997.0,4139.0,800.0,-1.3606710719778001
6841,suis,6842,5.08,0.8291,,,,3454.0,-1.3606710719778001
6842,tag,6843,5.08,1.2752,2063.0,,,2422.0,-1.3606710719778001
6843,tattoo,6844,5.08,2.0785,2672.0,,,3984.0,-1.3606710719778001
6844,therefore,6845,5.08,1.2591,,246.0,3614.0,,-1.3606710719778001
6845,timothy,6846,5.08,1.2752,,,2997.0,,-1.3606710719778001
6846,told,6847,5.08,1.3827,491.0,412.0,369.0,269.0,-1.3606710719778001
6847,transit,6848,5.08,1.2095,,,2247.0,,-1.3606710719778001
6848,underground,6849,5.08,1.5097,,,4644.0,1694.0,-1.3606710719778001
6849,va,6850,5.08,1.3827,1803.0,,1320.0,1169.0,-1.3606710719778001
6850,wanted,6851,5.08,1.7825,574.0,781.0,740.0,415.0,-1.3606710719778001
6851,week,6852,5.08,1.4546,201.0,1034.0,159.0,1064.0,-1.3606710719778001
6852,yr,6853,5.08,1.2095,1291.0,,,,-1.3606710719778001
6853,z,6854,5.08,0.8291,3343.0,2911.0,,2921.0,-1.3606710719778001
6854,tiempo,6855,5.06,0.9419,,,,1678.0,-1.4528450694579185
6855,denn,6856,5.06,1.3135,,,,2116.0,-1.4528450694579185
6856,km,6857,5.06,1.049,,4826.0,,,-1.4528450694579185
6857,komt,6858,5.06,1.0289,,,,3654.0,-1.4528450694579185
6858,mientras,6859,5.06,0.9221,,,,4778.0,-1.4528450694579185
6859,swallowed,6860,5.06,1.4777,,,,3908.0,-1.4528450694579185
6860,todas,6861,5.06,1.5194,,,,4484.0,-1.4528450694579185
6861,puede,6862,5.06,1.4201,,,,2748.0,-1.4528450694579185
6862,17th,6863,5.06,1.0382,,,,,-1.4528450694579185
6863,19th,6864,5.06,0.8184,,,,,-1.4528450694579185
6864,atl,6865,5.06,0.9564,3007.0,,,,-1.4528450694579185
6865,aus,6866,5.06,0.9982,3432.0,,,2024.0,-1.4528450694579185
6866,banker,6867,5.06,1.4902,,,4590.0,,-1.4528450694579185
6867,belt,6868,5.06,1.0956,4221.0,4936.0,,4168.0,-1.4528450694579185
6868,bend,6869,5.06,1.3157,,,,1392.0,-1.4528450694579185
6869,cali,6870,5.06,1.6088,3331.0,,,3763.0,-1.4528450694579185
6870,changed,6871,5.06,1.0956,1178.0,1203.0,1329.0,717.0,-1.4528450694579185
6871,changes,6872,5.06,1.3157,1954.0,466.0,825.0,1410.0,-1.4528450694579185
6872,chill,6873,5.06,2.1035,1600.0,,,1253.0,-1.4528450694579185
6873,committees,6874,5.06,1.2683,,4324.0,4479.0,,-1.4528450694579185
6874,convo,6875,5.06,1.2521,3905.0,,,,-1.4528450694579185
6875,corporation,6876,5.06,1.4626,,1901.0,465.0,,-1.4528450694579185
6876,decision,6877,5.06,1.4486,2336.0,792.0,519.0,2954.0,-1.4528450694579185
6877,diego,6878,5.06,0.8184,2833.0,,2206.0,,-1.4528450694579185
6878,diffusion,6879,5.06,1.3614,,4348.0,,,-1.4528450694579185
6879,eighth,6880,5.06,1.1141,,4947.0,2328.0,,-1.4528450694579185
6880,federation,6881,5.06,1.3001,,4847.0,2644.0,,-1.4528450694579185
6881,five-year,6882,5.06,1.0768,,,,,-1.4528450694579185
6882,flatbush,6883,5.06,1.0184,,,,,-1.4528450694579185
6883,follows,6884,5.06,1.6088,3422.0,923.0,4748.0,4318.0,-1.4528450694579185
6884,frederick,6885,5.06,1.2521,,4244.0,2982.0,,-1.4528450694579185
6885,ganas,6886,5.06,1.0768,,,,4720.0,-1.4528450694579185
6886,gb,6887,5.06,1.0382,4328.0,,,,-1.4528450694579185
6887,grab,6888,5.06,1.3311,2152.0,,,942.0,-1.4528450694579185
6888,hughes,6889,5.06,0.9348,,,3512.0,,-1.4528450694579185
6889,ihn,6890,5.06,0.9775,,,,4798.0,-1.4528450694579185
6890,interview,6891,5.06,1.2843,1010.0,2264.0,976.0,,-1.4528450694579185
6891,interviews,6892,5.06,1.6088,4250.0,4865.0,3551.0,,-1.4528450694579185
6892,jag,6893,5.06,1.5703,,,,2693.0,-1.4528450694579185
6893,kenneth,6894,5.06,1.0184,,,1738.0,,-1.4528450694579185
6894,kerry,6895,5.06,1.1851,,,3775.0,,-1.4528450694579185
6895,kimi,6896,5.06,1.1141,,,,2997.0,-1.4528450694579185
6896,lakers,6897,5.06,1.5832,2934.0,,,,-1.4528450694579185
6897,las,6898,5.06,0.843,1022.0,,3599.0,741.0,-1.4528450694579185
6898,m,6899,5.06,1.0382,1051.0,169.0,153.0,1949.0,-1.4528450694579185
6899,marilyn,6900,5.06,1.634,,,2943.0,,-1.4528450694579185
6900,mj,6901,5.06,1.2191,3491.0,,,,-1.4528450694579185
6901,monitoring,6902,5.06,1.2521,,4185.0,4976.0,,-1.4528450694579185
6902,moscow,6903,5.06,1.4201,,3676.0,1862.0,,-1.4528450694579185
6903,moved,6904,5.06,1.2357,1879.0,1061.0,949.0,1600.0,-1.4528450694579185
6904,mujer,6905,5.06,1.3157,,,,2558.0,-1.4528450694579185
6905,nel,6906,5.06,0.9564,,,,3338.0,-1.4528450694579185
6906,nyu,6907,5.06,1.1141,,,3740.0,,-1.4528450694579185
6907,one-year,6908,5.06,0.8901,,,,,-1.4528450694579185
6908,p,6909,5.06,0.7398,972.0,139.0,620.0,1184.0,-1.4528450694579185
6909,phase,6910,5.06,0.9775,3310.0,1115.0,,3893.0,-1.4528450694579185
6910,poder,6911,5.06,1.2521,,,,3897.0,-1.4528450694579185
6911,primitive,6912,5.06,1.544,,2991.0,,,-1.4528450694579185
6912,rattle,6913,5.06,1.544,,,,4123.0,-1.4528450694579185
6913,reign,6914,5.06,1.5308,,3026.0,,2941.0,-1.4528450694579185
6914,restated,6915,5.06,1.0768,,,1975.0,,-1.4528450694579185
6915,rod,6916,5.06,1.588,,4710.0,,,-1.4528450694579185
6916,ruth,6917,5.06,1.2843,,,1341.0,,-1.4528450694579185
6917,screening,6918,5.06,1.4344,,,4875.0,,-1.4528450694579185
6918,sherman,6919,5.06,0.8668,,,4320.0,,-1.4528450694579185
6919,socks,6920,5.06,1.4201,2865.0,,,3756.0,-1.4528450694579185
6920,sought,6921,5.06,1.3001,,1664.0,1864.0,,-1.4528450694579185
6921,speculation,6922,5.06,1.4765,,,4248.0,,-1.4528450694579185
6922,spokesman,6923,5.06,1.1678,,,541.0,,-1.4528450694579185
6923,stones,6924,5.06,1.2521,,3101.0,,2076.0,-1.4528450694579185
6924,streak,6925,5.06,1.4057,,,3332.0,,-1.4528450694579185
6925,swept,6926,5.06,1.4902,,,,3220.0,-1.4528450694579185
6926,sympathies,6927,5.06,2.1891,,,3402.0,,-1.4528450694579185
6927,td,6928,5.06,1.3001,4072.0,,,,-1.4528450694579185
6928,this,6929,5.06,0.7669,21.0,19.0,33.0,27.0,-1.4528450694579185
6929,thompson,6930,5.06,1.0382,,,2099.0,,-1.4528450694579185
6930,thunder,6931,5.06,2.2983,3681.0,,,1313.0,-1.4528450694579185
6931,tiene,6932,5.06,0.9127,4399.0,,,2361.0,-1.4528450694579185
6932,tin,6933,5.06,0.9564,,4786.0,,3861.0,-1.4528450694579185
6933,tryin,6934,5.06,1.4057,2283.0,,,819.0,-1.4528450694579185
6934,tx,6935,5.06,1.3911,2544.0,,,,-1.4528450694579185
6935,voy,6936,5.06,0.6518,3734.0,,,1160.0,-1.4528450694579185
6936,vuoi,6937,5.06,1.2022,,,,4076.0,-1.4528450694579185
6937,weeks,6938,5.06,1.0768,669.0,1252.0,561.0,2339.0,-1.4528450694579185
6938,who,6939,5.06,0.9982,82.0,46.0,30.0,95.0,-1.4528450694579185
6939,whoever,6940,5.06,0.9127,3164.0,,,3350.0,-1.4528450694579185
6940,wil,6941,5.06,0.9775,4160.0,,,1838.0,-1.4528450694579185
6941,avec,6942,5.05,1.0384,,,,3868.0,-1.4989320681979754
6942,consequently,6943,5.04,1.3985,,2041.0,,,-1.5450190669380324
6943,dynamite,6944,5.04,2.2309,,,,3739.0,-1.5450190669380324
6944,judgement,6945,5.04,1.5704,,,,3816.0,-1.5450190669380324
6945,thereby,6946,5.04,1.1101,,2330.0,,,-1.5450190669380324
6946,voz,6947,5.04,1.352,,,,3242.0,-1.5450190669380324
6947,wooden,6948,5.04,1.3362,,3730.0,,,-1.5450190669380324
6948,conquer,6949,5.04,2.217,,,,3457.0,-1.5450190669380324
6949,loco,6950,5.04,1.7073,,,,2790.0,-1.5450190669380324
6950,onset,6951,5.04,1.3838,,4953.0,,,-1.5450190669380324
6951,'the,6952,5.04,0.6376,,,,,-1.5450190669380324
6952,7th,6953,5.04,0.8562,,,,,-1.5450190669380324
6953,8th,6954,5.04,0.7548,,,,,-1.5450190669380324
6954,ada,6955,5.04,0.7548,1812.0,,,,-1.5450190669380324
6955,advertising,6956,5.04,1.5774,2545.0,3625.0,251.0,,-1.5450190669380324
6956,anders,6957,5.04,0.8797,,,,4668.0,-1.5450190669380324
6957,aqui,6958,5.04,1.049,2387.0,,,2230.0,-1.5450190669380324
6958,aunque,6959,5.04,0.9889,,,,2539.0,-1.5450190669380324
6959,b-included,6960,5.04,1.4136,,,,,-1.5450190669380324
6960,bbm,6961,5.04,1.0294,3951.0,,,,-1.5450190669380324
6961,been,6962,5.04,1.1773,98.0,38.0,49.0,83.0,-1.5450190669380324
6962,biz,6963,5.04,1.3696,2453.0,,,4210.0,-1.5450190669380324
6963,blair,6964,5.04,1.2115,,,3680.0,,-1.5450190669380324
6964,blaze,6965,5.04,1.5248,,,,1938.0,-1.5450190669380324
6965,bone,6966,5.04,1.1241,4173.0,1791.0,,938.0,-1.5450190669380324
6966,bosnian,6967,5.04,1.3395,,,4196.0,,-1.5450190669380324
6967,break,6968,5.04,1.8178,496.0,1606.0,1600.0,223.0,-1.5450190669380324
6968,bronx,6969,5.04,1.261,,,781.0,4672.0,-1.5450190669380324
6969,cc,6970,5.04,1.1945,,4746.0,,,-1.5450190669380324
6970,charged,6971,5.04,1.5903,2736.0,2482.0,1008.0,,-1.5450190669380324
6971,cole,6972,5.04,1.3242,4353.0,,4251.0,,-1.5450190669380324
6972,complex,6973,5.04,1.5903,4379.0,930.0,1761.0,,-1.5450190669380324
6973,dee,6974,5.04,1.1241,,,,2032.0,-1.5450190669380324
6974,doc,6975,5.04,1.4841,3171.0,,,3544.0,-1.5450190669380324
6975,edith,6976,5.04,1.1773,,,4345.0,,-1.5450190669380324
6976,esta,6977,5.04,0.7814,2040.0,,,1029.0,-1.5450190669380324
6977,fla,6978,5.04,1.3845,,,1123.0,,-1.5450190669380324
6978,fleet,6979,5.04,1.3696,,3290.0,,,-1.5450190669380324
6979,fred,6980,5.04,0.8071,,,1807.0,3994.0,-1.5450190669380324
6980,fue,6981,5.04,1.2282,,,,2105.0,-1.5450190669380324
6981,harlem,6982,5.04,1.4978,,,2342.0,3917.0,-1.5450190669380324
6982,hav,6983,5.04,0.8071,2242.0,,,,-1.5450190669380324
6983,herz,6984,5.04,1.3845,,,,4559.0,-1.5450190669380324
6984,hmm,6985,5.04,1.0872,1046.0,,,2097.0,-1.5450190669380324
6985,hombre,6986,5.04,1.3547,,,,3545.0,-1.5450190669380324
6986,hoy,6987,5.04,1.0093,2594.0,,,1472.0,-1.5450190669380324
6987,hrs,6988,5.04,0.533,1740.0,,,,-1.5450190669380324
6988,hut,6989,5.04,1.293,4702.0,,,,-1.5450190669380324
6989,into,6990,5.04,0.8797,175.0,62.0,84.0,138.0,-1.5450190669380324
6990,j,6991,5.04,0.8562,1402.0,276.0,183.0,1417.0,-1.5450190669380324
6991,llegar,6992,5.04,1.1599,,,,4948.0,-1.5450190669380324
6992,mai,6993,5.04,0.9889,,,,1939.0,-1.5450190669380324
6993,margin,6994,5.04,0.9889,,4181.0,4475.0,,-1.5450190669380324
6994,measures,6995,5.04,1.2447,,1139.0,2260.0,,-1.5450190669380324
6995,mei,6996,5.04,0.9026,4997.0,,,3829.0,-1.5450190669380324
6996,mile,6997,5.04,1.049,3102.0,2977.0,3489.0,1823.0,-1.5450190669380324
6997,milton,6998,5.04,1.4702,,,3602.0,,-1.5450190669380324
6998,mm,6999,5.04,1.3547,1941.0,1913.0,,2519.0,-1.5450190669380324
6999,myers,7000,5.04,1.3696,,,4232.0,,-1.5450190669380324
7000,nun,7001,5.04,1.5381,1814.0,,,4480.0,-1.5450190669380324
7001,occupied,7002,5.04,1.3395,,2108.0,4509.0,,-1.5450190669380324
7002,officially,7003,5.04,1.2771,1375.0,,,,-1.5450190669380324
7003,other,7004,5.04,1.049,176.0,52.0,64.0,236.0,-1.5450190669380324
7004,ova,7005,5.04,1.3087,3143.0,,,,-1.5450190669380324
7005,patient,7006,5.04,2.0098,2512.0,671.0,2853.0,4227.0,-1.5450190669380324
7006,presbyterian,7007,5.04,1.4841,,,3144.0,,-1.5450190669380324
7007,ps,7008,5.04,0.9681,1660.0,,,,-1.5450190669380324
7008,put,7009,5.04,0.9681,277.0,285.0,341.0,157.0,-1.5450190669380324
7009,replace,7010,5.04,1.1773,3446.0,4198.0,2524.0,3231.0,-1.5450190669380324
7010,robertson,7011,5.04,0.9026,,,4939.0,,-1.5450190669380324
7011,rochelle,7012,5.04,0.6047,,,3220.0,,-1.5450190669380324
7012,rss,7013,5.04,0.9681,4639.0,,,,-1.5450190669380324
7013,s,7014,5.04,0.4932,841.0,224.0,358.0,1743.0,-1.5450190669380324
7014,searching,7015,5.04,1.3395,3008.0,,,1066.0,-1.5450190669380324
7015,sha,7016,5.04,0.9026,,,,2733.0,-1.5450190669380324
7016,sides,7017,5.04,1.1773,,1589.0,1793.0,2763.0,-1.5450190669380324
7017,sittin,7018,5.04,1.4563,3447.0,,,2383.0,-1.5450190669380324
7018,size,7019,5.04,0.9681,1621.0,618.0,1788.0,1941.0,-1.5450190669380324
7019,somos,7020,5.04,1.1058,,,,4587.0,-1.5450190669380324
7020,spend,7021,5.04,1.7838,808.0,2829.0,1547.0,665.0,-1.5450190669380324
7021,standin,7022,5.04,0.9249,,,,3931.0,-1.5450190669380324
7022,stare,7023,5.04,1.7257,,,,1036.0,-1.5450190669380324
7023,statistics,7024,5.04,1.4841,,2626.0,3306.0,,-1.5450190669380324
7024,stone,7025,5.04,1.4702,2497.0,1222.0,2077.0,790.0,-1.5450190669380324
7025,sub,7026,5.04,1.4136,4906.0,2653.0,,,-1.5450190669380324
7026,takes,7027,5.04,1.1421,790.0,964.0,1086.0,507.0,-1.5450190669380324
7027,tanto,7028,5.04,1.2282,,,,1977.0,-1.5450190669380324
7028,that'll,7029,5.04,1.0093,,,,,-1.5450190669380324
7029,theyre,7030,5.04,0.9467,4917.0,,,,-1.5450190669380324
7030,tweetdeck,7031,5.04,1.3991,3073.0,,,,-1.5450190669380324
7031,undercover,7032,5.04,1.6031,,,,4533.0,-1.5450190669380324
7032,ves,7033,5.04,1.1773,,,,3539.0,-1.5450190669380324
7033,vos,7034,5.04,0.9249,,,,3894.0,-1.5450190669380324
7034,w/,7035,5.04,0.9681,,,,,-1.5450190669380324
7035,whilst,7036,5.04,1.2115,4262.0,3298.0,,,-1.5450190669380324
7036,wipe,7037,5.04,1.428,,,,1847.0,-1.5450190669380324
7037,corners,7038,5.02,1.4512,,,,3334.0,-1.6371930644181507
7038,luz,7039,5.02,1.3759,,,,2869.0,-1.6371930644181507
7039,nena,7040,5.02,1.1938,,,,4634.0,-1.6371930644181507
7040,adesso,7041,5.02,1.0506,,,,4659.0,-1.6371930644181507
7041,alle,7042,5.02,1.233,,,,2223.0,-1.6371930644181507
7042,betcha,7043,5.02,1.5068,,,,3704.0,-1.6371930644181507
7043,curtain,7044,5.02,1.4067,,,,3552.0,-1.6371930644181507
7044,getcha,7045,5.02,1.5744,,,,2889.0,-1.6371930644181507
7045,mash,7046,5.02,1.7259,,,,3920.0,-1.6371930644181507
7046,preach,7047,5.02,1.9202,,,,3850.0,-1.6371930644181507
7047,puedo,7048,5.02,1.1813,,,,1500.0,-1.6371930644181507
7048,strings,7049,5.02,1.2827,,,,2475.0,-1.6371930644181507
7049,tubes,7050,5.02,1.3615,,4871.0,,,-1.6371930644181507
7050,veo,7051,5.02,1.1635,,,,4049.0,-1.6371930644181507
7051,#quote,7052,5.02,0.9366,,,,,-1.6371930644181507
7052,6th,7053,5.02,0.8449,,,,,-1.6371930644181507
7053,@theellenshow,7054,5.02,2.005,,,,,-1.6371930644181507
7054,administrator,7055,5.02,1.3323,,,3410.0,,-1.6371930644181507
7055,analysts,7056,5.02,1.3923,,,1296.0,,-1.6371930644181507
7056,anyone,7057,5.02,0.9581,314.0,1750.0,1096.0,752.0,-1.6371930644181507
7057,apologize,7058,5.02,1.8125,,,,4401.0,-1.6371930644181507
7058,blacks,7059,5.02,1.6474,,4114.0,3093.0,,-1.6371930644181507
7059,blvd,7060,5.02,0.8687,4902.0,,3675.0,,-1.6371930644181507
7060,bu,7061,5.02,1.1516,,,,3201.0,-1.6371930644181507
7061,burke,7062,5.02,1.3013,,,4785.0,,-1.6371930644181507
7062,buses,7063,5.02,1.02,,,4412.0,,-1.6371930644181507
7063,c-net,7064,5.02,1.3323,,,,,-1.6371930644181507
7064,carl,7065,5.02,1.1156,,,2299.0,,-1.6371930644181507
7065,case,7066,5.02,1.3013,767.0,148.0,267.0,1050.0,-1.6371930644181507
7066,coleman,7067,5.02,1.2696,,,4116.0,,-1.6371930644181507
7067,competing,7068,5.02,1.6597,,,4134.0,,-1.6371930644181507
7068,controls,7069,5.02,1.3323,,3150.0,3452.0,,-1.6371930644181507
7069,conventional,7070,5.02,1.3626,,2871.0,4163.0,,-1.6371930644181507
7070,cuando,7071,5.02,0.9998,3729.0,,,1016.0,-1.6371930644181507
7071,diagnostic,7072,5.02,1.7082,,4717.0,,,-1.6371930644181507
7072,disclosure,7073,5.02,0.9581,,,4677.0,,-1.6371930644181507
7073,documents,7074,5.02,1.3169,,2353.0,2103.0,,-1.6371930644181507
7074,doy,7075,5.02,1.0971,,,,4176.0,-1.6371930644181507
7075,draft,7076,5.02,1.4068,3871.0,3909.0,2096.0,,-1.6371930644181507
7076,esse,7077,5.02,1.2204,3562.0,,,,-1.6371930644181507
7077,estou,7078,5.02,0.8204,4550.0,,,,-1.6371930644181507
7078,final,7079,5.02,1.7319,817.0,848.0,530.0,1127.0,-1.6371930644181507
7079,flat,7080,5.02,1.237,2132.0,2258.0,3714.0,2068.0,-1.6371930644181507
7080,flip,7081,5.02,1.3013,2702.0,,,1244.0,-1.6371930644181507
7081,foot,7082,5.02,1.2856,1060.0,1267.0,2857.0,1408.0,-1.6371930644181507
7082,gettin,7083,5.02,1.3775,976.0,,,834.0,-1.6371930644181507
7083,gotta,7084,5.02,1.1865,324.0,,,139.0,-1.6371930644181507
7084,happened,7085,5.02,1.1865,963.0,1375.0,1521.0,968.0,-1.6371930644181507
7085,heeft,7086,5.02,1.3013,,,,4380.0,-1.6371930644181507
7086,hot,7087,5.02,1.9218,307.0,1492.0,1818.0,347.0,-1.6371930644181507
7087,ii,7088,5.02,0.6848,1274.0,336.0,1105.0,2832.0,-1.6371930644181507
7088,im,7089,5.02,1.1156,80.0,4093.0,,315.0,-1.6371930644181507
7089,implied,7090,5.02,1.0398,,4443.0,,,-1.6371930644181507
7090,industrial,7091,5.02,1.3775,,942.0,1667.0,,-1.6371930644181507
7091,israel's,7092,5.02,1.3013,,,,,-1.6371930644181507
7092,it,7093,5.02,0.742,12.0,11.0,17.0,10.0,-1.6371930644181507
7093,ive,7094,5.02,0.8919,1197.0,,,2210.0,-1.6371930644181507
7094,jerome,7095,5.02,1.0593,,,3453.0,,-1.6371930644181507
7095,kaplan,7096,5.02,1.0971,,,3937.0,,-1.6371930644181507
7096,kent,7097,5.02,1.1692,,,3770.0,,-1.6371930644181507
7097,levine,7098,5.02,1.1156,,,2899.0,,-1.6371930644181507
7098,lik,7099,5.02,1.0784,4284.0,,,,-1.6371930644181507
7099,manager,7100,5.02,1.505,1709.0,2530.0,564.0,,-1.6371930644181507
7100,marcia,7101,5.02,1.2036,,,4803.0,,-1.6371930644181507
7101,mayer,7102,5.02,1.1516,4986.0,,,,-1.6371930644181507
7102,meer,7103,5.02,1.0971,,,,1901.0,-1.6371930644181507
7103,mi,7104,5.02,0.9145,719.0,,,217.0,-1.6371930644181507
7104,mismo,7105,5.02,1.3013,,,,3650.0,-1.6371930644181507
7105,nacht,7106,5.02,1.4356,,,,2164.0,-1.6371930644181507
7106,necesito,7107,5.02,1.3256,,,,4284.0,-1.6371930644181507
7107,necessary,7108,5.02,1.1516,3809.0,333.0,1701.0,,-1.6371930644181507
7108,newark,7109,5.02,1.0971,,,2159.0,,-1.6371930644181507
7109,noch,7110,5.02,1.1516,2528.0,,,1635.0,-1.6371930644181507
7110,ordinary,7111,5.02,1.1337,,1310.0,3664.0,2348.0,-1.6371930644181507
7111,os,7112,5.02,0.9792,1557.0,,,4304.0,-1.6371930644181507
7112,parameters,7113,5.02,1.3169,,2892.0,,,-1.6371930644181507
7113,parking,7114,5.02,1.4356,2169.0,,2607.0,3235.0,-1.6371930644181507
7114,pentagon,7115,5.02,1.6098,,,2514.0,,-1.6371930644181507
7115,phantom,7116,5.02,1.6098,,,,3953.0,-1.6371930644181507
7116,porque,7117,5.02,1.02,3412.0,,,1153.0,-1.6371930644181507
7117,pr,7118,5.02,0.9581,2012.0,,,,-1.6371930644181507
7118,procedures,7119,5.02,1.3013,,1939.0,3800.0,,-1.6371930644181507
7119,quarterly,7120,5.02,1.1337,,4498.0,4837.0,,-1.6371930644181507
7120,random,7121,5.02,1.2204,1012.0,3057.0,4737.0,,-1.6371930644181507
7121,rc,7122,5.02,0.769,,,2979.0,,-1.6371930644181507
7122,requiring,7123,5.02,1.1156,,4214.0,4283.0,,-1.6371930644181507
7123,richardson,7124,5.02,1.3169,,,4641.0,,-1.6371930644181507
7124,roth,7125,5.02,0.7951,,,4603.0,,-1.6371930644181507
7125,sama,7126,5.02,0.6543,2848.0,,,,-1.6371930644181507
7126,san,7127,5.02,0.5887,974.0,1447.0,459.0,2522.0,-1.6371930644181507
7127,sc,7128,5.02,0.8687,3893.0,,4580.0,,-1.6371930644181507
7128,schedule,7129,5.02,1.3923,2144.0,3743.0,1920.0,,-1.6371930644181507
7129,setting,7130,5.02,1.3013,2255.0,1471.0,2090.0,2883.0,-1.6371930644181507
7130,sleeve,7131,5.02,1.3626,,,,3002.0,-1.6371930644181507
7131,slice,7132,5.02,1.4913,4719.0,,,3800.0,-1.6371930644181507
7132,solitude,7133,5.02,1.8897,,,,4164.0,-1.6371930644181507
7133,some,7134,5.02,1.0398,57.0,58.0,67.0,93.0,-1.6371930644181507
7134,sou,7135,5.02,1.2036,4547.0,,,3746.0,-1.6371930644181507
7135,stake,7136,5.02,1.1865,,,2296.0,4395.0,-1.6371930644181507
7136,stamford,7137,5.02,1.2036,,,2608.0,,-1.6371930644181507
7137,switch,7138,5.02,1.0593,2739.0,,,1883.0,-1.6371930644181507
7138,teh,7139,5.02,1.2696,4961.0,,,,-1.6371930644181507
7139,themselves,7140,5.02,1.3476,1974.0,305.0,895.0,2567.0,-1.6371930644181507
7140,todd,7141,5.02,1.0593,,,2393.0,,-1.6371930644181507
7141,tu,7142,5.02,1.1516,1503.0,,,229.0,-1.6371930644181507
7142,twittering,7143,5.02,2.1805,3024.0,,,,-1.6371930644181507
7143,uni,7144,5.02,1.3169,3642.0,,,,-1.6371930644181507
7144,veil,7145,5.02,1.4356,,,,4454.0,-1.6371930644181507
7145,vous,7146,5.02,1.2204,,,,3433.0,-1.6371930644181507
7146,vp,7147,5.02,1.237,,,4815.0,,-1.6371930644181507
7147,wana,7148,5.02,1.4776,4006.0,,,,-1.6371930644181507
7148,westport,7149,5.02,1.0593,,,4098.0,,-1.6371930644181507
7149,where,7150,5.02,0.8687,183.0,97.0,119.0,84.0,-1.6371930644181507
7150,you've,7151,5.02,1.1337,,,,,-1.6371930644181507
7151,binding,7152,5.01,1.6049,,2776.0,,,-1.6832800631582077
7152,'cause,7153,5.0,0.9476,,,,,-1.7293670618982646
7153,agents,7154,5.0,1.2936,,1804.0,2137.0,,-1.7293670618982646
7154,alguien,7155,5.0,0.9258,,,,4591.0,-1.7293670618982646
7155,assess,7156,5.0,1.3702,,4996.0,,,-1.7293670618982646
7156,b-net,7157,5.0,0.8081,,,,,-1.7293670618982646
7157,because,7158,5.0,0.8571,196.0,109.0,79.0,257.0,-1.7293670618982646
7158,becker,7159,5.0,1.3401,,,4329.0,,-1.7293670618982646
7159,boot,7160,5.0,1.0302,3935.0,,,3991.0,-1.7293670618982646
7160,cada,7161,5.0,1.2289,,,,2031.0,-1.7293670618982646
7161,carbon,7162,5.0,1.4286,,2452.0,,,-1.7293670618982646
7162,coeur,7163,5.0,1.5779,,,,4697.0,-1.7293670618982646
7163,commands,7164,5.0,1.5679,,4976.0,,,-1.7293670618982646
7164,cosas,7165,5.0,0.9354,,,,3384.0,-1.7293670618982646
7165,das,7166,5.0,0.9689,908.0,4376.0,,715.0,-1.7293670618982646
7166,dated,7167,5.0,1.6903,,3608.0,,,-1.7293670618982646
7167,diggin,7168,5.0,1.6681,,,,4607.0,-1.7293670618982646
7168,executives,7169,5.0,1.4428,,,1217.0,,-1.7293670618982646
7169,flipmode,7170,5.0,1.291,,,,4350.0,-1.7293670618982646
7170,forex,7171,5.0,1.3401,3743.0,,,,-1.7293670618982646
7171,fourth,7172,5.0,1.2289,4554.0,1467.0,849.0,4479.0,-1.7293670618982646
7172,gosh,7173,5.0,1.069,2093.0,,,,-1.7293670618982646
7173,governing,7174,5.0,1.5779,,4716.0,4390.0,,-1.7293670618982646
7174,herbert,7175,5.0,1.2454,,,2285.0,,-1.7293670618982646
7175,hoo,7176,5.0,1.3093,3246.0,,,2104.0,-1.7293670618982646
7176,hora,7177,5.0,1.069,4727.0,,,4405.0,-1.7293670618982646
7177,hush,7178,5.0,1.4983,,,,2392.0,-1.7293670618982646
7178,id,7179,5.0,1.088,1594.0,4092.0,,2931.0,-1.7293670618982646
7179,indicated,7180,5.0,1.2454,,1527.0,2920.0,,-1.7293670618982646
7180,jus,7181,5.0,0.8571,570.0,,,3402.0,-1.7293670618982646
7181,k,7182,5.0,1.2617,1205.0,911.0,990.0,2542.0,-1.7293670618982646
7182,katz,7183,5.0,1.5518,,,3864.0,,-1.7293670618982646
7183,kaufman,7184,5.0,0.6701,,,4435.0,,-1.7293670618982646
7184,ku,7185,5.0,1.2289,,,,2840.0,-1.7293670618982646
7185,la,7186,5.0,0.8571,206.0,415.0,1113.0,91.0,-1.7293670618982646
7186,listings,7187,5.0,1.2289,,,3921.0,,-1.7293670618982646
7187,liver,7188,5.0,1.8406,,2825.0,,,-1.7293670618982646
7188,luther,7189,5.0,0.8806,4339.0,,,,-1.7293670618982646
7189,marjorie,7190,5.0,1.2454,,,4400.0,,-1.7293670618982646
7190,marvin,7191,5.0,0.9897,,,3999.0,,-1.7293670618982646
7191,mee,7192,5.0,0.6999,3394.0,,,3406.0,-1.7293670618982646
7192,membrane,7193,5.0,1.1726,,2614.0,,,-1.7293670618982646
7193,mir,7194,5.0,1.088,3109.0,,,1087.0,-1.7293670618982646
7194,neil,7195,5.0,0.7559,4169.0,,2825.0,,-1.7293670618982646
7195,o'neill,7196,5.0,1.1606,,,,,-1.7293670618982646
7196,odds,7197,5.0,1.1249,,,,3753.0,-1.7293670618982646
7197,offices,7198,5.0,1.4428,,2900.0,1654.0,,-1.7293670618982646
7198,otra,7199,5.0,0.833,,,,2129.0,-1.7293670618982646
7199,par,7200,5.0,1.2122,4323.0,3474.0,,3379.0,-1.7293670618982646
7200,paying,7201,5.0,1.8844,2163.0,3687.0,2167.0,3768.0,-1.7293670618982646
7201,peculiar,7202,5.0,1.7078,,2488.0,,,-1.7293670618982646
7202,pensar,7203,5.0,1.5138,,,,3588.0,-1.7293670618982646
7203,per,7204,5.0,0.5714,1143.0,214.0,1104.0,1234.0,-1.7293670618982646
7204,plain,7205,5.0,1.4428,2286.0,1860.0,4403.0,1616.0,-1.7293670618982646
7205,price,7206,5.0,1.3997,1191.0,689.0,472.0,1018.0,-1.7293670618982646
7206,priced,7207,5.0,1.2617,,,4005.0,,-1.7293670618982646
7207,pursued,7208,5.0,1.8183,,4417.0,,,-1.7293670618982646
7208,quero,7209,5.0,0.6389,4073.0,,,,-1.7293670618982646
7209,questions,7210,5.0,1.0498,1171.0,686.0,808.0,1439.0,-1.7293670618982646
7210,reports,7211,5.0,1.5119,2081.0,1324.0,702.0,,-1.7293670618982646
7211,ridgewood,7212,5.0,1.088,,,,,-1.7293670618982646
7212,ron,7213,5.0,0.7284,4133.0,,2477.0,3343.0,-1.7293670618982646
7213,ronald,7214,5.0,1.0102,,,1872.0,,-1.7293670618982646
7214,sentir,7215,5.0,1.2122,,,,3492.0,-1.7293670618982646
7215,shaggy,7216,5.0,1.4846,,,,3820.0,-1.7293670618982646
7216,situation,7217,5.0,1.3093,2213.0,560.0,1318.0,1508.0,-1.7293670618982646
7217,some1,7218,5.0,0.9897,,,,,-1.7293670618982646
7218,something,7219,5.0,0.8571,197.0,314.0,377.0,170.0,-1.7293670618982646
7219,standard,7220,5.0,1.4708,3337.0,745.0,1288.0,,-1.7293670618982646
7220,stir,7221,5.0,1.291,,,,4821.0,-1.7293670618982646
7221,su,7222,5.0,1.0498,2290.0,,,945.0,-1.7293670618982646
7222,supervisor,7223,5.0,1.3702,,,4226.0,,-1.7293670618982646
7223,thereof,7224,5.0,1.1547,,3600.0,,,-1.7293670618982646
7224,throat,7225,5.0,1.0302,2282.0,4338.0,,1763.0,-1.7293670618982646
7225,throw,7226,5.0,1.5518,1262.0,3278.0,3086.0,504.0,-1.7293670618982646
7226,til,7227,5.0,0.8081,921.0,,,817.0,-1.7293670618982646
7227,todo,7228,5.0,1.4286,2183.0,,,910.0,-1.7293670618982646
7228,tp,7229,5.0,0.9897,3678.0,,,,-1.7293670618982646
7229,tra,7230,5.0,1.1365,,,,4224.0,-1.7293670618982646
7230,trop,7231,5.0,1.1249,,,,4803.0,-1.7293670618982646
7231,tweeters,7232,5.0,1.8952,3883.0,,,,-1.7293670618982646
7232,using,7233,5.0,1.0498,469.0,400.0,845.0,2916.0,-1.7293670618982646
7233,vid,7234,5.0,1.0302,2143.0,,,,-1.7293670618982646
7234,voglio,7235,5.0,1.291,,,,4218.0,-1.7293670618982646
7235,wa,7236,5.0,1.1429,3212.0,,,1232.0,-1.7293670618982646
7236,waan,7237,5.0,1.3188,,,,3642.0,-1.7293670618982646
7237,warren,7238,5.0,1.1066,,,2198.0,,-1.7293670618982646
7238,weighted,7239,5.0,1.1429,,,3233.0,,-1.7293670618982646
7239,where's,7240,5.0,0.8571,,,,,-1.7293670618982646
7240,whereas,7241,5.0,0.9893,,1437.0,,,-1.7293670618982646
7241,who's,7242,5.0,1.1606,,,,,-1.7293670618982646
7242,wig,7243,5.0,1.5779,,,,4467.0,-1.7293670618982646
7243,zu,7244,5.0,0.6061,1919.0,,,1010.0,-1.7293670618982646
7244,zum,7245,5.0,1.2454,4403.0,,,3060.0,-1.7293670618982646
7245,stretched,7246,4.99,1.4805,,,,4470.0,-1.7754540606383218
7246,forty,7247,4.99,1.3739,,1763.0,,2833.0,-1.7754540606383218
7247,16th,7248,4.98,0.8687,,,,,-1.8215410593783787
7248,57th,7249,4.98,0.8687,,,,,-1.8215410593783787
7249,5th,7250,4.98,1.2204,,,,,-1.8215410593783787
7250,@addthis,7251,4.98,0.8204,,,,,-1.8215410593783787
7251,@idothat2,7252,4.98,1.4637,,,,,-1.8215410593783787
7252,ai,7253,4.98,0.9792,2602.0,,,2317.0,-1.8215410593783787
7253,bei,7254,4.98,0.6224,2608.0,,,2656.0,-1.8215410593783787
7254,billy,7255,4.98,1.1516,3301.0,,3612.0,1893.0,-1.8215410593783787
7255,bisa,7256,4.98,0.8204,4420.0,,,,-1.8215410593783787
7256,btw,7257,4.98,1.1692,881.0,,,,-1.8215410593783787
7257,by,7258,4.98,0.9145,56.0,15.0,15.0,75.0,-1.8215410593783787
7258,cloudy,7259,4.98,1.857,3303.0,,,4011.0,-1.8215410593783787
7259,compared,7260,4.98,0.9581,3582.0,1183.0,1231.0,,-1.8215410593783787
7260,corp,7261,4.98,1.4068,,,659.0,,-1.8215410593783787
7261,cuba,7262,4.98,1.4497,,,3573.0,,-1.8215410593783787
7262,d8,7263,4.98,1.1865,,,,,-1.8215410593783787
7263,dartmouth,7264,4.98,1.6224,,,,,-1.8215410593783787
7264,dei,7265,4.98,1.2036,,,,4520.0,-1.8215410593783787
7265,denk,7266,4.98,1.1156,,,,4246.0,-1.8215410593783787
7266,don,7267,4.98,1.2534,2884.0,294.0,1778.0,1644.0,-1.8215410593783787
7267,edge,7268,4.98,1.2534,2665.0,1835.0,2520.0,1161.0,-1.8215410593783787
7268,edwards,7269,4.98,1.237,,,3318.0,,-1.8215410593783787
7269,een,7270,4.98,1.1337,1340.0,,,632.0,-1.8215410593783787
7270,ein,7271,4.98,0.7951,1794.0,,,1028.0,-1.8215410593783787
7271,eine,7272,4.98,0.9792,3077.0,,,3039.0,-1.8215410593783787
7272,episcopal,7273,4.98,1.3626,,,2730.0,,-1.8215410593783787
7273,este,7274,4.98,0.9145,3308.0,,,1598.0,-1.8215410593783787
7274,exec,7275,4.98,1.2204,,,3805.0,,-1.8215410593783787
7275,hace,7276,4.98,0.8204,4968.0,,,2629.0,-1.8215410593783787
7276,hits,7277,4.98,2.1899,1669.0,,3098.0,1352.0,-1.8215410593783787
7277,hoes,7278,4.98,1.5185,3282.0,,,698.0,-1.8215410593783787
7278,howard,7279,4.98,1.3169,4357.0,4616.0,1083.0,,-1.8215410593783787
7279,io,7280,4.98,1.1337,,,,1658.0,-1.8215410593783787
7280,jadi,7281,4.98,0.8687,4211.0,,,,-1.8215410593783787
7281,jeder,7282,4.98,1.3626,,,,4876.0,-1.8215410593783787
7282,judicial,7283,4.98,1.2534,,3475.0,4084.0,,-1.8215410593783787
7283,knot,7284,4.98,1.4068,,,,3999.0,-1.8215410593783787
7284,line,7285,4.98,1.2036,617.0,298.0,516.0,342.0,-1.8215410593783787
7285,mb,7286,4.98,0.8449,2631.0,,,,-1.8215410593783787
7286,meu,7287,4.98,0.714,1309.0,,,3589.0,-1.8215410593783787
7287,mij,7288,4.98,0.9998,,,,1567.0,-1.8215410593783787
7288,nails,7289,4.98,1.4776,2731.0,,,2614.0,-1.8215410593783787
7289,needs,7290,4.98,1.5185,467.0,700.0,871.0,690.0,-1.8215410593783787
7290,novo,7291,4.98,1.3476,4158.0,,,,-1.8215410593783787
7291,nw,7292,4.98,1.02,3805.0,,,,-1.8215410593783787
7292,officers,7293,4.98,1.672,,1121.0,753.0,,-1.8215410593783787
7293,ogni,7294,4.98,1.1156,,,,4069.0,-1.8215410593783787
7294,ons,7295,4.98,1.3476,,,,3470.0,-1.8215410593783787
7295,or,7296,4.98,0.8204,63.0,23.0,38.0,89.0,-1.8215410593783787
7296,parliament,7297,4.98,1.2856,,1631.0,2370.0,,-1.8215410593783787
7297,part,7298,4.98,1.1337,242.0,122.0,209.0,444.0,-1.8215410593783787
7298,paso,7299,4.98,1.1865,,,,3176.0,-1.8215410593783787
7299,piel,7300,4.98,1.3626,,,,2795.0,-1.8215410593783787
7300,pork,7301,4.98,1.857,3724.0,,,,-1.8215410593783787
7301,pound,7302,4.98,1.7082,4860.0,4286.0,3547.0,1668.0,-1.8215410593783787
7302,pres,7303,4.98,1.0971,,,4598.0,,-1.8215410593783787
7303,question,7304,4.98,1.7319,731.0,309.0,709.0,1085.0,-1.8215410593783787
7304,rappers,7305,4.98,2.1617,,,,2169.0,-1.8215410593783787
7305,rather,7306,4.98,1.1337,786.0,231.0,712.0,767.0,-1.8215410593783787
7306,requirements,7307,4.98,1.3169,,1566.0,3393.0,,-1.8215410593783787
7307,roundup,7308,4.98,1.3626,,,3895.0,,-1.8215410593783787
7308,scarsdale,7309,4.98,1.2036,,,3133.0,,-1.8215410593783787
7309,schneider,7310,4.98,0.8919,,,4496.0,,-1.8215410593783787
7310,som,7311,4.98,0.6543,3853.0,,,2559.0,-1.8215410593783787
7311,somethin,7312,4.98,1.4776,3098.0,,,1289.0,-1.8215410593783787
7312,soooooo,7313,4.98,1.4497,4257.0,,,,-1.8215410593783787
7313,stared,7314,4.98,1.4356,,,,4722.0,-1.8215410593783787
7314,sumthin,7315,4.98,1.3476,,,,,-1.8215410593783787
7315,syracuse,7316,4.98,1.3169,,,3334.0,,-1.8215410593783787
7316,the,7317,4.98,0.9145,1.0,1.0,1.0,1.0,-1.8215410593783787
7317,they'd,7318,4.98,0.9145,,,,,-1.8215410593783787
7318,they've,7319,4.98,1.0593,,,,,-1.8215410593783787
7319,three-year,7320,4.98,0.8919,,,,,-1.8215410593783787
7320,throws,7321,4.98,1.0593,4956.0,,,,-1.8215410593783787
7321,to,7322,4.98,1.0398,3.0,4.0,5.0,5.0,-1.8215410593783787
7322,tudo,7323,4.98,0.5529,4324.0,,,,-1.8215410593783787
7323,tuesday,7324,4.98,1.0593,1111.0,,231.0,3536.0,-1.8215410593783787
7324,wall,7325,4.98,0.9581,938.0,951.0,966.0,567.0,-1.8215410593783787
7325,walsh,7326,4.98,1.2856,,,4201.0,,-1.8215410593783787
7326,why,7327,4.98,1.4068,101.0,311.0,509.0,97.0,-1.8215410593783787
7327,yesterday,7328,4.98,1.3169,535.0,4288.0,106.0,850.0,-1.8215410593783787
7328,clause,7329,4.98,1.1988,,3351.0,,,-1.8215410593783787
7329,clit,7330,4.98,2.1261,,,,4696.0,-1.8215410593783787
7330,hence,7331,4.98,1.1635,,1042.0,,,-1.8215410593783787
7331,ml,7332,4.98,0.924,,2505.0,,,-1.8215410593783787
7332,babylon,7333,4.98,1.9073,,,,3322.0,-1.8215410593783787
7333,pp,7334,4.98,1.2798,,372.0,,,-1.8215410593783787
7334,shi,7335,4.97,1.3587,,,,3289.0,-1.86762805811844
7335,#tweetmyjobs,7336,4.96,1.1241,,,,,-1.9137150568584969
7336,11th,7337,4.96,0.9026,,,,,-1.9137150568584969
7337,3rd,7338,4.96,1.1945,,,,,-1.9137150568584969
7338,accounts,7339,4.96,1.4978,3754.0,1793.0,2033.0,,-1.9137150568584969
7339,aight,7340,4.96,1.3845,4959.0,,,3080.0,-1.9137150568584969
7340,aku,7341,4.96,0.8797,2338.0,,,3602.0,-1.9137150568584969
7341,alan,7342,4.96,0.9026,4641.0,,1049.0,,-1.9137150568584969
7342,algo,7343,4.96,0.7273,3561.0,,,2682.0,-1.9137150568584969
7343,ama,7344,4.96,1.4563,4628.0,,,,-1.9137150568584969
7344,anybody,7345,4.96,1.1773,1558.0,,3391.0,978.0,-1.9137150568584969
7345,assumed,7346,4.96,1.4422,,1588.0,,,-1.9137150568584969
7346,baru,7347,4.96,0.7548,4579.0,,,,-1.9137150568584969
7347,bem,7348,4.96,1.0294,3752.0,,,,-1.9137150568584969
7348,bin,7349,4.96,1.3087,2867.0,,,1448.0,-1.9137150568584969
7349,borders,7350,4.96,1.5248,,,4708.0,,-1.9137150568584969
7350,cbs,7351,4.96,1.4136,3983.0,,2234.0,,-1.9137150568584969
7351,cf,7352,4.96,1.4136,,2083.0,,,-1.9137150568584969
7352,cleveland,7353,4.96,1.293,4025.0,,2158.0,,-1.9137150568584969
7353,coal,7354,4.96,1.7138,,2188.0,,3747.0,-1.9137150568584969
7354,colonel,7355,4.96,1.6031,,2300.0,3507.0,,-1.9137150568584969
7355,comme,7356,4.96,1.3395,,,,2137.0,-1.9137150568584969
7356,company's,7357,4.96,0.832,,,,,-1.9137150568584969
7357,dan,7358,4.96,0.7548,1226.0,,1845.0,974.0,-1.9137150568584969
7358,def,7359,4.96,0.9467,1397.0,,,2538.0,-1.9137150568584969
7359,dried,7360,4.96,1.6655,,4658.0,,4747.0,-1.9137150568584969
7360,drops,7361,4.96,1.5513,3326.0,,,2676.0,-1.9137150568584969
7361,dug,7362,4.96,1.261,,,,4287.0,-1.9137150568584969
7362,eq,7363,4.96,1.0872,,4289.0,,,-1.9137150568584969
7363,esto,7364,4.96,0.9249,,,,3027.0,-1.9137150568584969
7364,fe,7365,4.96,1.3242,,,,2988.0,-1.9137150568584969
7365,fone,7366,4.96,0.9249,4895.0,,,,-1.9137150568584969
7366,frm,7367,4.96,0.7548,2385.0,,,,-1.9137150568584969
7367,haar,7368,4.96,1.1058,,,,2756.0,-1.9137150568584969
7368,hacer,7369,4.96,0.8071,3732.0,,,2312.0,-1.9137150568584969
7369,hail,7370,4.96,1.8401,,,,2609.0,-1.9137150568584969
7370,iii,7371,4.96,1.0683,,809.0,2293.0,,-1.9137150568584969
7371,incidence,7372,4.96,1.3696,,3945.0,,,-1.9137150568584969
7372,investigators,7373,4.96,1.6157,,,1968.0,,-1.9137150568584969
7373,ist,7374,4.96,1.0093,1432.0,,,749.0,-1.9137150568584969
7374,its,7375,4.96,0.533,74.0,50.0,44.0,197.0,-1.9137150568584969
7375,kann,7376,4.96,0.8797,2740.0,,,2532.0,-1.9137150568584969
7376,keer,7377,4.96,1.0683,,,,4643.0,-1.9137150568584969
7377,ko,7378,4.96,0.9249,2815.0,,,3071.0,-1.9137150568584969
7378,larchmont,7379,4.96,1.0683,,,4701.0,,-1.9137150568584969
7379,med,7380,4.96,0.9681,3338.0,3122.0,,3411.0,-1.9137150568584969
7380,memorial,7381,4.96,1.7492,,,281.0,,-1.9137150568584969
7381,miley,7382,4.96,1.3696,1589.0,,,,-1.9137150568584969
7382,montclair,7383,4.96,0.9889,,,3824.0,,-1.9137150568584969
7383,napoleon,7384,4.96,2.0199,,4684.0,,,-1.9137150568584969
7384,nuff,7385,4.96,1.3547,,,,3759.0,-1.9137150568584969
7385,nxt,7386,4.96,0.9681,4548.0,,,,-1.9137150568584969
7386,o,7387,4.96,0.832,239.0,328.0,2290.0,425.0,-1.9137150568584969
7387,op-ed,7388,4.96,1.293,,,,,-1.9137150568584969
7388,ordered,7389,4.96,1.428,2315.0,1740.0,1766.0,,-1.9137150568584969
7389,outro,7390,4.96,1.3087,,,,4190.0,-1.9137150568584969
7390,pelo,7391,4.96,0.9026,4552.0,,,,-1.9137150568584969
7391,perhaps,7392,4.96,1.3395,1717.0,359.0,759.0,2691.0,-1.9137150568584969
7392,pero,7393,4.96,0.6987,1330.0,,,1011.0,-1.9137150568584969
7393,raton,7394,4.96,0.8797,,,3759.0,,-1.9137150568584969
7394,ri,7395,4.96,0.8797,,,3378.0,,-1.9137150568584969
7395,rita,7396,4.96,1.1773,,,4079.0,,-1.9137150568584969
7396,schon,7397,4.96,0.6688,3166.0,,,2657.0,-1.9137150568584969
7397,sein,7398,4.96,1.2115,,,,2028.0,-1.9137150568584969
7398,semana,7399,4.96,1.0093,4592.0,,,,-1.9137150568584969
7399,tengo,7400,4.96,0.9681,2988.0,,,1474.0,-1.9137150568584969
7400,thick,7401,4.96,1.1421,4053.0,2275.0,,1832.0,-1.9137150568584969
7401,tyson,7402,4.96,1.3547,,,4791.0,,-1.9137150568584969
7402,ufc,7403,4.96,1.2447,4645.0,,,,-1.9137150568584969
7403,ur,7404,4.96,1.6532,159.0,,,1936.0,-1.9137150568584969
7404,vi,7405,4.96,1.0294,3443.0,1933.0,,2173.0,-1.9137150568584969
7405,when,7406,4.96,1.1599,58.0,45.0,55.0,30.0,-1.9137150568584969
7406,wis,7407,4.96,0.9889,,,4905.0,,-1.9137150568584969
7407,yall,7408,4.96,1.6031,668.0,,,1473.0,-1.9137150568584969
7408,yorker,7409,4.96,1.6157,,,4107.0,,-1.9137150568584969
7409,anche,7410,4.96,1.1358,,,,3903.0,-1.9137150568584969
7410,jour,7411,4.96,1.2741,,,,3899.0,-1.9137150568584969
7411,mou,7412,4.96,1.2903,,,,4846.0,-1.9137150568584969
7412,regiment,7413,4.96,1.5133,,4152.0,,,-1.9137150568584969
7413,socialism,7414,4.96,2.2727,,4605.0,,,-1.9137150568584969
7414,staan,7415,4.96,1.2241,,,,4150.0,-1.9137150568584969
7415,temps,7416,4.96,1.241,,,,3901.0,-1.9137150568584969
7416,veces,7417,4.96,1.0793,,,,3529.0,-1.9137150568584969
7417,'s,7418,4.94,1.0184,,,,,-2.0058890543386108
7418,[a1],7419,4.94,1.4486,,,,,-2.0058890543386108
7419,aber,7420,4.94,0.8901,2474.0,,,3483.0,-2.0058890543386108
7420,acabo,7421,4.94,0.9564,3949.0,,,,-2.0058890543386108
7421,across,7422,4.94,1.0956,1189.0,626.0,893.0,598.0,-2.0058890543386108
7422,agenda,7423,4.94,1.0184,,,3508.0,,-2.0058890543386108
7423,aka,7424,4.94,1.0768,1944.0,,,,-2.0058890543386108
7424,alibi,7425,4.94,1.7427,,,,4952.0,-2.0058890543386108
7425,av,7426,4.94,0.7669,3833.0,,,,-2.0058890543386108
7426,bam,7427,4.94,1.3911,,,,4526.0,-2.0058890543386108
7427,banging,7428,4.94,2.142,,,,4975.0,-2.0058890543386108
7428,bein,7429,4.94,1.1678,2862.0,,,2991.0,-2.0058890543386108
7429,bennett,7430,4.94,1.1502,,,3496.0,,-2.0058890543386108
7430,boca,7431,4.94,1.3763,,,3466.0,3663.0,-2.0058890543386108
7431,campbell,7432,4.94,1.1678,,,1494.0,,-2.0058890543386108
7432,chase,7433,4.94,1.7192,3184.0,,2602.0,1485.0,-2.0058890543386108
7433,close,7434,4.94,1.3911,701.0,525.0,489.0,295.0,-2.0058890543386108
7434,co,7435,4.94,0.843,1724.0,500.0,812.0,4950.0,-2.0058890543386108
7435,contrast,7436,4.94,1.4344,,1313.0,3185.0,,-2.0058890543386108
7436,council,7437,4.94,1.3157,3203.0,707.0,538.0,,-2.0058890543386108
7437,cuerpo,7438,4.94,1.3463,,,,2234.0,-2.0058890543386108
7438,debate,7439,4.94,1.5174,2295.0,2498.0,1228.0,,-2.0058890543386108
7439,dinkins,7440,4.94,0.9982,,,3320.0,,-2.0058890543386108
7440,dip,7441,4.94,1.2843,4877.0,,,2267.0,-2.0058890543386108
7441,dm,7442,4.94,0.7398,1058.0,,,,-2.0058890543386108
7442,ele,7443,4.94,1.0577,3181.0,,,,-2.0058890543386108
7443,fazer,7444,4.94,1.3311,3877.0,,,,-2.0058890543386108
7444,federal,7445,4.94,1.0768,3292.0,967.0,217.0,,-2.0058890543386108
7445,foi,7446,4.94,0.7931,2970.0,,,,-2.0058890543386108
7446,ftw,7447,4.94,1.7544,2345.0,,,,-2.0058890543386108
7447,g,7448,4.94,0.6197,1310.0,656.0,608.0,843.0,-2.0058890543386108
7448,geez,7449,4.94,1.5308,4397.0,,,,-2.0058890543386108
7449,gen,7450,4.94,1.0956,,4281.0,3123.0,,-2.0058890543386108
7450,gw,7451,4.94,0.8668,1533.0,,,,-2.0058890543386108
7451,he'd,7452,4.94,1.0184,,,,,-2.0058890543386108
7452,hooked,7453,4.94,1.2022,4253.0,,,2628.0,-2.0058890543386108
7453,hs,7454,4.94,1.0184,4247.0,,,,-2.0058890543386108
7454,inter,7455,4.94,1.2843,,3966.0,,,-2.0058890543386108
7455,ix,7456,4.94,1.1851,,3992.0,,,-2.0058890543386108
7456,iya,7457,4.94,0.6197,3783.0,,,,-2.0058890543386108
7457,jaja,7458,4.94,1.6464,4159.0,,,,-2.0058890543386108
7458,jou,7459,4.94,1.3001,,,,1671.0,-2.0058890543386108
7459,makin,7460,4.94,1.2521,2335.0,,,1406.0,-2.0058890543386108
7460,menos,7461,4.94,0.9348,4355.0,,,,-2.0058890543386108
7461,mesmo,7462,4.94,1.2357,4042.0,,,,-2.0058890543386108
7462,mins,7463,4.94,1.2843,1569.0,,,,-2.0058890543386108
7463,mo,7464,4.94,1.3157,1753.0,,4949.0,958.0,-2.0058890543386108
7464,msg,7465,4.94,1.6953,3785.0,,,,-2.0058890543386108
7465,naughty,7466,4.94,1.9837,3934.0,,,2968.0,-2.0058890543386108
7466,needing,7467,4.94,1.7544,,,,3022.0,-2.0058890543386108
7467,nie,7468,4.94,0.9127,,,,1856.0,-2.0058890543386108
7468,nih,7469,4.94,0.5859,3726.0,,,,-2.0058890543386108
7469,noi,7470,4.94,1.0184,,,,3059.0,-2.0058890543386108
7470,noting,7471,4.94,1.2521,,,2689.0,,-2.0058890543386108
7471,nou,7472,4.94,1.1323,,,,3655.0,-2.0058890543386108
7472,of,7473,4.94,0.7669,8.0,2.0,2.0,11.0,-2.0058890543386108
7473,ohne,7474,4.94,1.0768,,,,3922.0,-2.0058890543386108
7474,once,7475,4.94,1.3157,489.0,236.0,450.0,283.0,-2.0058890543386108
7475,popped,7476,4.94,1.4902,,,,4053.0,-2.0058890543386108
7476,procedure,7477,4.94,1.2521,,1306.0,4928.0,,-2.0058890543386108
7477,quel,7478,4.94,1.1323,,,,4819.0,-2.0058890543386108
7478,rap,7479,4.94,1.9734,2464.0,,,626.0,-2.0058890543386108
7479,razor,7480,4.94,1.4057,,,,3273.0,-2.0058890543386108
7480,reportedly,7481,4.94,1.2357,,,4438.0,,-2.0058890543386108
7481,restructuring,7482,4.94,1.7427,,,2024.0,,-2.0058890543386108
7482,row,7483,4.94,1.2022,1943.0,2968.0,2727.0,1953.0,-2.0058890543386108
7483,rubin,7484,4.94,1.3001,,,4149.0,,-2.0058890543386108
7484,sayin,7485,4.94,1.3911,2322.0,,,1542.0,-2.0058890543386108
7485,sixty,7486,4.94,1.7775,,3206.0,,,-2.0058890543386108
7486,stood,7487,4.94,1.0768,4667.0,999.0,2618.0,1158.0,-2.0058890543386108
7487,stormy,7488,4.94,1.8889,,,,3314.0,-2.0058890543386108
7488,tackle,7489,4.94,1.5039,,,4853.0,,-2.0058890543386108
7489,takin,7490,4.94,1.2521,3512.0,,,1966.0,-2.0058890543386108
7490,temperature,7491,4.94,1.5039,2095.0,791.0,,,-2.0058890543386108
7491,term,7492,4.94,1.5039,2248.0,491.0,1445.0,,-2.0058890543386108
7492,termed,7493,4.94,1.0577,,4676.0,,,-2.0058890543386108
7493,tes,7494,4.94,1.1678,,,,3726.0,-2.0058890543386108
7494,testified,7495,4.94,1.4765,,,3560.0,,-2.0058890543386108
7495,that,7496,4.94,0.6518,14.0,8.0,9.0,13.0,-2.0058890543386108
7496,those,7497,4.94,1.0956,250.0,91.0,117.0,237.0,-2.0058890543386108
7497,ti,7498,4.94,0.6824,2993.0,,,570.0,-2.0058890543386108
7498,tuo,7499,4.94,0.7669,,,,4269.0,-2.0058890543386108
7499,una,7500,4.94,1.1141,1139.0,,,577.0,-2.0058890543386108
7500,until,7501,4.94,0.7117,393.0,251.0,264.0,319.0,-2.0058890543386108
7501,vez,7502,4.94,0.55,3917.0,,,1277.0,-2.0058890543386108
7502,which,7503,4.94,1.0184,315.0,26.0,48.0,595.0,-2.0058890543386108
7503,whom,7504,4.94,1.1502,4774.0,402.0,1000.0,3272.0,-2.0058890543386108
7504,antes,7505,4.94,1.088,,,,4711.0,-2.0058890543386108
7505,bajo,7506,4.94,0.8517,,,,4455.0,-2.0058890543386108
7506,dmx,7507,4.94,1.5733,,,,3382.0,-2.0058890543386108
7507,dripping,7508,4.94,1.7489,,,,4425.0,-2.0058890543386108
7508,han,7509,4.94,1.1256,,,,2686.0,-2.0058890543386108
7509,homeboy,7510,4.94,2.2212,,,,3590.0,-2.0058890543386108
7510,inna,7511,4.94,1.3135,,,,2143.0,-2.0058890543386108
7511,kon,7512,4.94,1.265,,,,4283.0,-2.0058890543386108
7512,questo,7513,4.94,1.1798,,,,4039.0,-2.0058890543386108
7513,swell,7514,4.94,2.0145,,,,3616.0,-2.0058890543386108
7514,xi,7515,4.94,1.162,,4664.0,,,-2.0058890543386108
7515,youll,7516,4.94,1.0085,,,,4844.0,-2.0058890543386108
7516,doo,7517,4.94,1.1186,,,,933.0,-2.0058890543386108
7517,forma,7518,4.94,1.156,,,,4973.0,-2.0058890543386108
7518,marginal,7519,4.94,1.3746,,4239.0,,,-2.0058890543386108
7519,nate,7520,4.94,1.3591,,,,4266.0,-2.0058890543386108
7520,ojos,7521,4.94,1.8726,,,,2353.0,-2.0058890543386108
7521,vie,7522,4.94,0.9087,,,,2386.0,-2.0058890543386108
7522,zie,7523,4.94,1.0799,,,,4198.0,-2.0058890543386108
7523,fold,7524,4.94,0.8184,,,,3110.0,-2.0058890543386108
7524,ad,7525,4.92,1.5232,1155.0,1521.0,2457.0,2398.0,-2.098063051818729
7525,affect,7526,4.92,1.4405,,1971.0,3249.0,,-2.098063051818729
7526,agencies,7527,4.92,1.3377,,2476.0,1589.0,,-2.098063051818729
7527,ainda,7528,4.92,0.3959,3644.0,,,,-2.098063051818729
7528,alla,7529,4.92,1.3223,,,,3332.0,-2.098063051818729
7529,ar,7530,4.92,0.6007,3801.0,,,,-2.098063051818729
7530,armies,7531,4.92,1.8935,,4467.0,,,-2.098063051818729
7531,atleast,7532,4.92,0.8533,3968.0,,,,-2.098063051818729
7532,au,7533,4.92,1.0467,3253.0,4211.0,,2017.0,-2.098063051818729
7533,b6,7534,4.92,0.8291,,,,,-2.098063051818729
7534,bishops,7535,4.92,1.9466,,4651.0,,,-2.098063051818729
7535,bo,7536,4.92,1.066,4984.0,,,2825.0,-2.098063051818729
7536,c'est,7537,4.92,1.2428,,,,,-2.098063051818729
7537,cm,7538,4.92,1.0069,,2276.0,,,-2.098063051818729
7538,common,7539,4.92,1.2591,2004.0,286.0,894.0,1853.0,-2.098063051818729
7539,contigo,7540,4.92,1.2911,,,,2535.0,-2.098063051818729
7540,crave,7541,4.92,1.6015,,,,4195.0,-2.098063051818729
7541,da,7542,4.92,1.122,210.0,3268.0,,238.0,-2.098063051818729
7542,decir,7543,4.92,0.9655,,,,4012.0,-2.098063051818729
7543,disclosed,7544,4.92,1.027,,,2408.0,,-2.098063051818729
7544,dole,7545,4.92,0.9655,,,3128.0,,-2.098063051818729
7545,dom,7546,4.92,0.9864,,,,4490.0,-2.098063051818729
7546,economists,7547,4.92,1.4824,,,3919.0,,-2.098063051818729
7547,filing,7548,4.92,1.2752,,,3828.0,,-2.098063051818729
7548,fl,7549,4.92,1.5887,2604.0,,1200.0,,-2.098063051818729
7549,fr,7550,4.92,1.066,4021.0,,,,-2.098063051818729
7550,gap,7551,4.92,0.8999,,3487.0,3655.0,,-2.098063051818729
7551,gerald,7552,4.92,1.085,,,2692.0,,-2.098063051818729
7552,gorbachev,7553,4.92,1.5628,,,3337.0,,-2.098063051818729
7553,hast,7554,4.92,1.3377,,,,2913.0,-2.098063051818729
7554,homie,7555,4.92,1.8165,1987.0,,,1854.0,-2.098063051818729
7555,illinois,7556,4.92,1.3974,,3659.0,2701.0,,-2.098063051818729
7556,instead,7557,4.92,0.8041,691.0,666.0,847.0,918.0,-2.098063051818729
7557,interim,7558,4.92,0.8769,,,3877.0,,-2.098063051818729
7558,itu,7559,4.92,0.5657,2747.0,,,,-2.098063051818729
7559,judge,7560,4.92,1.6015,2031.0,1386.0,435.0,1662.0,-2.098063051818729
7560,lebron,7561,4.92,1.5628,4999.0,,,,-2.098063051818729
7561,marked,7562,4.92,1.2911,,1368.0,4244.0,,-2.098063051818729
7562,mes,7563,4.92,1.066,,,,2802.0,-2.098063051818729
7563,nato,7564,4.92,1.7004,,,2926.0,,-2.098063051818729
7564,ni,7565,4.92,1.1036,1924.0,,,594.0,-2.098063051818729
7565,nye,7566,4.92,1.0467,4183.0,,,,-2.098063051818729
7566,only,7567,4.92,1.1578,111.0,63.0,89.0,102.0,-2.098063051818729
7567,pt,7568,4.92,0.8291,3511.0,,,,-2.098063051818729
7568,pushin,7569,4.92,1.4961,,,,4834.0,-2.098063051818729
7569,reais,7570,4.92,0.6952,2583.0,,,,-2.098063051818729
7570,representative,7571,4.92,1.5232,,2189.0,921.0,,-2.098063051818729
7571,reviewer,7572,4.92,1.6393,,,4430.0,,-2.098063051818729
7572,ruled,7573,4.92,1.4961,,4566.0,2345.0,,-2.098063051818729
7573,sabe,7574,4.92,1.085,4738.0,,,3482.0,-2.098063051818729
7574,shadow,7575,4.92,1.4405,2690.0,3385.0,,1075.0,-2.098063051818729
7575,strap,7576,4.92,1.1578,,,,3320.0,-2.098063051818729
7576,strip,7577,4.92,1.664,3705.0,,3997.0,2266.0,-2.098063051818729
7577,sua,7578,4.92,0.5284,4801.0,,,,-2.098063051818729
7578,suppose,7579,4.92,1.122,1895.0,1460.0,,2408.0,-2.098063051818729
7579,task,7580,4.92,1.3377,4318.0,1054.0,2233.0,,-2.098063051818729
7580,tenho,7581,4.92,1.3068,4446.0,,,,-2.098063051818729
7581,them,7582,4.92,1.122,119.0,57.0,88.0,122.0,-2.098063051818729
7582,thomas,7583,4.92,1.3223,2902.0,957.0,444.0,,-2.098063051818729
7583,tix,7584,4.92,1.2262,2828.0,,,,-2.098063051818729
7584,todos,7585,4.92,1.3068,2843.0,,,2557.0,-2.098063051818729
7585,trans,7586,4.92,1.2591,,3257.0,,,-2.098063051818729
7586,twitpic,7587,4.92,1.6015,4098.0,,,,-2.098063051818729
7587,une,7588,4.92,1.2911,4473.0,,,2556.0,-2.098063051818729
7588,var,7589,4.92,1.1578,,,,4290.0,-2.098063051818729
7589,wha,7590,4.92,1.0467,,,,3218.0,-2.098063051818729
7590,whenever,7591,4.92,1.4405,2526.0,2457.0,,1101.0,-2.098063051818729
7591,whether,7592,4.92,0.6652,1792.0,275.0,326.0,1850.0,-2.098063051818729
7592,wordt,7593,4.92,1.066,,,,4152.0,-2.098063051818729
7593,x,7594,4.92,1.4263,377.0,712.0,,1137.0,-2.098063051818729
7594,bist,7595,4.92,0.8123,,,,1956.0,-2.098063051818729
7595,dans,7596,4.92,1.1335,,4668.0,,1527.0,-2.098063051818729
7596,discourse,7597,4.92,1.382,,2683.0,,,-2.098063051818729
7597,elke,7598,4.92,0.9539,,,,4752.0,-2.098063051818729
7598,ey,7599,4.92,1.4265,,,,4503.0,-2.098063051818729
7599,kau,7600,4.92,1.397,,,,3306.0,-2.098063051818729
7600,peasant,7601,4.92,1.9878,,4448.0,,,-2.098063051818729
7601,pretending,7602,4.92,1.5657,,,,2358.0,-2.098063051818729
7602,puttin,7603,4.92,1.077,,,,3393.0,-2.098063051818729
7603,siento,7604,4.92,1.2721,,,,2051.0,-2.098063051818729
7604,sola,7605,4.92,1.4554,,,,3363.0,-2.098063051818729
7605,spinal,7606,4.92,1.4838,,4564.0,,,-2.098063051818729
7606,ve,7607,4.92,1.0173,,774.0,,4636.0,-2.098063051818729
7607,bizarre,7608,4.92,1.5414,,,,3595.0,-2.098063051818729
7608,weet,7609,4.92,1.0883,,,,2431.0,-2.098063051818729
7609,moi,7610,4.91,1.4866,,,,1807.0,-2.1441500505587863
7610,#in2010,7611,4.9,1.359,,,,,-2.190237049298843
7611,=d,7612,4.9,1.1824,,,,,-2.190237049298843
7612,al,7613,4.9,1.0546,851.0,343.0,1485.0,574.0,-2.190237049298843
7613,andy,7614,4.9,1.0546,2949.0,,3223.0,,-2.190237049298843
7614,at,7615,4.9,0.7354,18.0,25.0,12.0,57.0,-2.190237049298843
7615,bis,7616,4.9,0.8864,,,,2743.0,-2.190237049298843
7616,bloomberg,7617,4.9,1.5152,,,3201.0,,-2.190237049298843
7617,border,7618,4.9,1.488,,2687.0,2326.0,3040.0,-2.190237049298843
7618,brb,7619,4.9,1.1824,4790.0,,,,-2.190237049298843
7619,campaigns,7620,4.9,1.9299,,,3836.0,,-2.190237049298843
7620,charge,7621,4.9,1.3132,2251.0,1020.0,395.0,2745.0,-2.190237049298843
7621,chu,7622,4.9,1.1294,,,,4816.0,-2.190237049298843
7622,dig,7623,4.9,1.2164,2698.0,,,923.0,-2.190237049298843
7623,dukakis,7624,4.9,1.1294,,,4588.0,,-2.190237049298843
7624,edwin,7625,4.9,1.3887,,,4298.0,,-2.190237049298843
7625,ela,7626,4.9,1.0738,4020.0,,,,-2.190237049298843
7626,eres,7627,4.9,0.8631,,,,1747.0,-2.190237049298843
7627,esa,7628,4.9,1.0546,,,,2544.0,-2.190237049298843
7628,finance,7629,4.9,1.6568,4075.0,2887.0,1163.0,,-2.190237049298843
7629,fog,7630,4.9,1.8871,,,,3267.0,-2.190237049298843
7630,gt,7631,4.9,1.2495,1808.0,,,,-2.190237049298843
7631,heute,7632,4.9,1.0738,3533.0,,,,-2.190237049298843
7632,hpa,7633,4.9,1.0926,3790.0,,,,-2.190237049298843
7633,ie,7634,4.9,1.1294,3065.0,1043.0,,,-2.190237049298843
7634,jonas,7635,4.9,1.7757,1343.0,,,,-2.190237049298843
7635,kinda,7636,4.9,1.2817,563.0,,,816.0,-2.190237049298843
7636,koto,7637,4.9,1.1995,,,,4434.0,-2.190237049298843
7637,kt,7638,4.9,1.2657,4047.0,,,,-2.190237049298843
7638,law,7639,4.9,1.5551,1307.0,194.0,181.0,1217.0,-2.190237049298843
7639,levin,7640,4.9,0.9091,,,4596.0,,-2.190237049298843
7640,lu,7641,4.9,0.6468,4533.0,,,,-2.190237049298843
7641,maar,7642,4.9,0.5051,2901.0,,,869.0,-2.190237049298843
7642,mack,7643,4.9,1.669,,,,1919.0,-2.190237049298843
7643,melt,7644,4.9,1.1294,,,,2093.0,-2.190237049298843
7644,merrill,7645,4.9,1.1112,,,2532.0,,-2.190237049298843
7645,nee,7646,4.9,0.9313,,,,4160.0,-2.190237049298843
7646,nh,7647,4.9,0.6776,,,3287.0,,-2.190237049298843
7647,obliged,7648,4.9,1.4321,,3130.0,,,-2.190237049298843
7648,ook,7649,4.9,1.4604,3617.0,,,2737.0,-2.190237049298843
7649,pointed,7650,4.9,1.0546,,1672.0,2564.0,4970.0,-2.190237049298843
7650,pra,7651,4.9,0.8631,1053.0,,,3278.0,-2.190237049298843
7651,rental,7652,4.9,1.3286,4329.0,,4776.0,,-2.190237049298843
7652,sector,7653,4.9,1.233,,2017.0,3116.0,,-2.190237049298843
7653,sleepy,7654,4.9,1.7757,1352.0,,,3728.0,-2.190237049298843
7654,sometime,7655,4.9,1.0351,2635.0,,,2412.0,-2.190237049298843
7655,soo,7656,4.9,1.165,814.0,,,,-2.190237049298843
7656,sticks,7657,4.9,1.4033,4661.0,,,3187.0,-2.190237049298843
7657,subsidiary,7658,4.9,1.4033,,,1950.0,,-2.190237049298843
7658,te,7659,4.9,0.9091,823.0,,,213.0,-2.190237049298843
7659,testing,7660,4.9,1.4033,2617.0,2234.0,1954.0,,-2.190237049298843
7660,tiny,7661,4.9,1.374,2302.0,3977.0,3281.0,2219.0,-2.190237049298843
7661,trey,7662,4.9,1.165,3820.0,,,,-2.190237049298843
7662,uma,7663,4.9,1.1824,1290.0,,,4199.0,-2.190237049298843
7663,ven,7664,4.9,1.3286,,,,2460.0,-2.190237049298843
7664,wer,7665,4.9,0.6776,4573.0,,,4169.0,-2.190237049298843
7665,xm,7666,4.9,1.1824,3611.0,,,,-2.190237049298843
7666,yuh,7667,4.9,1.3439,3990.0,,,1109.0,-2.190237049298843
7667,yup,7668,4.9,1.4604,1667.0,,,4251.0,-2.190237049298843
7668,zo,7669,4.9,0.9313,4518.0,,,1561.0,-2.190237049298843
7669,deine,7670,4.9,1.4895,,,,2759.0,-2.190237049298843
7670,dre,7671,4.9,1.2949,,,,1759.0,-2.190237049298843
7671,fi,7672,4.9,1.1945,,,,1276.0,-2.190237049298843
7672,kommt,7673,4.9,0.9627,,,,4281.0,-2.190237049298843
7673,macht,7674,4.9,1.0051,,,,3867.0,-2.190237049298843
7674,mig,7675,4.9,1.5844,,,,3891.0,-2.190237049298843
7675,sono,7676,4.9,1.1769,,,,2007.0,-2.190237049298843
7676,static,7677,4.9,1.4895,,4813.0,,3247.0,-2.190237049298843
7677,toi,7678,4.9,1.4178,,,,2373.0,-2.190237049298843
7678,vii,7679,4.9,1.2457,,2702.0,,,-2.190237049298843
7679,broads,7680,4.9,1.9267,,,,4423.0,-2.190237049298843
7680,moe,7681,4.9,1.2418,,,,4384.0,-2.190237049298843
7681,liefde,7682,4.89,1.4206,,,,3943.0,-2.236324048038904
7682,aiyyo,7683,4.89,1.3151,,,,2683.0,-2.236324048038904
7683,2nd,7684,4.88,1.5471,,3617.0,,,-2.2824110467789613
7684,@tommcfly,7685,4.88,0.8953,,,,,-2.2824110467789613
7685,age,7686,4.88,1.6117,1256.0,322.0,332.0,1148.0,-2.2824110467789613
7686,ago,7687,4.88,0.9398,545.0,1127.0,343.0,847.0,-2.2824110467789613
7687,allein,7688,4.88,1.3192,,,,4410.0,-2.2824110467789613
7688,b4,7689,4.88,1.2558,,,,,-2.2824110467789613
7689,billboard,7690,4.88,1.2879,,,,4650.0,-2.2824110467789613
7690,black,7691,4.88,1.8366,219.0,420.0,409.0,244.0,-2.2824110467789613
7691,bt,7692,4.88,0.5584,3013.0,,,,-2.2824110467789613
7692,causes,7693,4.88,1.272,4188.0,1155.0,2918.0,,-2.2824110467789613
7693,chuck,7694,4.88,1.3944,2175.0,,4685.0,4525.0,-2.2824110467789613
7694,cited,7695,4.88,1.409,,2758.0,2430.0,,-2.2824110467789613
7695,dass,7696,4.88,1.2061,4239.0,,,2911.0,-2.2824110467789613
7696,dejes,7697,4.88,0.9398,,,,4860.0,-2.2824110467789613
7697,dentro,7698,4.88,0.9823,,,,2406.0,-2.2824110467789613
7698,der,7699,4.88,0.8953,855.0,1187.0,,611.0,-2.2824110467789613
7699,digg,7700,4.88,1.4377,4342.0,,,,-2.2824110467789613
7700,drifting,7701,4.88,1.5732,,,,2326.0,-2.2824110467789613
7701,du,7702,4.88,0.9179,1719.0,1899.0,4494.0,452.0,-2.2824110467789613
7702,elderly,7703,4.88,1.7219,,4171.0,1917.0,,-2.2824110467789613
7703,frost,7704,4.88,1.7337,,,,4264.0,-2.2824110467789613
7704,guard,7705,4.88,1.6243,3759.0,2454.0,1576.0,2416.0,-2.2824110467789613
7705,herman,7706,4.88,1.2229,,,3764.0,,-2.2824110467789613
7706,het,7707,4.88,0.6893,1581.0,,,540.0,-2.2824110467789613
7707,ir,7708,4.88,1.023,2539.0,,,3420.0,-2.2824110467789613
7708,issued,7709,4.88,1.1364,,2137.0,1552.0,,-2.2824110467789613
7709,it's,7710,4.88,0.799,,502.0,,,-2.2824110467789613
7710,judges,7711,4.88,1.3346,,3282.0,2681.0,,-2.2824110467789613
7711,junto,7712,4.88,1.0812,,,,3925.0,-2.2824110467789613
7712,lectures,7713,4.88,1.8142,,4265.0,,,-2.2824110467789613
7713,lieu,7714,4.88,0.9398,,,739.0,,-2.2824110467789613
7714,mais,7715,4.88,0.773,1329.0,,,1849.0,-2.2824110467789613
7715,memo,7716,4.88,1.1542,,,3792.0,,-2.2824110467789613
7716,mg,7717,4.88,0.9823,,2542.0,,,-2.2824110467789613
7717,mis,7718,4.88,1.0999,4517.0,,,1292.0,-2.2824110467789613
7718,moody's,7719,4.88,1.1364,,,,,-2.2824110467789613
7719,nevertheless,7720,4.88,1.4234,,1445.0,4452.0,,-2.2824110467789613
7720,oil,7721,4.88,1.6368,1663.0,928.0,626.0,3063.0,-2.2824110467789613
7721,operator,7722,4.88,1.5732,,4367.0,,,-2.2824110467789613
7722,previous,7723,4.88,0.8485,3895.0,1083.0,1025.0,,-2.2824110467789613
7723,prior,7724,4.88,1.1542,,1575.0,2694.0,,-2.2824110467789613
7724,re,7725,4.88,0.6273,1863.0,399.0,,,-2.2824110467789613
7725,regulators,7726,4.88,1.5205,,,3520.0,,-2.2824110467789613
7726,remarks,7727,4.88,1.5732,,2850.0,3250.0,,-2.2824110467789613
7727,rt,7728,4.88,1.0622,15.0,,,,-2.2824110467789613
7728,scale,7729,4.88,1.3037,,934.0,3544.0,,-2.2824110467789613
7729,se,7730,4.88,1.2558,553.0,2503.0,,307.0,-2.2824110467789613
7730,sei,7731,4.88,1.023,4802.0,,,1615.0,-2.2824110467789613
7731,sgt,7732,4.88,1.0622,,,4421.0,,-2.2824110467789613
7732,sie,7733,4.88,0.9179,3847.0,,,1026.0,-2.2824110467789613
7733,siegel,7734,4.88,0.9613,,,4754.0,,-2.2824110467789613
7734,sp,7735,4.88,0.6893,4312.0,,,,-2.2824110467789613
7735,st,7736,4.88,0.5584,727.0,479.0,155.0,2437.0,-2.2824110467789613
7736,thang,7737,4.88,1.3192,4870.0,,,1247.0,-2.2824110467789613
7737,toilet,7738,4.88,1.4934,2681.0,,,,-2.2824110467789613
7738,tryna,7739,4.88,1.0999,1411.0,,,1819.0,-2.2824110467789613
7739,ummm,7740,4.88,0.9398,3612.0,,,,-2.2824110467789613
7740,veel,7741,4.88,1.272,,,,3501.0,-2.2824110467789613
7741,viel,7742,4.88,0.773,,,,4328.0,-2.2824110467789613
7742,went,7743,4.88,1.4518,310.0,295.0,503.0,388.0,-2.2824110467789613
7743,whose,7744,4.88,1.1542,2699.0,341.0,351.0,1554.0,-2.2824110467789613
7744,eg,7745,4.88,1.3328,,1019.0,,,-2.2824110467789613
7745,igual,7746,4.88,1.1298,,,,2956.0,-2.2824110467789613
7746,qui,7747,4.88,0.8811,,4085.0,,1157.0,-2.2824110467789613
7747,substitute,7748,4.88,1.4668,,4575.0,,,-2.2824110467789613
7748,nous,7749,4.88,1.1601,,,,2746.0,-2.2824110467789613
7749,senza,7750,4.88,1.2985,,,,3330.0,-2.2824110467789613
7750,#random,7751,4.86,1.6414,,,,,-2.3745850442590752
7751,@donniewahlberg,7752,4.86,1.2938,,,,,-2.3745850442590752
7752,@ladygaga,7753,4.86,1.9693,,,,,-2.3745850442590752
7753,accounting,7754,4.86,1.5388,,3889.0,699.0,,-2.3745850442590752
7754,ap,7755,4.86,1.2456,1446.0,,,,-2.3745850442590752
7755,arnold,7756,4.86,1.3554,,,2784.0,,-2.3745850442590752
7756,b-after,7757,4.86,1.1608,,,,,-2.3745850442590752
7757,bb,7758,4.86,0.9037,1862.0,,,,-2.3745850442590752
7758,bk,7759,4.86,1.3852,3477.0,,,,-2.3745850442590752
7759,bush,7760,4.86,1.7144,1988.0,4402.0,414.0,3879.0,-2.3745850442590752
7760,bustin,7761,4.86,1.5909,,,,3443.0,-2.3745850442590752
7761,cia,7762,4.86,1.1068,,,4306.0,,-2.3745850442590752
7762,circumstances,7763,4.86,1.1068,,977.0,3255.0,,-2.3745850442590752
7763,cont,7764,4.86,0.9478,885.0,,,,-2.3745850442590752
7764,cud,7765,4.86,0.8574,,,,,-2.3745850442590752
7765,diff,7766,4.86,0.8809,4124.0,,,,-2.3745850442590752
7766,divisions,7767,4.86,1.4848,,3416.0,,,-2.3745850442590752
7767,dus,7768,4.86,1.125,,,,3381.0,-2.3745850442590752
7768,echt,7769,4.86,1.1782,,,,3896.0,-2.3745850442590752
7769,elsewhere,7770,4.86,0.9478,,2154.0,2550.0,,-2.3745850442590752
7770,ft,7771,4.86,0.7827,1458.0,2728.0,,,-2.3745850442590752
7771,gonna,7772,4.86,1.6164,166.0,,,74.0,-2.3745850442590752
7772,haben,7773,4.86,1.3704,,,,4247.0,-2.3745850442590752
7773,hath,7774,4.86,1.125,,2895.0,,,-2.3745850442590752
7774,hong,7775,4.86,0.9691,,,2728.0,,-2.3745850442590752
7775,how's,7776,4.86,0.9478,,,,,-2.3745850442590752
7776,hr,7777,4.86,1.143,2641.0,,,,-2.3745850442590752
7777,ira,7778,4.86,1.3999,,,3213.0,,-2.3745850442590752
7778,ish,7779,4.86,1.2779,2743.0,,,,-2.3745850442590752
7779,ja,7780,4.86,1.2938,1460.0,,,1030.0,-2.3745850442590752
7780,jst,7781,4.86,0.8332,3915.0,,,,-2.3745850442590752
7781,knock,7782,4.86,0.9478,2741.0,,,899.0,-2.3745850442590752
7782,le,7783,4.86,0.8084,960.0,1134.0,3801.0,500.0,-2.3745850442590752
7783,mah,7784,4.86,0.926,2756.0,,,,-2.3745850442590752
7784,mask,7785,4.86,1.2456,4894.0,,,2364.0,-2.3745850442590752
7785,mehr,7786,4.86,1.1068,4602.0,,,2103.0,-2.3745850442590752
7786,mijn,7787,4.86,0.9037,4660.0,,,1286.0,-2.3745850442590752
7787,missy,7788,4.86,1.552,,,,2020.0,-2.3745850442590752
7788,nadie,7789,4.86,1.2456,,,,2197.0,-2.3745850442590752
7789,nonetheless,7790,4.86,1.0104,,,4416.0,,-2.3745850442590752
7790,nu,7791,4.86,0.8809,2074.0,,,1507.0,-2.3745850442590752
7791,og,7792,4.86,1.1782,4484.0,,,1603.0,-2.3745850442590752
7792,oi,7793,4.86,1.5388,,,,4333.0,-2.3745850442590752
7793,oo,7794,4.86,1.3554,1926.0,,,1898.0,-2.3745850442590752
7794,ou,7795,4.86,0.9691,2205.0,,,2853.0,-2.3745850442590752
7795,rd,7796,4.86,0.8084,2434.0,,3303.0,,-2.3745850442590752
7796,recuerdo,7797,4.86,1.1068,,,,4723.0,-2.3745850442590752
7797,ridin,7798,4.86,1.3554,,,,2761.0,-2.3745850442590752
7798,sensitive,7799,4.86,1.4144,,2686.0,3542.0,,-2.3745850442590752
7799,seo,7800,4.86,1.125,2366.0,,,,-2.3745850442590752
7800,shapiro,7801,4.86,1.0304,,,4029.0,,-2.3745850442590752
7801,sm,7802,4.86,0.7287,3405.0,,,,-2.3745850442590752
7802,smoked,7803,4.86,1.9589,,,,3183.0,-2.3745850442590752
7803,sooooo,7804,4.86,1.05,2256.0,,,,-2.3745850442590752
7804,sr,7805,4.86,1.1954,,,3730.0,,-2.3745850442590752
7805,staring,7806,4.86,1.2779,3419.0,,,1412.0,-2.3745850442590752
7806,tellin,7807,4.86,1.3095,4762.0,,,2325.0,-2.3745850442590752
7807,tempted,7808,4.86,1.7263,4979.0,,,,-2.3745850442590752
7808,tract,7809,4.86,1.2456,,3698.0,,,-2.3745850442590752
7809,voor,7810,4.86,0.5349,2395.0,,,1206.0,-2.3745850442590752
7810,vor,7811,4.86,1.0692,,,,3419.0,-2.3745850442590752
7811,vt,7812,4.86,1.5909,,,3440.0,,-2.3745850442590752
7812,w,7813,4.86,0.9478,615.0,862.0,432.0,2674.0,-2.3745850442590752
7813,were,7814,4.86,1.143,164.0,32.0,42.0,131.0,-2.3745850442590752
7814,wie,7815,4.86,1.3704,2574.0,,,995.0,-2.3745850442590752
7815,ze,7816,4.86,1.3403,,,,1220.0,-2.3745850442590752
7816,toch,7817,4.86,1.1694,,,,3326.0,-2.3745850442590752
7817,askin,7818,4.86,1.2416,,,,4057.0,-2.3745850442590752
7818,cinta,7819,4.86,1.3693,,,,4754.0,-2.3745850442590752
7819,eminem,7820,4.86,1.9685,,,,2062.0,-2.3745850442590752
7820,geld,7821,4.86,1.5943,,,,4660.0,-2.3745850442590752
7821,ibid,7822,4.86,1.3693,,1879.0,,,-2.3745850442590752
7822,isn,7823,4.86,0.9789,,2757.0,,,-2.3745850442590752
7823,kane,7824,4.86,1.1547,,,,4221.0,-2.3745850442590752
7824,labour,7825,4.86,1.8708,,1143.0,,,-2.3745850442590752
7825,pienso,7826,4.86,1.0801,,,,4932.0,-2.3745850442590752
7826,soc,7827,4.86,1.307,,4592.0,,,-2.3745850442590752
7827,miedo,7828,4.85,1.2026,,,,3308.0,-2.4206720429991364
7828,tienes,7829,4.85,1.1297,,,,3124.0,-2.4206720429991364
7829,explicit,7830,4.85,1.6013,,4199.0,,,-2.4206720429991364
7830,@taylorswift13,7831,4.84,1.8775,,,,,-2.4667590417391936
7831,abt,7832,4.84,0.9765,1739.0,,,,-2.4667590417391936
7832,administration,7833,4.84,1.5696,,874.0,392.0,,-2.4667590417391936
7833,amo,7834,4.84,1.1669,3411.0,,,3157.0,-2.4667590417391936
7834,an,7835,4.84,0.8418,61.0,29.0,21.0,130.0,-2.4667590417391936
7835,awhile,7836,4.84,0.9553,3124.0,,,2073.0,-2.4667590417391936
7836,b,7837,4.84,1.2513,354.0,206.0,436.0,1053.0,-2.4667590417391936
7837,b7,7838,4.84,1.0568,,,,,-2.4667590417391936
7838,capitalist,7839,4.84,2.3418,,4694.0,,,-2.4667590417391936
7839,crawl,7840,4.84,1.5954,,,,1423.0,-2.4667590417391936
7840,d1,7841,4.84,1.2349,,,,,-2.4667590417391936
7841,dam,7842,4.84,1.2349,2878.0,,,3527.0,-2.4667590417391936
7842,dats,7843,4.84,1.2513,2621.0,,,,-2.4667590417391936
7843,decades,7844,4.84,1.3756,,3387.0,1741.0,,-2.4667590417391936
7844,dem,7845,4.84,1.2014,1453.0,,,539.0,-2.4667590417391936
7845,desde,7846,4.84,0.6809,4546.0,,,3461.0,-2.4667590417391936
7846,di,7847,4.84,1.2513,843.0,2838.0,,404.0,-2.4667590417391936
7847,en,7848,4.84,1.0568,294.0,1233.0,,174.0,-2.4667590417391936
7848,est,7849,4.84,1.0568,2158.0,2788.0,,2034.0,-2.4667590417391936
7849,filed,7850,4.84,1.1314,3677.0,,1264.0,,-2.4667590417391936
7850,friedman,7851,4.84,1.4619,,,3042.0,,-2.4667590417391936
7851,hab,7852,4.84,0.9337,4658.0,,,3020.0,-2.4667590417391936
7852,harris,7853,4.84,0.8889,,,1973.0,,-2.4667590417391936
7853,hm,7854,4.84,1.2014,3120.0,,,,-2.4667590417391936
7854,hows,7855,4.84,1.1843,3891.0,,,,-2.4667590417391936
7855,ht,7856,4.84,0.5481,4741.0,,,,-2.4667590417391936
7856,investigating,7857,4.84,1.1669,,,3672.0,,-2.4667590417391936
7857,invisible,7858,4.84,1.7066,,,,2995.0,-2.4667590417391936
7858,jd,7859,4.84,0.7918,3460.0,,,4675.0,-2.4667590417391936
7859,ka,7860,4.84,0.8657,3049.0,,,2577.0,-2.4667590417391936
7860,ke,7861,4.84,0.9971,2041.0,,,4019.0,-2.4667590417391936
7861,keine,7862,4.84,1.1132,,,,3607.0,-2.4667590417391936
7862,lo,7863,4.84,1.1132,730.0,4650.0,,412.0,-2.4667590417391936
7863,maintenance,7864,4.84,1.5954,,2314.0,2797.0,,-2.4667590417391936
7864,mar,7865,4.84,1.2349,4151.0,,,2395.0,-2.4667590417391936
7865,mining,7866,4.84,1.5434,,3553.0,,,-2.4667590417391936
7866,mn,7867,4.84,0.7656,4309.0,,,,-2.4667590417391936
7867,nao,7868,4.84,1.3149,2995.0,,,,-2.4667590417391936
7868,need,7869,4.84,1.4337,83.0,258.0,324.0,79.0,-2.4667590417391936
7869,nt,7870,4.84,0.6809,4260.0,,,,-2.4667590417391936
7870,o_o,7871,4.84,1.1493,,,,,-2.4667590417391936
7871,oh,7872,4.84,1.0759,114.0,1405.0,4045.0,46.0,-2.4667590417391936
7872,proc,7873,4.84,1.0174,,4771.0,,,-2.4667590417391936
7873,rates,7874,4.84,1.1493,3067.0,1105.0,896.0,,-2.4667590417391936
7874,reagan,7875,4.84,1.5301,,,1549.0,,-2.4667590417391936
7875,sanders,7876,4.84,1.2993,,,4767.0,,-2.4667590417391936
7876,secret,7877,4.84,1.6081,1026.0,1668.0,1994.0,855.0,-2.4667590417391936
7877,setup,7878,4.84,1.4049,4881.0,,,,-2.4667590417391936
7878,sharp,7879,4.84,1.6946,4866.0,2369.0,2587.0,2653.0,-2.4667590417391936
7879,sih,7880,4.84,0.7103,4391.0,,,,-2.4667590417391936
7880,sta,7881,4.84,1.0759,,,,4118.0,-2.4667590417391936
7881,t,7882,4.84,0.7656,734.0,77.0,797.0,1608.0,-2.4667590417391936
7882,temp,7883,4.84,1.4194,3407.0,,,,-2.4667590417391936
7883,tooth,7884,4.84,1.4194,4182.0,,,3797.0,-2.4667590417391936
7884,vc,7885,4.84,0.8657,2294.0,,,,-2.4667590417391936
7885,vernon,7886,4.84,1.2349,,,3252.0,,-2.4667590417391936
7886,ward,7887,4.84,1.1132,,3815.0,3260.0,,-2.4667590417391936
7887,duele,7888,4.84,1.0324,,,,4369.0,-2.4667590417391936
7888,horns,7889,4.84,1.9295,,,,4472.0,-2.4667590417391936
7889,inevitably,7890,4.84,1.5322,,4750.0,,,-2.4667590417391936
7890,jeg,7891,4.84,1.1609,,,,2579.0,-2.4667590417391936
7891,kneel,7892,4.84,1.3896,,,,3805.0,-2.4667590417391936
7892,partial,7893,4.84,1.3593,,2662.0,,,-2.4667590417391936
7893,puedes,7894,4.84,1.264,,,,4084.0,-2.4667590417391936
7894,throwin,7895,4.84,1.5988,,,,4433.0,-2.4667590417391936
7895,zeg,7896,4.84,1.0675,,,,4478.0,-2.4667590417391936
7896,geen,7897,4.83,1.4923,,,,2126.0,-2.5128460404792508
7897,louder,7898,4.83,1.5483,,,,2828.0,-2.5128460404792508
7898,tutto,7899,4.83,1.0785,,,,3416.0,-2.5128460404792508
7899,tout,7900,4.83,1.1096,,,,2087.0,-2.5128460404792508
7900,temptation,7901,4.83,1.9115,,,,2524.0,-2.5128460404792508
7901,#omgfacts,7902,4.82,1.6866,,,,,-2.5589330392193075
7902,@stephenfry,7903,4.82,1.4241,,,,,-2.5589330392193075
7903,@tweetmeme,7904,4.82,1.746,,,,,-2.5589330392193075
7904,acho,7905,4.82,0.7197,4450.0,,,,-2.5589330392193075
7905,addenda,7906,4.82,1.2403,,,672.0,,-2.5589330392193075
7906,administration's,7907,4.82,1.5077,,,,,-2.5589330392193075
7907,altered,7908,4.82,1.3506,,3715.0,,,-2.5589330392193075
7908,ang,7909,4.82,0.8734,3903.0,,,2568.0,-2.5589330392193075
7909,att,7910,4.82,1.1008,2973.0,,,,-2.5589330392193075
7910,ayer,7911,4.82,1.1192,,,,4081.0,-2.5589330392193075
7911,b/c,7912,4.82,1.32,,,,,-2.5589330392193075
7912,b2,7913,4.82,1.1008,,,,,-2.5589330392193075
7913,beard,7914,4.82,1.2887,,,,,-2.5589330392193075
7914,cane,7915,4.82,1.7922,,,,4248.0,-2.5589330392193075
7915,cases,7916,4.82,0.919,4590.0,329.0,756.0,,-2.5589330392193075
7916,causing,7917,4.82,1.1899,,3590.0,,,-2.5589330392193075
7917,che,7918,4.82,1.0821,,,,562.0,-2.5589330392193075
7918,col,7919,4.82,0.9833,,4919.0,4987.0,,-2.5589330392193075
7919,cum,7920,4.82,2.0572,3247.0,,2594.0,2002.0,-2.5589330392193075
7920,de,7921,4.82,0.8497,99.0,142.0,640.0,108.0,-2.5589330392193075
7921,deh,7922,4.82,0.9409,2827.0,,,3608.0,-2.5589330392193075
7922,demi,7923,4.82,0.8734,2316.0,,,,-2.5589330392193075
7923,doch,7924,4.82,0.8003,4509.0,,,1411.0,-2.5589330392193075
7924,duties,7925,4.82,1.6866,,1824.0,4885.0,,-2.5589330392193075
7925,eso,7926,4.82,1.0821,2938.0,,,2284.0,-2.5589330392193075
7926,examination,7927,4.82,1.5211,,1430.0,,,-2.5589330392193075
7927,exposure,7928,4.82,1.5211,,2545.0,4938.0,,-2.5589330392193075
7928,finna,7929,4.82,1.0821,3323.0,,,,-2.5589330392193075
7929,flipped,7930,4.82,1.3354,,,,4914.0,-2.5589330392193075
7930,gm,7931,4.82,1.0821,3671.0,,4082.0,,-2.5589330392193075
7931,hes,7932,4.82,1.1192,1659.0,,,3979.0,-2.5589330392193075
7932,hid,7933,4.82,1.1192,,,,3885.0,-2.5589330392193075
7933,hoje,7934,4.82,1.0039,2527.0,,,,-2.5589330392193075
7934,hood,7935,4.82,1.2887,2380.0,,,836.0,-2.5589330392193075
7935,impact,7936,4.82,1.32,3549.0,1478.0,1584.0,,-2.5589330392193075
7936,israeli,7937,4.82,1.746,,,1352.0,,-2.5589330392193075
7937,lagi,7938,4.82,0.919,2944.0,,,,-2.5589330392193075
7938,ll,7939,4.82,0.7475,,521.0,,4440.0,-2.5589330392193075
7939,mideast,7940,4.82,1.5609,,,4187.0,,-2.5589330392193075
7940,municipal,7941,4.82,0.9833,,3788.0,2475.0,,-2.5589330392193075
7941,must,7942,4.82,1.4384,301.0,98.0,370.0,230.0,-2.5589330392193075
7942,n,7943,4.82,1.0821,179.0,385.0,1028.0,1308.0,-2.5589330392193075
7943,ne,7944,4.82,0.5602,1847.0,3413.0,,983.0,-2.5589330392193075
7944,ng,7945,4.82,1.207,4170.0,,,4191.0,-2.5589330392193075
7945,ot,7946,4.82,1.1008,4643.0,,,,-2.5589330392193075
7946,over,7947,4.82,1.4803,116.0,90.0,86.0,119.0,-2.5589330392193075
7947,pst,7948,4.82,1.4097,4830.0,,,,-2.5589330392193075
7948,quando,7949,4.82,0.9624,4279.0,,,2403.0,-2.5589330392193075
7949,ralph,7950,4.82,1.4384,,,2491.0,,-2.5589330392193075
7950,repeated,7951,4.82,1.1726,,1956.0,2915.0,,-2.5589330392193075
7951,rushing,7952,4.82,1.4665,,,,3838.0,-2.5589330392193075
7952,sellin,7953,4.82,1.4525,,,,4080.0,-2.5589330392193075
7953,sich,7954,4.82,0.9409,2600.0,,,2084.0,-2.5589330392193075
7954,smell,7955,4.82,1.5477,1308.0,4968.0,,1042.0,-2.5589330392193075
7955,ticking,7956,4.82,1.5868,,,,4442.0,-2.5589330392193075
7956,tt,7957,4.82,1.207,2685.0,,,,-2.5589330392193075
7957,udah,7958,4.82,0.6908,3461.0,,,,-2.5589330392193075
7958,vegan,7959,4.82,1.7106,4700.0,,,,-2.5589330392193075
7959,wah,7960,4.82,1.8035,4609.0,,,3248.0,-2.5589330392193075
7960,warum,7961,4.82,1.3354,,,,4955.0,-2.5589330392193075
7961,witness,7962,4.82,1.3656,,2764.0,3177.0,1858.0,-2.5589330392193075
7962,wut,7963,4.82,1.1373,3825.0,,,,-2.5589330392193075
7963,assumptions,7964,4.82,1.7192,,3644.0,,,-2.5589330392193075
7964,dawg,7965,4.82,1.603,,,,2849.0,-2.5589330392193075
7965,dro,7966,4.82,1.2857,,,,4392.0,-2.5589330392193075
7966,gaan,7967,4.82,1.4815,,,,2564.0,-2.5589330392193075
7967,nerve,7968,4.82,1.4815,,2211.0,,2548.0,-2.5589330392193075
7968,scheme,7969,4.82,1.6668,,1961.0,,3774.0,-2.5589330392193075
7969,sus,7970,4.82,0.9932,,,,2771.0,-2.5589330392193075
7970,vas,7971,4.82,1.1845,,,,2140.0,-2.5589330392193075
7971,vein,7972,4.82,1.5367,,4779.0,,4426.0,-2.5589330392193075
7972,werden,7973,4.82,1.3177,,,,4840.0,-2.5589330392193075
7973,otro,7974,4.81,0.891,,,,3174.0,-2.605020037959369
7974,toda,7975,4.81,1.299,,,,2922.0,-2.605020037959369
7975,detection,7976,4.81,1.2792,,4386.0,,,-2.605020037959369
7976,@jonathanrknight,7977,4.8,1.2778,,,,,-2.6511070366994263
7977,advisory,7978,4.8,1.1952,,,1370.0,,-2.6511070366994263
7978,ak,7979,4.8,0.9689,,,,4806.0,-2.6511070366994263
7979,ao,7980,4.8,0.8571,3318.0,,,,-2.6511070366994263
7980,apa,7981,4.8,0.7825,2782.0,,,,-2.6511070366994263
7981,asap,7982,4.8,1.5386,2397.0,,,,-2.6511070366994263
7982,bankers,7983,4.8,1.8626,,,3917.0,,-2.6511070366994263
7983,bij,7984,4.8,0.8806,4571.0,,,2049.0,-2.6511070366994263
7984,bosnia,7985,4.8,1.7023,,,2868.0,,-2.6511070366994263
7985,c1,7986,4.8,0.833,,,,,-2.6511070366994263
7986,cock,7987,4.8,2.0,4494.0,,,1894.0,-2.6511070366994263
7987,det,7988,4.8,0.8806,3138.0,,,2009.0,-2.6511070366994263
7988,dey,7989,4.8,0.7559,2270.0,,,4192.0,-2.6511070366994263
7989,didn,7990,4.8,1.2454,,713.0,,,-2.6511070366994263
7990,eds,7991,4.8,1.1066,,1834.0,,,-2.6511070366994263
7991,el,7992,4.8,1.1249,391.0,1762.0,2467.0,220.0,-2.6511070366994263
7992,es,7993,4.8,0.7825,572.0,4098.0,,306.0,-2.6511070366994263
7993,eu,7994,4.8,1.069,688.0,,,1624.0,-2.6511070366994263
7994,fa,7995,4.8,0.8571,3103.0,,,2159.0,-2.6511070366994263
7995,giuliani,7996,4.8,1.7957,,,1729.0,,-2.6511070366994263
7996,h,7997,4.8,0.8806,1466.0,546.0,449.0,3949.0,-2.6511070366994263
7997,it'd,7998,4.8,1.069,,,,,-2.6511070366994263
7998,johns,7999,4.8,1.3851,,,4904.0,,-2.6511070366994263
7999,judy,8000,4.8,1.069,,,2813.0,,-2.6511070366994263
8000,kan,8001,4.8,1.1429,1967.0,,,1568.0,-2.6511070366994263
8001,lautner,8002,4.8,1.2617,4462.0,,,,-2.6511070366994263
8002,lejos,8003,4.8,1.1249,,,,3989.0,-2.6511070366994263
8003,ltd,8004,4.8,1.1066,,3792.0,2842.0,,-2.6511070366994263
8004,lugar,8005,4.8,1.3248,,,,3378.0,-2.6511070366994263
8005,meetings,8006,4.8,1.5386,3064.0,2540.0,2461.0,,-2.6511070366994263
8006,mein,8007,4.8,1.4142,4429.0,,,1706.0,-2.6511070366994263
8007,mental,8008,4.8,1.8183,2626.0,1107.0,2766.0,2414.0,-2.6511070366994263
8008,naar,8009,4.8,0.8081,2950.0,,,1891.0,-2.6511070366994263
8009,nai,8010,4.8,1.3851,,,,4921.0,-2.6511070366994263
8010,nd,8011,4.8,0.9476,1098.0,,,,-2.6511070366994263
8011,nerd,8012,4.8,1.8736,3556.0,,,,-2.6511070366994263
8012,nom,8013,4.8,1.3702,2991.0,,,,-2.6511070366994263
8013,olvidar,8014,4.8,1.178,,,,4141.0,-2.6511070366994263
8014,one-time,8015,4.8,1.2122,,,,,-2.6511070366994263
8015,orthodox,8016,4.8,1.3553,,,4941.0,,-2.6511070366994263
8016,pataki,8017,4.8,1.2289,,,2547.0,,-2.6511070366994263
8017,pe,8018,4.8,0.7559,4425.0,,,,-2.6511070366994263
8018,proceedings,8019,4.8,1.3553,,2206.0,4908.0,,-2.6511070366994263
8019,pussy,8020,4.8,2.665,2019.0,,,949.0,-2.6511070366994263
8020,rehabilitation,8021,4.8,1.8626,,,4719.0,,-2.6511070366994263
8021,rep,8022,4.8,1.5253,3418.0,,,3652.0,-2.6511070366994263
8022,sachs,8023,4.8,1.3851,,,3581.0,,-2.6511070366994263
8023,slightly,8024,4.8,0.8571,2551.0,1787.0,2079.0,,-2.6511070366994263
8024,superintendent,8025,4.8,1.3093,,,4374.0,,-2.6511070366994263
8025,sur,8026,4.8,1.178,3428.0,4851.0,,2341.0,-2.6511070366994263
8026,versus,8027,4.8,1.2289,,3476.0,,,-2.6511070366994263
8027,wats,8028,4.8,0.8571,1689.0,,,,-2.6511070366994263
8028,wen,8029,4.8,1.0498,1345.0,,,,-2.6511070366994263
8029,what,8030,4.8,0.7559,44.0,60.0,75.0,29.0,-2.6511070366994263
8030,what's,8031,4.8,0.8571,,3191.0,,,-2.6511070366994263
8031,whos,8032,4.8,0.6701,4264.0,,,,-2.6511070366994263
8032,widespread,8033,4.8,1.1429,,3991.0,4303.0,,-2.6511070366994263
8033,yrs,8034,4.8,1.1249,2060.0,,,,-2.6511070366994263
8034,zonder,8035,4.8,1.2936,,,,3785.0,-2.6511070366994263
8035,petition,8036,4.8,1.5778,,4568.0,,,-2.6511070366994263
8036,gimmie,8037,4.8,1.5809,,,,4836.0,-2.6511070366994263
8037,jamais,8038,4.8,1.4858,,,,4469.0,-2.6511070366994263
8038,laat,8039,4.8,1.1177,,,,2545.0,-2.6511070366994263
8039,manos,8040,4.8,1.2744,,,,4097.0,-2.6511070366994263
8040,niets,8041,4.8,1.3537,,,,3697.0,-2.6511070366994263
8041,passive,8042,4.8,1.7675,,4188.0,,,-2.6511070366994263
8042,tous,8043,4.8,1.1722,,,,3806.0,-2.6511070366994263
8043,mase,8044,4.79,1.1478,,,,4386.0,-2.697194035439483
8044,wij,8045,4.79,0.9444,,,,4598.0,-2.697194035439483
8045,#p2,8046,4.78,0.6788,,,,,-2.7432810341795397
8046,1/2-bath,8047,4.78,1.1657,,,,,-2.7432810341795397
8047,aja,8048,4.78,0.9538,2235.0,,,,-2.7432810341795397
8048,asi,8049,4.78,1.0554,,,,2461.0,-2.7432810341795397
8049,at;t,8050,4.78,1.0746,,,,,-2.7432810341795397
8050,b1,8051,4.78,0.975,,,,,-2.7432810341795397
8051,bc,8052,4.78,0.8154,1639.0,3174.0,,,-2.7432810341795397
8052,belly,8053,4.78,1.4609,3162.0,,,2500.0,-2.7432810341795397
8053,blizzard,8054,4.78,2.0926,,,,,-2.7432810341795397
8054,ce,8055,4.78,0.8873,4217.0,4320.0,,1789.0,-2.7432810341795397
8055,conditions,8056,4.78,1.4748,4116.0,394.0,2001.0,,-2.7432810341795397
8056,confess,8057,4.78,1.5687,,,,2302.0,-2.7432810341795397
8057,dann,8058,4.78,1.1657,4103.0,,,2114.0,-2.7432810341795397
8058,des,8059,4.78,1.2982,2364.0,1234.0,,1121.0,-2.7432810341795397
8059,dha,8060,4.78,1.1657,4739.0,,,,-2.7432810341795397
8060,difference,8061,4.78,1.183,1821.0,703.0,1965.0,1587.0,-2.7432810341795397
8061,em,8062,4.78,1.148,506.0,4159.0,,485.0,-2.7432810341795397
8062,ep,8063,4.78,1.2002,2553.0,,,,-2.7432810341795397
8063,essa,8064,4.78,0.8873,3660.0,,,,-2.7432810341795397
8064,exit,8065,4.78,1.5687,4491.0,,4648.0,4068.0,-2.7432810341795397
8065,fate,8066,4.78,1.2664,,2645.0,3861.0,964.0,-2.7432810341795397
8066,fo,8067,4.78,1.1657,2852.0,,,2613.0,-2.7432810341795397
8067,funk,8068,4.78,1.6199,,,,1553.0,-2.7432810341795397
8068,gat,8069,4.78,1.4609,,,,2237.0,-2.7432810341795397
8069,gimme,8070,4.78,1.2824,4681.0,,,771.0,-2.7432810341795397
8070,gli,8071,4.78,0.975,,,,3883.0,-2.7432810341795397
8071,israel,8072,4.78,1.7296,3516.0,2062.0,668.0,,-2.7432810341795397
8072,je,8073,4.78,1.0554,1311.0,,,290.0,-2.7432810341795397
8073,juss,8074,4.78,0.6788,3551.0,,,,-2.7432810341795397
8074,kein,8075,4.78,0.9957,,,,3257.0,-2.7432810341795397
8075,llorar,8076,4.78,1.4327,,,,3669.0,-2.7432810341795397
8076,meds,8077,4.78,1.3746,3592.0,,,,-2.7432810341795397
8077,military,8078,4.78,1.753,3213.0,597.0,448.0,,-2.7432810341795397
8078,mud,8079,4.78,1.7761,,,,2689.0,-2.7432810341795397
8079,nasdaq,8080,4.78,1.5022,,,2978.0,,-2.7432810341795397
8080,nos,8081,4.78,0.9322,2869.0,,,1272.0,-2.7432810341795397
8081,nur,8082,4.78,1.0359,3241.0,,,1446.0,-2.7432810341795397
8082,ohh,8083,4.78,1.3445,2059.0,,,1049.0,-2.7432810341795397
8083,pena,8084,4.78,1.3138,,,,4895.0,-2.7432810341795397
8084,r,8085,4.78,1.0554,341.0,475.0,346.0,1592.0,-2.7432810341795397
8085,reserved,8086,4.78,1.4039,,3631.0,,,-2.7432810341795397
8086,reversed,8087,4.78,1.4327,,,3463.0,,-2.7432810341795397
8087,sigo,8088,4.78,0.9322,,,,4878.0,-2.7432810341795397
8088,sooo,8089,4.78,1.5022,770.0,,,,-2.7432810341795397
8089,stakes,8090,4.78,0.9538,,,4581.0,,-2.7432810341795397
8090,suddenly,8091,4.78,1.3138,2799.0,1429.0,2129.0,1353.0,-2.7432810341795397
8091,though,8092,4.78,1.0359,249.0,189.0,431.0,345.0,-2.7432810341795397
8092,throwing,8093,4.78,1.2337,2810.0,,4927.0,2880.0,-2.7432810341795397
8093,tht,8094,4.78,0.8154,1390.0,,,,-2.7432810341795397
8094,ver,8095,4.78,0.9538,1601.0,,,1682.0,-2.7432810341795397
8095,wallace,8096,4.78,1.3445,,,3988.0,,-2.7432810341795397
8096,wel,8097,4.78,0.6158,3676.0,,,2668.0,-2.7432810341795397
8097,wieder,8098,4.78,0.975,3391.0,,,2967.0,-2.7432810341795397
8098,witnesses,8099,4.78,1.4609,,4542.0,3208.0,,-2.7432810341795397
8099,wud,8100,4.78,1.2501,3248.0,,,,-2.7432810341795397
8100,tijd,8101,4.78,1.4757,,,,4200.0,-2.7432810341795397
8101,unseen,8102,4.78,1.2122,,,,4605.0,-2.7432810341795397
8102,@aplusk,8103,4.76,1.1168,,,,,-2.8354550316596585
8103,@ddlovato,8104,4.76,1.1877,,,,,-2.8354550316596585
8104,ahl,8105,4.76,1.0412,,,4868.0,,-2.8354550316596585
8105,aside,8106,4.76,0.9161,4765.0,2436.0,2611.0,2117.0,-2.8354550316596585
8106,bak,8107,4.76,0.8935,3624.0,,,,-2.8354550316596585
8107,board,8108,4.76,1.5194,845.0,728.0,187.0,2936.0,-2.8354550316596585
8108,buat,8109,4.76,0.8935,3920.0,,,,-2.8354550316596585
8109,chilling,8110,4.76,2.1812,3060.0,,,,-2.8354550316596585
8110,cnt,8111,4.76,0.7709,3329.0,,,,-2.8354550316596585
8111,coz,8112,4.76,1.0412,2725.0,,,1906.0,-2.8354550316596585
8112,dat,8113,4.76,1.2048,514.0,,,543.0,-2.8354550316596585
8113,departure,8114,4.76,1.5194,,3595.0,3971.0,,-2.8354550316596585
8114,dolor,8115,4.76,1.9226,,,,2714.0,-2.8354550316596585
8115,economics,8116,4.76,1.4223,,2712.0,2344.0,,-2.8354550316596585
8116,else,8117,4.76,0.8935,484.0,885.0,1183.0,366.0,-2.8354550316596585
8117,ese,8118,4.76,1.0606,4955.0,,,2489.0,-2.8354550316596585
8118,essay,8119,4.76,1.6606,3170.0,3096.0,2662.0,,-2.8354550316596585
8119,gas,8120,4.76,1.6483,1461.0,1211.0,1194.0,1690.0,-2.8354550316596585
8120,gd,8121,4.76,0.8221,4395.0,,,,-2.8354550316596585
8121,governors,8122,4.76,1.546,,,3005.0,,-2.8354550316596585
8122,kobe,8123,4.76,1.7907,3650.0,,,,-2.8354550316596585
8123,lately,8124,4.76,1.6107,1752.0,,,1585.0,-2.8354550316596585
8124,les,8125,4.76,1.2048,1971.0,1908.0,,876.0,-2.8354550316596585
8125,management,8126,4.76,1.4365,1965.0,603.0,692.0,,-2.8354550316596585
8126,min,8127,4.76,0.744,1276.0,3653.0,,4234.0,-2.8354550316596585
8127,officials,8128,4.76,1.3637,4198.0,1999.0,180.0,,-2.8354550316596585
8128,ought,8129,4.76,1.2545,,1330.0,3174.0,2238.0,-2.8354550316596585
8129,oughta,8130,4.76,1.2867,,,,2877.0,-2.8354550316596585
8130,pieces,8131,4.76,1.2707,2874.0,1890.0,1869.0,1147.0,-2.8354550316596585
8131,pig,8132,4.76,2.105,2465.0,,,3171.0,-2.8354550316596585
8132,por,8133,4.76,1.0214,447.0,,,473.0,-2.8354550316596585
8133,pulled,8134,4.76,1.1528,2410.0,2935.0,2904.0,1331.0,-2.8354550316596585
8134,quand,8135,4.76,1.2867,,,,2562.0,-2.8354550316596585
8135,re-election,8136,4.76,1.6971,,,,,-2.8354550316596585
8136,repair,8137,4.76,1.8245,3818.0,3854.0,3663.0,,-2.8354550316596585
8137,report,8138,4.76,1.3334,1066.0,507.0,242.0,,-2.8354550316596585
8138,sa,8139,4.76,0.9161,1852.0,3938.0,,1321.0,-2.8354550316596585
8139,sans,8140,4.76,1.2048,,,,3228.0,-2.8354550316596585
8140,sho,8141,4.76,1.1528,,,,4035.0,-2.8354550316596585
8141,sinai,8142,4.76,1.1528,,,3364.0,,-2.8354550316596585
8142,somewhat,8143,4.76,1.3334,4733.0,1145.0,2939.0,,-2.8354550316596585
8143,spent,8144,4.76,1.546,941.0,1426.0,967.0,1068.0,-2.8354550316596585
8144,ta,8145,4.76,1.1704,1549.0,,,1092.0,-2.8354550316596585
8145,targets,8146,4.76,1.4786,,,4934.0,,-2.8354550316596585
8146,telerate,8147,4.76,1.2382,,,2852.0,,-2.8354550316596585
8147,tem,8148,4.76,0.9161,1759.0,,,,-2.8354550316596585
8148,th,8149,4.76,0.9161,1564.0,3661.0,,,-2.8354550316596585
8149,tha,8150,4.76,1.0412,883.0,,,661.0,-2.8354550316596585
8150,took,8151,4.76,1.0214,363.0,304.0,412.0,333.0,-2.8354550316596585
8151,trippin,8152,4.76,1.802,,,,2933.0,-2.8354550316596585
8152,tuh,8153,4.76,1.1877,4381.0,,,,-2.8354550316596585
8153,tupac,8154,4.76,1.7792,,,,4254.0,-2.8354550316596585
8154,weer,8155,4.76,0.9161,4065.0,,,2510.0,-2.8354550316596585
8155,weiss,8156,4.76,1.4078,,,3843.0,,-2.8354550316596585
8156,wenn,8157,4.76,1.0012,3264.0,,,1471.0,-2.8354550316596585
8157,whats,8158,4.76,0.9806,738.0,,,1499.0,-2.8354550316596585
8158,wore,8159,4.76,1.3637,3684.0,3982.0,4970.0,2488.0,-2.8354550316596585
8159,would've,8160,4.76,1.0012,,,,,-2.8354550316596585
8160,woulda,8161,4.76,1.2382,4954.0,,,4079.0,-2.8354550316596585
8161,xd,8162,4.76,1.135,424.0,,,,-2.8354550316596585
8162,af,8163,4.76,1.182,,,,4523.0,-2.8354550316596585
8163,coulda,8164,4.76,1.3774,,,,3560.0,-2.8354550316596585
8164,drift,8165,4.76,1.4795,,,,2363.0,-2.8354550316596585
8165,goed,8166,4.76,1.011,,,,3714.0,-2.8354550316596585
8166,ihr,8167,4.76,1.0514,,,,1920.0,-2.8354550316596585
8167,niente,8168,4.76,1.5617,,,,4324.0,-2.8354550316596585
8168,tek,8169,4.76,1.4073,,,,4417.0,-2.8354550316596585
8169,sword,8170,4.75,1.8552,,3565.0,,2165.0,-2.8815420303997152
8170,&amp;c,8171,4.74,1.0314,,3602.0,,,-2.927629029139772
8171,'em,8172,4.74,0.9858,,,,,-2.927629029139772
8172,@adamlambert,8173,4.74,2.0385,,,,,-2.927629029139772
8173,admit,8174,4.74,1.2747,2198.0,2896.0,,1716.0,-2.927629029139772
8174,alley,8175,4.74,1.192,4398.0,,,2815.0,-2.927629029139772
8175,authority,8176,4.74,1.5884,,668.0,935.0,,-2.927629029139772
8176,b-includes,8177,4.74,1.1747,,,,,-2.927629029139772
8177,colo,8178,4.74,1.3524,,,4457.0,,-2.927629029139772
8178,corner,8179,4.74,1.3524,1372.0,2201.0,2192.0,807.0,-2.927629029139772
8179,dag,8180,4.74,1.3219,,,,2983.0,-2.927629029139772
8180,dah,8181,4.74,1.2423,3973.0,,,2415.0,-2.927629029139772
8181,dealers,8182,4.74,1.4957,,,3049.0,,-2.927629029139772
8182,depending,8183,4.74,1.5493,,2956.0,,,-2.927629029139772
8183,dow,8184,4.74,1.1747,,,3085.0,,-2.927629029139772
8184,faz,8185,4.74,0.6642,4714.0,,,,-2.927629029139772
8185,fml,8186,4.74,1.2747,2222.0,,,,-2.927629029139772
8186,gona,8187,4.74,1.0844,4780.0,,,,-2.927629029139772
8187,had,8188,4.74,0.8762,77.0,30.0,36.0,115.0,-2.927629029139772
8188,heavily,8189,4.74,1.1214,,3489.0,3373.0,,-2.927629029139772
8189,hook,8190,4.74,1.1395,2879.0,,,835.0,-2.927629029139772
8190,imma,8191,4.74,1.1214,1131.0,,,3078.0,-2.927629029139772
8191,judgment,8192,4.74,1.8385,,1353.0,3443.0,,-2.927629029139772
8192,licht,8193,4.74,1.2747,,,,4249.0,-2.927629029139772
8193,load,8194,4.74,1.0654,2639.0,2067.0,,1778.0,-2.927629029139772
8194,long,8195,4.74,1.6637,191.0,129.0,132.0,124.0,-2.927629029139772
8195,mines,8196,4.74,1.5493,,4073.0,,4151.0,-2.927629029139772
8196,minha,8197,4.74,0.9858,2077.0,,,,-2.927629029139772
8197,muito,8198,4.74,0.9216,2425.0,,,,-2.927629029139772
8198,myspace,8199,4.74,1.8049,1442.0,,,,-2.927629029139772
8199,older,8200,4.74,1.7821,1983.0,1403.0,1781.0,1496.0,-2.927629029139772
8200,operate,8201,4.74,1.7001,,3035.0,3230.0,,-2.927629029139772
8201,otherwise,8202,4.74,0.8283,2432.0,1177.0,2320.0,,-2.927629029139772
8202,policy,8203,4.74,1.4401,3335.0,381.0,483.0,,-2.927629029139772
8203,pull,8204,4.74,1.1747,1651.0,3719.0,3403.0,553.0,-2.927629029139772
8204,quem,8205,4.74,1.2747,3362.0,,,,-2.927629029139772
8205,res,8206,4.74,1.0844,,4237.0,,,-2.927629029139772
8206,resist,8207,4.74,1.6011,4823.0,4304.0,,1866.0,-2.927629029139772
8207,saber,8208,4.74,1.6759,,,,3197.0,-2.927629029139772
8208,smaller,8209,4.74,1.482,4991.0,1474.0,2016.0,,-2.927629029139772
8209,smh,8210,4.74,0.7508,612.0,,,,-2.927629029139772
8210,than,8211,4.74,1.0461,143.0,59.0,65.0,150.0,-2.927629029139772
8211,trials,8212,4.74,1.7239,,3930.0,3826.0,,-2.927629029139772
8212,yu,8213,4.74,1.4682,826.0,,,4223.0,-2.927629029139772
8213,zijn,8214,4.74,0.6328,4618.0,,,1376.0,-2.927629029139772
8214,ci,8215,4.73,1.1863,,,,1993.0,-2.973716027879829
8215,cling,8216,4.73,1.4688,,,,3493.0,-2.973716027879829
8216,niemand,8217,4.73,1.1863,,,,3436.0,-2.973716027879829
8217,possessed,8218,4.73,1.9124,,2849.0,,,-2.973716027879829
8218,refrain,8219,4.73,1.6555,,,,2112.0,-2.973716027879829
8219,thangs,8220,4.73,1.5381,,,,2636.0,-2.973716027879829
8220,weg,8221,4.73,1.2209,,,,2264.0,-2.973716027879829
8221,bwoy,8222,4.73,1.5401,,,,4653.0,-2.973716027879829
8222,#tcot,8223,4.72,0.9697,,,,,-3.0198030266198908
8223,'i,8224,4.72,1.1959,,,,,-3.0198030266198908
8224,43d,8225,4.72,1.1613,,,,,-3.0198030266198908
8225,@johncmayer,8226,4.72,1.4003,,,,,-3.0198030266198908
8226,a3,8227,4.72,1.1256,,,,,-3.0198030266198908
8227,alien,8228,4.72,1.6293,3183.0,,,4583.0,-3.0198030266198908
8228,assume,8229,4.72,1.1787,4259.0,1742.0,4057.0,,-3.0198030266198908
8229,bent,8230,4.72,1.5654,,3880.0,,1748.0,-3.0198030266198908
8230,bestie,8231,4.72,1.5524,4598.0,,,,-3.0198030266198908
8231,citing,8232,4.72,1.4434,,,4396.0,,-3.0198030266198908
8232,claims,8233,4.72,1.4434,3368.0,1647.0,1833.0,,-3.0198030266198908
8233,condition,8234,4.72,1.3407,4093.0,635.0,1644.0,4771.0,-3.0198030266198908
8234,ct,8235,4.72,1.2784,4179.0,4724.0,1063.0,,-3.0198030266198908
8235,d,8236,4.72,0.9044,463.0,140.0,424.0,1174.0,-3.0198030266198908
8236,dealer,8237,4.72,1.7961,,,4202.0,,-3.0198030266198908
8237,depends,8238,4.72,0.8816,3000.0,1826.0,4587.0,4468.0,-3.0198030266198908
8238,e,8239,4.72,0.9044,304.0,327.0,319.0,384.0,-3.0198030266198908
8239,estas,8240,4.72,1.0309,,,,2306.0,-3.0198030266198908
8240,fits,8241,4.72,1.7847,,,,3677.0,-3.0198030266198908
8241,government's,8242,4.72,1.7266,,,,,-3.0198030266198908
8242,guessing,8243,4.72,1.6293,4808.0,,,,-3.0198030266198908
8243,huh,8244,4.72,1.3856,1214.0,,,605.0,-3.0198030266198908
8244,loca,8245,4.72,1.5391,,,,3964.0,-3.0198030266198908
8245,medical,8246,4.72,1.6041,2115.0,836.0,367.0,,-3.0198030266198908
8246,meh,8247,4.72,1.1256,2814.0,,,,-3.0198030266198908
8247,melhor,8248,4.72,1.3559,3755.0,,,,-3.0198030266198908
8248,offset,8249,4.72,1.1959,,,4407.0,,-3.0198030266198908
8249,period,8250,4.72,1.4291,2216.0,284.0,625.0,,-3.0198030266198908
8250,pulmonary,8251,4.72,1.3856,,3903.0,,,-3.0198030266198908
8251,redman,8252,4.72,1.4988,,,,4570.0,-3.0198030266198908
8252,repeatedly,8253,4.72,0.9485,,4893.0,3522.0,,-3.0198030266198908
8253,ses,8254,4.72,1.1959,,,,4949.0,-3.0198030266198908
8254,sum1,8255,4.72,1.5391,,,,,-3.0198030266198908
8255,surrounded,8256,4.72,1.5524,,3240.0,3963.0,3024.0,-3.0198030266198908
8256,tho,8257,4.72,1.2461,547.0,4306.0,,,-3.0198030266198908
8257,umm,8258,4.72,1.4988,2606.0,,,4894.0,-3.0198030266198908
8258,underneath,8259,4.72,1.2296,,,,1384.0,-3.0198030266198908
8259,vai,8260,4.72,0.8091,2017.0,,,3455.0,-3.0198030266198908
8260,wake,8261,4.72,1.6542,725.0,,3715.0,486.0,-3.0198030266198908
8261,wird,8262,4.72,1.1073,4817.0,,,2572.0,-3.0198030266198908
8262,wk,8263,4.72,0.9267,4872.0,,,,-3.0198030266198908
8263,wo,8264,4.72,1.2784,4755.0,,,871.0,-3.0198030266198908
8264,doesn,8265,4.71,1.2247,,2181.0,,,-3.0658900253599475
8265,ei,8266,4.71,0.8898,,,,4113.0,-3.0658900253599475
8266,induced,8267,4.71,1.6457,,2289.0,,,-3.0658900253599475
8267,interference,8268,4.71,1.7321,,4107.0,,,-3.0658900253599475
8268,komm,8269,4.71,1.118,,,,4707.0,-3.0658900253599475
8269,obligations,8270,4.71,1.6073,,3988.0,,,-3.0658900253599475
8270,perder,8271,4.71,1.2583,,,,4590.0,-3.0658900253599475
8271,pues,8272,4.71,1.5811,,,,3288.0,-3.0658900253599475
8272,tus,8273,4.71,1.3693,,,,1209.0,-3.0658900253599475
8273,voel,8274,4.71,1.1291,,,,4580.0,-3.0658900253599475
8274,boundaries,8275,4.7,1.5592,,3318.0,,,-3.111977024100004
8275,affairs,8276,4.7,1.594,,1152.0,1210.0,,-3.111977024100004
8276,almost,8277,4.7,1.0351,422.0,308.0,521.0,801.0,-3.111977024100004
8277,boi,8278,4.7,1.165,4522.0,,,4929.0,-3.111977024100004
8278,c,8279,4.7,0.8391,655.0,197.0,385.0,1345.0,-3.111977024100004
8279,chasing,8280,4.7,1.374,4896.0,,,2054.0,-3.111977024100004
8280,corporate,8281,4.7,1.5286,3425.0,2948.0,1032.0,,-3.111977024100004
8281,corps,8282,4.7,1.4463,,3336.0,2931.0,,-3.111977024100004
8282,cos,8283,4.7,0.7626,2065.0,,,810.0,-3.111977024100004
8283,crossed,8284,4.7,1.374,3177.0,3372.0,,2145.0,-3.111977024100004
8284,duty,8285,4.7,1.2657,3179.0,1096.0,3215.0,4663.0,-3.111977024100004
8285,except,8286,4.7,1.4033,1342.0,661.0,1881.0,1916.0,-3.111977024100004
8286,excessive,8287,4.7,1.7642,,3470.0,,,-3.111977024100004
8287,geef,8288,4.7,1.2164,,,,4320.0,-3.111977024100004
8288,gue,8289,4.7,0.9949,1796.0,,,,-3.111977024100004
8289,hella,8290,4.7,1.5551,1797.0,,,,-3.111977024100004
8290,hound,8291,4.7,1.5811,,,,4703.0,-3.111977024100004
8291,however,8292,4.7,0.9742,1981.0,120.0,574.0,4294.0,-3.111977024100004
8292,inc,8293,4.7,1.233,2479.0,2205.0,194.0,,-3.111977024100004
8293,isso,8294,4.7,1.0738,3174.0,,,,-3.111977024100004
8294,kno,8295,4.7,0.8631,783.0,,,4187.0,-3.111977024100004
8295,lawmakers,8296,4.7,1.4604,,,2946.0,,-3.111977024100004
8296,legislative,8297,4.7,1.5419,,3164.0,2704.0,,-3.111977024100004
8297,legislature,8298,4.7,1.5286,,3373.0,2036.0,,-3.111977024100004
8298,loc,8299,4.7,1.1112,,,,4967.0,-3.111977024100004
8299,los,8300,4.7,1.1824,723.0,2459.0,585.0,601.0,-3.111977024100004
8300,mau,8301,4.7,0.9313,2159.0,,,,-3.111977024100004
8301,maybe,8302,4.7,1.1112,288.0,2222.0,1127.0,255.0,-3.111977024100004
8302,mere,8303,4.7,1.3132,,1490.0,,,-3.111977024100004
8303,nail,8304,4.7,1.4321,3637.0,,,3635.0,-3.111977024100004
8304,neva,8305,4.7,0.9949,3050.0,,,3331.0,-3.111977024100004
8305,nichts,8306,4.7,1.1824,,,,3161.0,-3.111977024100004
8306,nuh,8307,4.7,1.3887,,,,1621.0,-3.111977024100004
8307,nya,8308,4.7,0.7354,3281.0,,,,-3.111977024100004
8308,payment,8309,4.7,2.0025,,2182.0,2990.0,,-3.111977024100004
8309,pullin,8310,4.7,1.4178,,,,4827.0,-3.111977024100004
8310,rocky,8311,4.7,1.7291,,,,4343.0,-3.111977024100004
8311,sd,8312,4.7,1.3132,4844.0,,,,-3.111977024100004
8312,senate,8313,4.7,1.4178,2396.0,2609.0,614.0,,-3.111977024100004
8313,ser,8314,4.7,1.0926,1898.0,,,1261.0,-3.111977024100004
8314,serbian,8315,4.7,1.3286,,,4468.0,,-3.111977024100004
8315,seriously,8316,4.7,1.5551,575.0,2843.0,2685.0,,-3.111977024100004
8316,slight,8317,4.7,1.0546,,2561.0,,,-3.111977024100004
8317,striking,8318,4.7,1.8763,,2747.0,3966.0,,-3.111977024100004
8318,tweeps,8319,4.7,1.6568,1899.0,,,,-3.111977024100004
8319,wrk,8320,4.7,1.5419,4940.0,,,,-3.111977024100004
8320,wth,8321,4.7,1.0546,3664.0,,,,-3.111977024100004
8321,yet,8322,4.7,0.789,327.0,199.0,453.0,555.0,-3.111977024100004
8322,frontin,8323,4.69,1.5573,,,,3687.0,-3.1580640228400614
8323,iets,8324,4.69,1.1218,,,,4743.0,-3.1580640228400614
8324,sind,8325,4.69,1.2617,,,,1900.0,-3.1580640228400614
8325,weh,8326,4.69,1.2111,,,,3401.0,-3.1580640228400614
8326,shakes,8327,4.69,1.8237,,,,4365.0,-3.1580640228400614
8327,uns,8328,4.69,1.1878,,,,1969.0,-3.1580640228400614
8328,zou,8329,4.69,1.4754,,,,3038.0,-3.1580640228400614
8329,pasar,8330,4.68,1.0856,,,,4832.0,-3.204151021580123
8330,ab,8331,4.68,1.3619,3216.0,4113.0,,,-3.204151021580123
8331,ba,8332,4.68,1.2848,3807.0,,,1032.0,-3.204151021580123
8332,bodies,8333,4.68,1.6218,,1440.0,3572.0,1445.0,-3.204151021580123
8333,borrowed,8334,4.68,1.4348,,,,4785.0,-3.204151021580123
8334,clinical,8335,4.68,1.3768,,1350.0,2901.0,,-3.204151021580123
8335,cross,8336,4.68,1.7076,1538.0,868.0,1759.0,748.0,-3.204151021580123
8336,curb,8337,4.68,1.2848,,,,4681.0,-3.204151021580123
8337,cuz,8338,4.68,1.7195,440.0,,,313.0,-3.204151021580123
8338,deputy,8339,4.68,1.3468,,4846.0,1349.0,,-3.204151021580123
8339,doen,8340,4.68,0.9781,,,,4226.0,-3.204151021580123
8340,dun,8341,4.68,1.3915,4306.0,,,3367.0,-3.204151021580123
8341,einen,8342,4.68,1.1147,4118.0,,,4431.0,-3.204151021580123
8342,gibt,8343,4.68,1.2362,,,,4510.0,-3.204151021580123
8343,har,8344,4.68,1.3768,4166.0,,,2865.0,-3.204151021580123
8344,how,8345,4.68,1.019,55.0,107.0,144.0,68.0,-3.204151021580123
8345,inevitable,8346,4.68,1.3619,,3731.0,,,-3.204151021580123
8346,institutions,8347,4.68,1.6835,,1191.0,2071.0,,-3.204151021580123
8347,islam,8348,4.68,2.325,,4514.0,,,-3.204151021580123
8348,knives,8349,4.68,2.0941,,,,4875.0,-3.204151021580123
8349,kono,8350,4.68,1.1507,,,,4782.0,-3.204151021580123
8350,nem,8351,4.68,1.0962,3445.0,,,4718.0,-3.204151021580123
8351,oldest,8352,4.68,1.6468,,,4553.0,,-3.204151021580123
8352,op,8353,4.68,0.7407,1410.0,2916.0,,1022.0,-3.204151021580123
8353,overcast,8354,4.68,1.6591,4352.0,,,,-3.204151021580123
8354,patient's,8355,4.68,1.5836,,4257.0,,,-3.204151021580123
8355,pq,8356,4.68,1.1683,4685.0,,,,-3.204151021580123
8356,qtr,8357,4.68,1.1683,,,2543.0,,-3.204151021580123
8357,rapper,8358,4.68,1.9737,4504.0,,,2630.0,-3.204151021580123
8358,requires,8359,4.68,1.019,,1407.0,2356.0,,-3.204151021580123
8359,ruling,8360,4.68,1.449,,4516.0,1520.0,,-3.204151021580123
8360,shady,8361,4.68,1.7076,,,,2124.0,-3.204151021580123
8361,sodium,8362,4.68,1.5043,,3254.0,,,-3.204151021580123
8362,spots,8363,4.68,1.4061,4453.0,,4940.0,3660.0,-3.204151021580123
8363,threw,8364,4.68,1.0583,2696.0,3673.0,3813.0,1516.0,-3.204151021580123
8364,uu,8365,4.68,1.2196,3923.0,,,,-3.204151021580123
8365,wereld,8366,4.68,1.1507,,,,4869.0,-3.204151021580123
8366,wht,8367,4.68,1.3005,3793.0,,,,-3.204151021580123
8367,wir,8368,4.68,1.3161,,,,1090.0,-3.204151021580123
8368,bg,8369,4.67,0.9217,,,,3563.0,-3.2502380203201797
8369,bump,8370,4.67,1.4199,,,,1543.0,-3.2502380203201797
8370,dein,8371,4.67,1.1436,,,,2442.0,-3.2502380203201797
8371,dependence,8372,4.67,1.962,,3509.0,,,-3.2502380203201797
8372,flesh,8373,4.67,1.5598,,2983.0,,1045.0,-3.2502380203201797
8373,hustle,8374,4.67,1.688,,,,2010.0,-3.2502380203201797
8374,immer,8375,4.67,1.0486,,,,2338.0,-3.2502380203201797
8375,nooit,8376,4.67,1.4774,,,,2697.0,-3.2502380203201797
8376,dicen,8377,4.67,1.1361,,,,4379.0,-3.2502380203201797
8377,tumble,8378,4.67,1.7023,,,,4665.0,-3.2502380203201797
8378,13th,8379,4.66,1.6856,,,,,-3.2963250190602364
8379,agora,8380,4.66,1.6113,2490.0,,,,-3.2963250190602364
8380,borrow,8381,4.66,1.5729,4792.0,,,3845.0,-3.2963250190602364
8381,drip,8382,4.66,1.394,,,,2770.0,-3.2963250190602364
8382,forms,8383,4.66,1.3342,,530.0,3035.0,,-3.2963250190602364
8383,freakin,8384,4.66,1.8584,2584.0,,,,-3.2963250190602364
8384,ga,8385,4.66,0.8715,1079.0,,3765.0,1210.0,-3.2963250190602364
8385,hole,8386,4.66,0.9607,2229.0,3069.0,3143.0,884.0,-3.2963250190602364
8386,if,8387,4.66,0.8947,43.0,43.0,57.0,37.0,-3.2963250190602364
8387,inquiry,8388,4.66,1.3793,,3153.0,2779.0,,-3.2963250190602364
8388,islamic,8389,4.66,1.5201,,,3104.0,,-3.2963250190602364
8389,iz,8390,4.66,1.1886,3259.0,,,,-3.2963250190602364
8390,minor,8391,4.66,1.2554,4297.0,2082.0,2175.0,,-3.2963250190602364
8391,nach,8392,4.66,1.2875,4207.0,,,2702.0,-3.2963250190602364
8392,nuttin,8393,4.66,1.3793,,,,2485.0,-3.2963250190602364
8393,odd,8394,4.66,1.6489,1387.0,4330.0,,,-3.2963250190602364
8394,pile,8395,4.66,0.8947,4848.0,,,3824.0,-3.2963250190602364
8395,punk,8396,4.66,1.5201,3147.0,,,1285.0,-3.2963250190602364
8396,quisiera,8397,4.66,1.4086,,,,3732.0,-3.2963250190602364
8397,ruff,8398,4.66,1.6239,,,,3223.0,-3.2963250190602364
8398,seu,8399,4.66,1.1537,3619.0,,,,-3.2963250190602364
8399,shorty,8400,4.66,1.4654,3628.0,,,1348.0,-3.2963250190602364
8400,strung,8401,4.66,1.3342,,,,4276.0,-3.2963250190602364
8401,ter,8402,4.66,0.9392,4057.0,,,,-3.2963250190602364
8402,theres,8403,4.66,1.239,1820.0,,,1369.0,-3.2963250190602364
8403,tua,8404,4.66,1.1359,,,,4367.0,-3.2963250190602364
8404,um,8405,4.66,0.9172,580.0,,,1198.0,-3.2963250190602364
8405,v,8406,4.66,1.3032,1109.0,358.0,1401.0,3095.0,-3.2963250190602364
8406,wanting,8407,4.66,1.4792,2184.0,4905.0,,1609.0,-3.2963250190602364
8407,yeltsin,8408,4.66,1.0616,,,4240.0,,-3.2963250190602364
8408,yur,8409,4.66,1.3342,3683.0,,,,-3.2963250190602364
8409,indirect,8410,4.65,1.3927,,4145.0,,,-3.3424120178002936
8410,rappin,8411,4.65,1.91,,,,3710.0,-3.3424120178002936
8411,raps,8412,4.65,1.7387,,,,3192.0,-3.3424120178002936
8412,stripped,8413,4.65,1.9317,,,,4538.0,-3.3424120178002936
8413,tire,8414,4.65,1.4938,,,,4992.0,-3.3424120178002936
8414,undone,8415,4.65,1.2341,,,,2380.0,-3.3424120178002936
8415,wolves,8416,4.65,2.2781,,,,3835.0,-3.3424120178002936
8416,mek,8417,4.65,0.8377,,,,2862.0,-3.3424120178002936
8417,#ff,8418,4.64,1.3667,,,,,-3.3884990165403552
8418,b3,8419,4.64,0.9848,,,,,-3.3884990165403552
8419,crazy,8420,4.64,2.2566,383.0,,4761.0,312.0,-3.3884990165403552
8420,dry,8421,4.64,1.2578,2000.0,1565.0,3464.0,908.0,-3.3884990165403552
8421,euch,8422,4.64,1.1911,,,,3599.0,-3.3884990165403552
8422,f,8423,4.64,1.4675,970.0,482.0,338.0,2430.0,-3.3884990165403552
8423,freak,8424,4.64,1.9247,2706.0,,,944.0,-3.3884990165403552
8424,freaky,8425,4.64,1.9458,,,,1958.0,-3.3884990165403552
8425,fucking,8426,4.64,2.926,448.0,,,620.0,-3.3884990165403552
8426,fuera,8427,4.64,1.1563,,,,4686.0,-3.3884990165403552
8427,ganz,8428,4.64,1.3211,,,,3554.0,-3.3884990165403552
8428,government,8429,4.64,1.6383,1675.0,157.0,161.0,2708.0,-3.3884990165403552
8429,heb,8430,4.64,0.9424,4317.0,,,1905.0,-3.3884990165403552
8430,hv,8431,4.64,1.1386,4147.0,,,,-3.3884990165403552
8431,ini,8432,4.64,1.1205,2469.0,,,,-3.3884990165403552
8432,kijk,8433,4.64,1.2578,,,,4783.0,-3.3884990165403552
8433,lbs,8434,4.64,1.1021,4389.0,,,,-3.3884990165403552
8434,left,8435,4.64,1.4394,360.0,205.0,292.0,183.0,-3.3884990165403552
8435,lust,8436,4.64,2.038,3998.0,,,1596.0,-3.3884990165403552
8436,muslim,8437,4.64,1.6995,,3734.0,3274.0,,-3.3884990165403552
8437,nj,8438,4.64,1.0835,3244.0,,229.0,,-3.3884990165403552
8438,po,8439,4.64,1.3056,4231.0,,3242.0,4273.0,-3.3884990165403552
8439,pretend,8440,4.64,1.2739,3680.0,,,936.0,-3.3884990165403552
8440,que,8441,4.64,1.3962,194.0,2340.0,,118.0,-3.3884990165403552
8441,slit,8442,4.64,1.5086,,,,4608.0,-3.3884990165403552
8442,soviet,8443,4.64,1.3365,,1173.0,669.0,,-3.3884990165403552
8443,un,8444,4.64,0.7217,540.0,1841.0,3819.0,267.0,-3.3884990165403552
8444,yer,8445,4.64,1.1205,4507.0,,,3001.0,-3.3884990165403552
8445,compton,8446,4.63,1.4244,,,,4051.0,-3.434586015280412
8446,fragments,8447,4.63,1.5505,,4081.0,,,-3.434586015280412
8447,geht,8448,4.63,1.318,,,,3405.0,-3.434586015280412
8448,stares,8449,4.63,1.4957,,,,4300.0,-3.434586015280412
8449,stiff,8450,4.63,1.6795,,,,4629.0,-3.434586015280412
8450,wasn,8451,4.63,1.2697,,1911.0,,,-3.434586015280412
8451,zij,8452,4.63,1.4676,,,,4616.0,-3.434586015280412
8452,#mm,8453,4.62,1.4553,,,,,-3.4806730140204687
8453,**municipal,8454,4.62,1.3536,,,,,-3.4806730140204687
8454,@joejonas,8455,4.62,1.427,,,,,-3.4806730140204687
8455,@nickjonas,8456,4.62,1.5635,,,,,-3.4806730140204687
8456,altijd,8457,4.62,1.3231,,,,3558.0,-3.4806730140204687
8457,bull,8458,4.62,1.3076,2349.0,3840.0,,3767.0,-3.4806730140204687
8458,bureau,8459,4.62,1.2919,,3060.0,1502.0,,-3.4806730140204687
8459,dick,8460,4.62,1.783,1510.0,,3171.0,713.0,-3.4806730140204687
8460,diet,8461,4.62,1.7248,1620.0,3018.0,,,-3.4806730140204687
8461,gasoline,8462,4.62,1.4553,,,3887.0,4189.0,-3.4806730140204687
8462,gov,8463,4.62,1.4968,3747.0,,1756.0,,-3.4806730140204687
8463,governments,8464,4.62,1.701,,2163.0,2615.0,,-3.4806730140204687
8464,gray,8465,4.62,1.3384,4307.0,2640.0,2598.0,1904.0,-3.4806730140204687
8465,holes,8466,4.62,0.9666,,4410.0,4300.0,2106.0,-3.4806730140204687
8466,holler,8467,4.62,1.427,,,,3255.0,-3.4806730140204687
8467,lease,8468,4.62,1.2599,,,3962.0,,-3.4806730140204687
8468,lebanon,8469,4.62,1.3536,,,3322.0,,-3.4806730140204687
8469,noone,8470,4.62,1.3981,,,,4700.0,-3.4806730140204687
8470,ol',8471,4.62,1.6022,,,,,-3.4806730140204687
8471,out,8472,4.62,1.0476,36.0,68.0,68.0,38.0,-3.4806730140204687
8472,palestinian,8473,4.62,1.6022,,,1850.0,,-3.4806730140204687
8473,past,8474,4.62,1.6022,704.0,484.0,464.0,465.0,-3.4806730140204687
8474,peasants,8475,4.62,1.6149,,4194.0,,,-3.4806730140204687
8475,pigs,8476,4.62,2.0293,,,,4215.0,-3.4806730140204687
8476,pressed,8477,4.62,1.3076,,3732.0,,4855.0,-3.4806730140204687
8477,serbs,8478,4.62,1.3686,,,4166.0,,-3.4806730140204687
8478,short-term,8479,4.62,1.3076,,,,,-3.4806730140204687
8479,wid,8480,4.62,1.0669,4820.0,,,3432.0,-3.4806730140204687
8480,year-ago,8481,4.62,1.4553,,,,,-3.4806730140204687
8481,atomic,8482,4.61,1.789,,4271.0,,,-3.526760012760526
8482,daze,8483,4.61,1.4407,,,,4370.0,-3.526760012760526
8483,feds,8484,4.61,2.1967,,,,3721.0,-3.526760012760526
8484,ib,8485,4.61,1.3967,,4677.0,,,-3.526760012760526
8485,jij,8486,4.61,1.1331,,,,1742.0,-3.526760012760526
8486,inspection,8487,4.61,1.5506,,4128.0,,,-3.526760012760526
8487,dit,8488,4.6,1.2839,,,,1790.0,-3.5728470115005875
8488,76th,8489,4.6,1.088,,,,,-3.5728470115005875
8489,bind,8490,4.6,1.7843,,,,4155.0,-3.5728470115005875
8490,bound,8491,4.6,1.3553,3416.0,1432.0,4393.0,1061.0,-3.5728470115005875
8491,bruh,8492,4.6,1.1952,4610.0,,,,-3.5728470115005875
8492,commercial,8493,4.6,1.6162,1537.0,1397.0,1072.0,,-3.5728470115005875
8493,dar,8494,4.6,1.2122,4680.0,,,3175.0,-3.5728470115005875
8494,differences,8495,4.6,1.3997,,913.0,3139.0,,-3.5728470115005875
8495,fiscal,8496,4.6,1.3553,,4856.0,1479.0,,-3.5728470115005875
8496,flames,8497,4.6,1.8736,,,,1458.0,-3.5728470115005875
8497,half,8498,4.6,1.0102,524.0,353.0,547.0,593.0,-3.5728470115005875
8498,ik,8499,4.6,0.9476,1297.0,,,331.0,-3.5728470115005875
8499,jg,8500,4.6,1.069,4304.0,,,,-3.5728470115005875
8500,later,8501,4.6,1.3553,477.0,239.0,352.0,929.0,-3.5728470115005875
8501,lemme,8502,4.6,1.1249,3875.0,,,2427.0,-3.5728470115005875
8502,li,8503,4.6,1.1606,4857.0,4241.0,819.0,3032.0,-3.5728470115005875
8503,little,8504,4.6,1.3401,178.0,133.0,266.0,104.0,-3.5728470115005875
8504,mal,8505,4.6,1.3702,1765.0,,,1570.0,-3.5728470115005875
8505,nme,8506,4.6,0.7825,4477.0,,,,-3.5728470115005875
8506,nunca,8507,4.6,1.0302,4773.0,,,1492.0,-3.5728470115005875
8507,obligation,8508,4.6,1.4142,,3694.0,4242.0,,-3.5728470115005875
8508,pretax,8509,4.6,1.4569,,,2570.0,,-3.5728470115005875
8509,q,8510,4.6,0.9689,706.0,2453.0,1983.0,3082.0,-3.5728470115005875
8510,recall,8511,4.6,2.2768,4770.0,3177.0,4105.0,1950.0,-3.5728470115005875
8511,sack,8512,4.6,1.4983,,,,2499.0,-3.5728470115005875
8512,shawty,8513,4.6,1.7496,,,,3202.0,-3.5728470115005875
8513,sticky,8514,4.6,1.3248,,,,3292.0,-3.5728470115005875
8514,tight,8515,4.6,1.2454,1936.0,4655.0,3595.0,511.0,-3.5728470115005875
8515,trigger,8516,4.6,1.9483,,,,2253.0,-3.5728470115005875
8516,under,8517,4.6,1.3093,558.0,113.0,171.0,396.0,-3.5728470115005875
8517,used,8518,4.6,1.4846,425.0,123.0,309.0,296.0,-3.5728470115005875
8518,vs,8519,4.6,0.833,621.0,3805.0,,,-3.5728470115005875
8519,was,8520,4.6,0.8081,27.0,12.0,14.0,39.0,-3.5728470115005875
8520,bark,8521,4.59,1.8475,,,,4245.0,-3.618934010240644
8521,disguise,8522,4.59,1.3832,,,,1766.0,-3.618934010240644
8522,gots,8523,4.59,1.4849,,,,2280.0,-3.618934010240644
8523,och,8524,4.59,1.0977,,,,3633.0,-3.618934010240644
8524,seldom,8525,4.59,1.5187,,3249.0,,,-3.618934010240644
8525,dir,8526,4.58,0.9416,,,,1395.0,-3.665021008980701
8526,tarde,8527,4.58,1.4267,,,,4373.0,-3.665021008980701
8527,@revrunwisdom,8528,4.58,1.3566,,,,,-3.665021008980701
8528,aan,8529,4.58,1.3415,3780.0,,,1628.0,-3.665021008980701
8529,als,8530,4.58,1.0897,2505.0,,,838.0,-3.665021008980701
8530,although,8531,4.58,1.3262,1494.0,237.0,542.0,1646.0,-3.665021008980701
8531,bgt,8532,4.58,1.2469,3580.0,,,,-3.665021008980701
8532,busy,8533,4.58,1.8305,674.0,3414.0,3909.0,1504.0,-3.665021008980701
8533,c-includes,8534,4.58,1.2792,,,,,-3.665021008980701
8534,cit,8535,4.58,1.2137,,4662.0,,,-3.665021008980701
8535,congressional,8536,4.58,1.7507,,,1611.0,,-3.665021008980701
8536,differ,8537,4.58,1.3415,,2971.0,,,-3.665021008980701
8537,emo,8538,4.58,1.3864,4603.0,,,,-3.665021008980701
8538,excuse,8539,4.58,1.5265,1328.0,4683.0,,1892.0,-3.665021008980701
8539,fighter,8540,4.58,1.6548,3961.0,,,,-3.665021008980701
8540,gtgt,8541,4.58,1.4441,2931.0,,,,-3.665021008980701
8541,gunna,8542,4.58,1.1968,2506.0,,,4178.0,-3.665021008980701
8542,hazy,8543,4.58,1.4859,,,,4839.0,-3.665021008980701
8543,hit,8544,4.58,1.808,218.0,2768.0,881.0,276.0,-3.665021008980701
8544,insisted,8545,4.58,1.3415,,3655.0,2919.0,,-3.665021008980701
8545,inspector,8546,4.58,1.3107,,,4477.0,,-3.665021008980701
8546,institution,8547,4.58,1.5791,,2021.0,2409.0,,-3.665021008980701
8547,jigga,8548,4.58,1.3716,,,,4870.0,-3.665021008980701
8548,jurors,8549,4.58,1.401,,,4308.0,,-3.665021008980701
8549,kom,8550,4.58,1.2137,,,,2806.0,-3.665021008980701
8550,lls,8551,4.58,1.4299,3884.0,,,,-3.665021008980701
8551,lock,8552,4.58,1.012,3205.0,,,1180.0,-3.665021008980701
8552,police,8553,4.58,1.8526,1009.0,1258.0,212.0,1354.0,-3.665021008980701
8553,radical,8554,4.58,1.6174,,2553.0,4717.0,,-3.665021008980701
8554,saudi,8555,4.58,1.4299,,,3179.0,,-3.665021008980701
8555,senator,8556,4.58,1.4299,,4492.0,612.0,,-3.665021008980701
8556,stops,8557,4.58,1.2137,3487.0,,4424.0,2035.0,-3.665021008980701
8557,whatever,8558,4.58,0.9916,1091.0,943.0,1668.0,606.0,-3.665021008980701
8558,durch,8559,4.57,1.472,,,,3692.0,-3.711108007720758
8559,unreal,8560,4.57,1.6708,,,,4606.0,-3.711108007720758
8560,zal,8561,4.57,1.1902,,,,3360.0,-3.711108007720758
8561,dose,8562,4.56,1.5004,,3020.0,,,-3.7571950064608197
8562,uit,8563,4.56,1.3824,,,,2589.0,-3.7571950064608197
8563,#idothat2,8564,4.56,1.6922,,,,,-3.7571950064608197
8564,-p,8565,4.56,1.2149,,,,,-3.7571950064608197
8565,@jordanknight,8566,4.56,1.3118,,,,,-3.7571950064608197
8566,ads,8567,4.56,1.8424,1848.0,,3357.0,,-3.7571950064608197
8567,anymore,8568,4.56,1.1634,862.0,,4890.0,531.0,-3.7571950064608197
8568,auf,8569,4.56,1.1457,1760.0,,,1149.0,-3.7571950064608197
8569,blade,8570,4.56,1.6183,,,,2723.0,-3.7571950064608197
8570,blues,8571,4.56,1.9811,2772.0,,3400.0,768.0,-3.7571950064608197
8571,bout,8572,4.56,1.3273,410.0,,,566.0,-3.7571950064608197
8572,boxing,8573,4.56,1.8534,4456.0,,1889.0,,-3.7571950064608197
8573,broker,8574,4.56,1.567,,,4053.0,,-3.7571950064608197
8574,bust,8575,4.56,1.6433,3994.0,,,806.0,-3.7571950064608197
8575,crunk,8576,4.56,1.728,,,,2960.0,-3.7571950064608197
8576,gon,8577,4.56,1.198,1858.0,,,1093.0,-3.7571950064608197
8577,grey,8578,4.56,1.6433,2959.0,3632.0,,1385.0,-3.7571950064608197
8578,hoe,8579,4.56,1.198,2667.0,,,925.0,-3.7571950064608197
8579,kuwait,8580,4.56,1.6801,,,4672.0,,-3.7571950064608197
8580,merely,8581,4.56,1.1457,,914.0,3328.0,,-3.7571950064608197
8581,outta,8582,4.56,1.1278,1338.0,,,818.0,-3.7571950064608197
8582,queda,8583,4.56,1.1457,,,,4111.0,-3.7571950064608197
8583,seh,8584,4.56,1.5005,,,,2785.0,-3.7571950064608197
8584,stoned,8585,4.56,2.2054,,,,3112.0,-3.7571950064608197
8585,w/o,8586,4.56,1.2961,,,,,-3.7571950064608197
8586,yg,8587,4.56,1.0529,1394.0,,,,-3.7571950064608197
8587,separately,8588,4.55,1.5147,,4783.0,,,-3.8032820052008764
8588,uhh,8589,4.55,1.2427,,,,1190.0,-3.8032820052008764
8589,gaat,8590,4.55,1.2912,,,,3189.0,-3.8032820052008764
8590,appendix,8591,4.54,1.237,,2739.0,,,-3.849369003940933
8591,#epicpetwars,8592,4.54,1.1988,,,,,-3.849369003940933
8592,#formspringme,8593,4.54,1.2324,,,,,-3.849369003940933
8593,#shoutout,8594,4.54,1.7168,,,,,-3.849369003940933
8594,arbitrary,8595,4.54,1.5012,,4425.0,,,-3.849369003940933
8595,axe,8596,4.54,1.8649,,,,4399.0,-3.849369003940933
8596,beneath,8597,4.54,1.1287,,2433.0,4768.0,1099.0,-3.849369003940933
8597,bit,8598,4.54,1.1287,382.0,1663.0,1399.0,558.0,-3.849369003940933
8598,blocks,8599,4.54,1.4172,,3692.0,3767.0,2717.0,-3.849369003940933
8599,bom,8600,4.54,1.4598,2411.0,,,3667.0,-3.849369003940933
8600,caused,8601,4.54,0.9082,3977.0,1082.0,1753.0,3283.0,-3.849369003940933
8601,command,8602,4.54,1.5806,,1136.0,3431.0,2541.0,-3.849369003940933
8602,conn,8603,4.54,1.4316,,,811.0,,-3.849369003940933
8603,conservative,8604,4.54,1.9505,,2940.0,1853.0,,-3.849369003940933
8604,depois,8605,4.54,1.3433,4272.0,,,,-3.849369003940933
8605,eh,8606,4.54,1.1988,1167.0,,,1907.0,-3.849369003940933
8606,er,8607,4.54,1.1104,1414.0,3374.0,,778.0,-3.849369003940933
8607,gah,8608,4.54,1.3734,3571.0,,,,-3.849369003940933
8608,gut,8609,4.54,1.073,4010.0,,,2807.0,-3.849369003940933
8609,hw,8610,4.54,1.1817,3110.0,,,,-3.849369003940933
8610,ima,8611,4.54,1.2324,926.0,,,2216.0,-3.849369003940933
8611,institutional,8612,4.54,1.94,,3516.0,4270.0,,-3.849369003940933
8612,iv,8613,4.54,1.6686,4064.0,1179.0,,,-3.849369003940933
8613,ludacris,8614,4.54,1.7521,,,,4183.0,-3.849369003940933
8614,narrow,8615,4.54,0.9941,,1931.0,4246.0,4311.0,-3.849369003940933
8615,oder,8616,4.54,1.2651,4513.0,,,3524.0,-3.849369003940933
8616,pending,8617,4.54,1.2651,,,3288.0,,-3.849369003940933
8617,pirate,8618,4.54,2.2058,4343.0,,,,-3.849369003940933
8618,prolly,8619,4.54,1.1988,2914.0,,,,-3.849369003940933
8619,regulation,8620,4.54,1.4598,,2428.0,4022.0,,-3.849369003940933
8620,rs,8621,4.54,1.4737,4099.0,3704.0,,,-3.849369003940933
8621,senators,8622,4.54,1.7286,,,3032.0,,-3.849369003940933
8622,sheesh,8623,4.54,1.5147,4626.0,,,,-3.849369003940933
8623,terms,8624,4.54,1.0539,4213.0,398.0,959.0,,-3.849369003940933
8624,twisting,8625,4.54,1.4028,,,,4087.0,-3.849369003940933
8625,urged,8626,4.54,1.2969,,3804.0,2860.0,,-3.849369003940933
8626,chains,8627,4.53,1.769,,4951.0,,1325.0,-3.8954560026809903
8627,chloride,8628,4.53,1.5425,,4995.0,,,-3.8954560026809903
8628,waits,8629,4.53,1.2433,,,,2289.0,-3.8954560026809903
8629,6am,8630,4.52,1.6689,,,,,-3.941543001421052
8630,blew,8631,4.52,1.4741,4251.0,,,1794.0,-3.941543001421052
8631,clique,8632,4.52,1.9085,,,,3336.0,-3.941543001421052
8632,crucial,8633,4.52,1.5418,,3533.0,3218.0,,-3.941543001421052
8633,dependent,8634,4.52,1.6066,,1730.0,,,-3.941543001421052
8634,former,8635,4.52,1.432,1845.0,758.0,151.0,,-3.941543001421052
8635,gak,8636,4.52,1.3285,3646.0,,,,-3.941543001421052
8636,hadn,8637,4.52,1.1471,,3984.0,,,-3.941543001421052
8637,investigations,8638,4.52,1.2974,,4161.0,4161.0,,-3.941543001421052
8638,leave,8639,4.52,1.3285,457.0,699.0,916.0,162.0,-3.941543001421052
8639,muss,8640,4.52,1.0736,4859.0,,,,-3.941543001421052
8640,omfg,8641,4.52,2.0726,3150.0,,,,-3.941543001421052
8641,previously,8642,4.52,1.3285,,1658.0,1460.0,,-3.941543001421052
8642,rule,8643,4.52,1.5285,2180.0,660.0,1518.0,1126.0,-3.941543001421052
8643,shud,8644,4.52,1.1993,4254.0,,,,-3.941543001421052
8644,small,8645,4.52,1.3589,658.0,178.0,441.0,785.0,-3.941543001421052
8645,und,8646,4.52,1.1471,953.0,1771.0,,428.0,-3.941543001421052
8646,utterly,8647,4.52,1.7052,,4821.0,,,-3.941543001421052
8647,weight,8648,4.52,1.555,1166.0,906.0,2959.0,1296.0,-3.941543001421052
8648,cocked,8649,4.51,1.6971,,,,4661.0,-3.9876300001611087
8649,daar,8650,4.51,1.3559,,,,3179.0,-3.9876300001611087
8650,pill,8651,4.51,1.6473,,,,3102.0,-3.9876300001611087
8651,@iamdiddy,8652,4.5,1.8979,,,,,-4.033716998901165
8652,ages,8653,4.5,1.4604,2652.0,2043.0,3408.0,3456.0,-4.033716998901165
8653,arab,8654,4.5,1.594,,3317.0,2540.0,,-4.033716998901165
8654,corporations,8655,4.5,1.6194,,4046.0,3851.0,,-4.033716998901165
8655,disposed,8656,4.5,1.7291,,4709.0,,,-4.033716998901165
8656,distance,8657,4.5,1.3132,4115.0,845.0,3467.0,1323.0,-4.033716998901165
8657,dong,8658,4.5,1.3887,4168.0,,,3959.0,-4.033716998901165
8658,few,8659,4.5,0.8864,361.0,193.0,335.0,804.0,-4.033716998901165
8659,govt,8660,4.5,1.8654,4197.0,,,,-4.033716998901165
8660,nah,8661,4.5,1.1294,1396.0,,,1017.0,-4.033716998901165
8661,outst,8662,4.5,1.1473,,,4573.0,,-4.033716998901165
8662,palestinians,8663,4.5,1.1995,,,2620.0,,-4.033716998901165
8663,prob,8664,4.5,1.1112,2383.0,,,,-4.033716998901165
8664,randomly,8665,4.5,1.1294,4512.0,,,,-4.033716998901165
8665,regulatory,8666,4.5,1.488,,,3987.0,,-4.033716998901165
8666,reverse,8667,4.5,1.1112,,3696.0,4763.0,4624.0,-4.033716998901165
8667,sangre,8668,4.5,1.233,,,,4941.0,-4.033716998901165
8668,temporary,8669,4.5,1.3439,,2946.0,3528.0,,-4.033716998901165
8669,goo,8670,4.49,1.5859,,,,4389.0,-4.079803997641223
8670,couldn,8671,4.49,1.7335,,1986.0,,,-4.079803997641223
8671,army,8672,4.48,2.0126,1529.0,593.0,795.0,2296.0,-4.12589099638128
8672,blow,8673,4.48,1.7407,1811.0,3411.0,4395.0,495.0,-4.12589099638128
8673,bs,8674,4.48,1.3285,2886.0,,,,-4.12589099638128
8674,despite,8675,4.48,1.3438,2109.0,1307.0,933.0,3738.0,-4.12589099638128
8675,dunno,8676,4.48,1.2974,2353.0,,,,-4.12589099638128
8676,elections,8677,4.48,1.5285,,3347.0,1487.0,,-4.12589099638128
8677,essays,8678,4.48,1.787,,3421.0,4889.0,,-4.12589099638128
8678,grabbed,8679,4.48,1.7052,,,,3123.0,-4.12589099638128
8679,heck,8680,4.48,1.3886,2603.0,,,,-4.12589099638128
8680,hidden,8681,4.48,1.432,4108.0,3094.0,4714.0,1934.0,-4.12589099638128
8681,issue,8682,4.48,1.4032,1607.0,812.0,470.0,,-4.12589099638128
8682,lehman,8683,4.48,1.313,,,3376.0,,-4.12589099638128
8683,ms,8684,4.48,1.555,1913.0,2694.0,107.0,4498.0,-4.12589099638128
8684,negroes,8685,4.48,2.0428,,4626.0,,,-4.12589099638128
8685,nuthin,8686,4.48,1.4741,,,,4990.0,-4.12589099638128
8686,snoop,8687,4.48,1.7984,,,,1511.0,-4.12589099638128
8687,y,8688,4.48,1.1648,298.0,1016.0,2053.0,165.0,-4.12589099638128
8688,ashes,8689,4.47,1.959,,,,1802.0,-4.171977995121341
8689,commanded,8690,4.47,1.5956,,4406.0,,,-4.171977995121341
8690,nerves,8691,4.47,1.6968,,4371.0,,3938.0,-4.171977995121341
8691,spill,8692,4.47,1.6845,,,,3094.0,-4.171977995121341
8692,craving,8693,4.46,1.4598,3192.0,,,,-4.218064993861398
8693,crowds,8694,4.46,1.8975,,,,4403.0,-4.218064993861398
8694,gats,8695,4.46,1.6686,,,,3481.0,-4.218064993861398
8695,hammer,8696,4.46,1.5414,3152.0,,,2167.0,-4.218064993861398
8696,isn't,8697,4.46,1.073,,,,,-4.218064993861398
8697,kicks,8698,4.46,1.5677,3770.0,,,2573.0,-4.218064993861398
8698,lecture,8699,4.46,1.4316,4988.0,4470.0,,,-4.218064993861398
8699,neither,8700,4.46,1.2811,3036.0,811.0,1695.0,3074.0,-4.218064993861398
8700,ol,8701,4.46,1.3433,3505.0,,,4902.0,-4.218064993861398
8701,plastic,8702,4.46,1.2811,2620.0,4000.0,3193.0,2078.0,-4.218064993861398
8702,politics,8703,4.46,1.7637,2753.0,1033.0,977.0,4360.0,-4.218064993861398
8703,required,8704,4.46,1.3734,3768.0,490.0,1394.0,,-4.218064993861398
8704,rigid,8705,4.46,1.6062,,4578.0,,,-4.218064993861398
8705,rumble,8706,4.46,1.6563,,,,4991.0,-4.218064993861398
8706,scarcely,8707,4.46,1.4028,,2688.0,,,-4.218064993861398
8707,short,8708,4.46,1.1466,759.0,425.0,747.0,1052.0,-4.218064993861398
8708,shorter,8709,4.46,1.1643,,4810.0,,,-4.218064993861398
8709,shy,8710,4.46,1.7404,3315.0,,,1762.0,-4.218064993861398
8710,skool,8711,4.46,1.7867,3087.0,,,,-4.218064993861398
8711,thrown,8712,4.46,1.1643,4816.0,2939.0,4715.0,2322.0,-4.218064993861398
8712,tossed,8713,4.46,1.4875,,,,4144.0,-4.218064993861398
8713,tricky,8714,4.46,1.5806,,,,4644.0,-4.218064993861398
8714,compelled,8715,4.45,1.2758,,3772.0,,,-4.264151992601455
8715,infantry,8716,4.45,2.0823,,4857.0,,,-4.264151992601455
8716,auch,8717,4.44,1.1457,2049.0,,,2265.0,-4.310238991341512
8717,bail,8718,4.44,1.7162,,,4820.0,3476.0,-4.310238991341512
8718,blank,8719,4.44,0.8369,4989.0,,,3771.0,-4.310238991341512
8719,bottom,8720,4.44,1.3273,2258.0,1641.0,2369.0,1250.0,-4.310238991341512
8720,busta,8721,4.44,1.3874,,,,1641.0,-4.310238991341512
8721,cop,8722,4.44,1.6922,3145.0,,,1558.0,-4.310238991341512
8722,correction,8723,4.44,1.3118,,,2995.0,,-4.310238991341512
8723,court's,8724,4.44,1.3273,,,,,-4.310238991341512
8724,errands,8725,4.44,1.5407,4527.0,,,,-4.310238991341512
8725,ew,8726,4.44,1.1095,3686.0,,,,-4.310238991341512
8726,gay,8727,4.44,2.1774,944.0,3610.0,1874.0,2273.0,-4.310238991341512
8727,gaza,8728,4.44,1.3874,4822.0,,4076.0,,-4.310238991341512
8728,harder,8729,4.44,1.473,2587.0,,3478.0,1143.0,-4.310238991341512
8729,haze,8730,4.44,1.5539,,,,2814.0,-4.310238991341512
8730,liable,8731,4.44,1.7398,,3922.0,,,-4.310238991341512
8731,push,8732,4.44,1.473,2100.0,4394.0,2695.0,733.0,-4.310238991341512
8732,rag,8733,4.44,1.2643,,,,3730.0,-4.310238991341512
8733,require,8734,4.44,1.3118,,1273.0,1652.0,,-4.310238991341512
8734,tank,8735,4.44,1.6056,2249.0,4796.0,4829.0,3137.0,-4.310238991341512
8735,triste,8736,4.44,1.5928,,,,4285.0,-4.310238991341512
8736,unusual,8737,4.44,1.4868,,2987.0,2281.0,,-4.310238991341512
8737,wat,8738,4.44,1.3118,665.0,,,1040.0,-4.310238991341512
8738,weed,8739,4.44,2.1011,3544.0,,,1077.0,-4.310238991341512
8739,glocks,8740,4.44,1.5697,,,,4679.0,-4.310238991341512
8740,longing,8741,4.43,1.6956,,,,2177.0,-4.356325990081573
8741,removal,8742,4.43,1.472,,2860.0,,,-4.356325990081573
8742,-d,8743,4.42,1.1265,,,,,-4.40241298882163
8743,behind,8744,4.42,1.2137,773.0,648.0,720.0,328.0,-4.40241298882163
8744,below,8745,4.42,1.2137,3080.0,649.0,1865.0,1196.0,-4.40241298882163
8745,boa,8746,4.42,1.7623,4114.0,,,,-4.40241298882163
8746,breaks,8747,4.42,1.8305,2745.0,,4779.0,1487.0,-4.40241298882163
8747,commercials,8748,4.42,1.8745,3106.0,,4634.0,,-4.40241298882163
8748,constraints,8749,4.42,1.5919,,4442.0,,,-4.40241298882163
8749,controlling,8750,4.42,2.0513,,4504.0,,,-4.40241298882163
8750,dum,8751,4.42,1.5265,,,,2070.0,-4.40241298882163
8751,emotional,8752,4.42,1.7623,3550.0,2155.0,2861.0,3766.0,-4.40241298882163
8752,hides,8753,4.42,1.1082,,,,3612.0,-4.40241298882163
8753,knocked,8754,4.42,1.1082,4071.0,,,2268.0,-4.40241298882163
8754,na,8755,4.42,0.9278,594.0,3919.0,,288.0,-4.40241298882163
8755,nada,8756,4.42,1.1265,2032.0,,,1336.0,-4.40241298882163
8756,niet,8757,4.42,1.3864,2589.0,,,780.0,-4.40241298882163
8757,notwithstanding,8758,4.42,1.4441,,4277.0,,,-4.40241298882163
8758,recalled,8759,4.42,1.7154,,4611.0,2127.0,,-4.40241298882163
8759,regulations,8760,4.42,1.295,,2599.0,2148.0,,-4.40241298882163
8760,remains,8761,4.42,1.4441,4377.0,1038.0,1019.0,1798.0,-4.40241298882163
8761,republican,8762,4.42,1.9176,4226.0,3045.0,507.0,,-4.40241298882163
8762,sem,8763,4.42,1.2304,3478.0,,,,-4.40241298882163
8763,serious,8764,4.42,1.4581,561.0,1047.0,1045.0,1903.0,-4.40241298882163
8764,stumble,8765,4.42,1.5791,,,,2980.0,-4.40241298882163
8765,treatment,8766,4.42,1.5398,3449.0,477.0,1354.0,,-4.40241298882163
8766,vietnam,8767,4.42,1.9804,,4545.0,2451.0,,-4.40241298882163
8767,regime,8768,4.42,1.7964,,2897.0,,,-4.40241298882163
8768,#retweetthisif,8769,4.4,1.4428,,,,,-4.494586986301744
8769,beats,8770,4.4,1.9272,2047.0,,,1159.0,-4.494586986301744
8770,brokers,8771,4.4,1.2936,,,4929.0,,-4.494586986301744
8771,controlled,8772,4.4,1.7613,,2022.0,3645.0,,-4.494586986301744
8772,cus,8773,4.4,1.3997,3804.0,,,,-4.494586986301744
8773,desert,8774,4.4,1.8295,4516.0,3371.0,4871.0,1550.0,-4.494586986301744
8774,detroit,8775,4.4,1.3553,2671.0,,1971.0,4125.0,-4.494586986301744
8775,fuk,8776,4.4,1.7728,4360.0,,,,-4.494586986301744
8776,glock,8777,4.4,1.8406,,,,2214.0,-4.494586986301744
8777,hearings,8778,4.4,1.6537,,,2749.0,,-4.494586986301744
8778,lobbying,8779,4.4,1.5908,,,4602.0,,-4.494586986301744
8779,morir,8780,4.4,1.4142,,,,4337.0,-4.494586986301744
8780,muero,8781,4.4,1.4142,,,,4933.0,-4.494586986301744
8781,nicht,8782,4.4,1.1952,1597.0,,,782.0,-4.494586986301744
8782,opposite,8783,4.4,1.4142,4308.0,1529.0,4624.0,,-4.494586986301744
8783,shyt,8784,4.4,1.4286,2633.0,,,,-4.494586986301744
8784,tied,8785,4.4,1.3553,4482.0,3791.0,2536.0,1523.0,-4.494586986301744
8785,wouldn,8786,4.4,1.4428,,2623.0,,,-4.494586986301744
8786,dich,8787,4.4,1.1059,,,,1110.0,-4.494586986301744
8787,#haiti,8788,4.38,1.9784,,,,,-4.586760983781862
8788,3am,8789,4.38,1.2271,,,,,-4.586760983781862
8789,authorities,8790,4.38,1.1586,,1766.0,1431.0,,-4.586760983781862
8790,chills,8791,4.38,1.76,,,,4489.0,-4.586760983781862
8791,competitors,8792,4.38,1.5635,,,4742.0,,-4.586760983781862
8792,economy,8793,4.38,1.6646,1824.0,1045.0,788.0,,-4.586760983781862
8793,effing,8794,4.38,1.3981,4874.0,,,,-4.586760983781862
8794,far,8795,4.38,1.817,442.0,211.0,388.0,234.0,-4.586760983781862
8795,frozen,8796,4.38,1.5372,2830.0,,,1935.0,-4.586760983781862
8796,mortality,8797,4.38,2.5546,,3960.0,,,-4.586760983781862
8797,plaintiff,8798,4.38,1.3981,,4701.0,,,-4.586760983781862
8798,prices,8799,4.38,1.6022,1897.0,1477.0,652.0,,-4.586760983781862
8799,rarely,8800,4.38,1.3686,,2477.0,3609.0,,-4.586760983781862
8800,rebel,8801,4.38,1.6022,,,4825.0,2346.0,-4.586760983781862
8801,resistance,8802,4.38,1.6274,,1217.0,4288.0,4545.0,-4.586760983781862
8802,slips,8803,4.38,1.4693,,,,3426.0,-4.586760983781862
8803,tangled,8804,4.38,1.6022,,,,3864.0,-4.586760983781862
8804,acids,8805,4.38,1.9529,,3453.0,,,-4.586760983781862
8805,naive,8806,4.37,1.9006,,,,4969.0,-4.63284798252192
8806,querer,8807,4.37,1.4676,,,,3841.0,-4.63284798252192
8807,shack,8808,4.36,1.4054,,,,4271.0,-4.6789349812619765
8808,@jonasbrothers,8809,4.36,1.7468,,,,,-4.6789349812619765
8809,billings,8810,4.36,1.3667,,,4515.0,,-4.6789349812619765
8810,consequence,8811,4.36,1.3211,,1827.0,,,-4.6789349812619765
8811,custody,8812,4.36,1.6995,,,4663.0,,-4.6789349812619765
8812,dang,8813,4.36,1.4251,1964.0,,,4935.0,-4.6789349812619765
8813,divided,8814,4.36,1.2739,,1522.0,3950.0,4202.0,-4.6789349812619765
8814,division,8815,4.36,1.2898,,1087.0,689.0,,-4.6789349812619765
8815,duh,8816,4.36,1.2415,3385.0,,,4733.0,-4.6789349812619765
8816,end,8817,4.36,1.7351,356.0,198.0,254.0,196.0,-4.6789349812619765
8817,grease,8818,4.36,1.3365,,,,4884.0,-4.6789349812619765
8818,hide,8819,4.36,1.4107,1708.0,4585.0,,410.0,-4.6789349812619765
8819,irregular,8820,4.36,1.5221,,4828.0,,,-4.6789349812619765
8820,juvenile,8821,4.36,1.8818,,,,4108.0,-4.6789349812619765
8821,morn,8822,4.36,1.6258,4746.0,,,4917.0,-4.6789349812619765
8822,needle,8823,4.36,1.8268,,,,2758.0,-4.6789349812619765
8823,operations,8824,4.36,1.77,,1277.0,406.0,,-4.6789349812619765
8824,pulling,8825,4.36,1.3962,3788.0,,,2293.0,-4.6789349812619765
8825,reducing,8826,4.36,1.4813,,3522.0,3712.0,,-4.6789349812619765
8826,sharply,8827,4.36,1.6383,,,3007.0,,-4.6789349812619765
8827,strange,8828,4.36,1.7468,1682.0,1654.0,3901.0,708.0,-4.6789349812619765
8828,tease,8829,4.36,2.0875,4439.0,,,2648.0,-4.6789349812619765
8829,burnin,8830,4.35,1.7319,,,,4742.0,-4.725021980002038
8830,strictly,8831,4.35,1.7625,,3559.0,,4041.0,-4.725021980002038
8831,storms,8832,4.34,1.9812,,,,3604.0,-4.771108978742094
8832,adios,8833,4.34,1.7215,,,,4684.0,-4.771108978742094
8833,arent,8834,4.34,1.1359,4372.0,,,,-4.771108978742094
8834,blown,8835,4.34,1.394,4459.0,,,2021.0,-4.771108978742094
8835,burst,8836,4.34,1.996,,4547.0,,3075.0,-4.771108978742094
8836,congress,8837,4.34,1.7567,3199.0,891.0,468.0,,-4.771108978742094
8837,ditch,8838,4.34,1.5467,,,,4667.0,-4.771108978742094
8838,droppin,8839,4.34,1.3644,,,,4542.0,-4.771108978742094
8839,faded,8840,4.34,1.3188,,,,2243.0,-4.771108978742094
8840,hiding,8841,4.34,1.2875,3846.0,,,1512.0,-4.771108978742094
8841,ho,8842,4.34,1.9337,2122.0,,,703.0,-4.771108978742094
8842,hurry,8843,4.34,1.5201,2370.0,,,1300.0,-4.771108978742094
8843,icy,8844,4.34,1.8473,,,,4695.0,-4.771108978742094
8844,loud,8845,4.34,1.8802,1523.0,4165.0,,789.0,-4.771108978742094
8845,replaced,8846,4.34,1.493,,2678.0,2646.0,4654.0,-4.771108978742094
8846,ripping,8847,4.34,1.6113,,,,4811.0,-4.771108978742094
8847,shook,8848,4.34,1.423,,3871.0,,2350.0,-4.771108978742094
8848,vampire,8849,4.34,2.1152,1408.0,,,,-4.771108978742094
8849,hesitate,8850,4.33,1.2481,,,,2839.0,-4.817195977482152
8850,cease,8851,4.32,1.3768,,4974.0,,3429.0,-4.863282976222209
8851,communist,8852,4.32,1.7431,,2335.0,2539.0,,-4.863282976222209
8852,eff,8853,4.32,1.5706,4782.0,,,,-4.863282976222209
8853,fbi,8854,4.32,1.4061,,,2944.0,,-4.863282976222209
8854,gop,8855,4.32,1.2196,3357.0,,,,-4.863282976222209
8855,howling,8856,4.32,1.8344,,,,4575.0,-4.863282976222209
8856,hunt,8857,4.32,1.984,3267.0,4799.0,3437.0,3477.0,-4.863282976222209
8857,reduced,8858,4.32,1.5836,,1169.0,1929.0,,-4.863282976222209
8858,scattered,8859,4.32,1.3468,,3575.0,,3937.0,-4.863282976222209
8859,separate,8860,4.32,1.5576,,1110.0,1814.0,2767.0,-4.863282976222209
8860,slowly,8861,4.32,1.4348,1837.0,1685.0,3751.0,896.0,-4.863282976222209
8861,surgical,8862,4.32,2.0448,,3970.0,,,-4.863282976222209
8862,tripping,8863,4.32,1.8674,,,,4065.0,-4.863282976222209
8863,waited,8864,4.32,1.6092,,3836.0,,1509.0,-4.863282976222209
8864,yikes,8865,4.32,1.6343,3654.0,,,,-4.863282976222209
8865,bias,8866,4.31,1.7278,,4838.0,,,-4.90936997496227
8866,blunt,8867,4.31,1.5181,,,,2419.0,-4.90936997496227
8867,shaking,8868,4.31,1.7523,,,,1962.0,-4.90936997496227
8868,din,8869,4.31,1.3261,,,,3814.0,-4.90936997496227
8869,smack,8870,4.31,2.0021,,,,2633.0,-4.90936997496227
8870,affected,8871,4.3,1.3887,,1594.0,2561.0,,-4.955456973702327
8871,brokerage,8872,4.3,1.8323,,,3845.0,,-4.955456973702327
8872,drop,8873,4.3,1.1995,1067.0,2409.0,1906.0,510.0,-4.955456973702327
8873,formerly,8874,4.3,1.2495,,3038.0,1190.0,,-4.955456973702327
8874,gore,8875,4.3,1.8654,,,2768.0,,-4.955456973702327
8875,guards,8876,4.3,1.7173,,,4440.0,,-4.955456973702327
8876,hadn't,8877,4.3,1.2164,,,,,-4.955456973702327
8877,ich,8878,4.3,1.5811,945.0,,,365.0,-4.955456973702327
8878,iran,8879,4.3,1.632,3389.0,,1919.0,,-4.955456973702327
8879,legislation,8880,4.3,1.5551,,2227.0,1421.0,,-4.955456973702327
8880,monday,8881,4.3,1.8871,595.0,,256.0,2060.0,-4.955456973702327
8881,muslims,8882,4.3,1.3887,,,4578.0,,-4.955456973702327
8882,naw,8883,4.3,1.165,2485.0,,,2753.0,-4.955456973702327
8883,pit,8884,4.3,1.0152,4076.0,,,3484.0,-4.955456973702327
8884,sneak,8885,4.3,1.5419,4061.0,,,3954.0,-4.955456973702327
8885,so-called,8886,4.3,1.2657,,,,,-4.955456973702327
8886,sudden,8887,4.3,1.3132,3941.0,2461.0,4113.0,3036.0,-4.955456973702327
8887,sue,8888,4.3,2.1595,,,3375.0,3620.0,-4.955456973702327
8888,tick,8889,4.3,1.7053,,,,2727.0,-4.955456973702327
8889,rowdy,8890,4.29,2.0417,,,,4554.0,-5.001543972442384
8890,slippin,8891,4.29,1.713,,,,4978.0,-5.001543972442384
8891,chased,8892,4.29,1.633,,,,4493.0,-5.001543972442384
8892,divide,8893,4.29,1.4577,,4524.0,,3573.0,-5.001543972442384
8893,leavin,8894,4.29,1.4434,,,,3104.0,-5.001543972442384
8894,mortal,8895,4.29,2.031,,,,3507.0,-5.001543972442384
8895,rebellion,8896,4.29,1.6833,,4461.0,,,-5.001543972442384
8896,aged,8897,4.28,1.8521,,3403.0,,,-5.047630971182441
8897,aids,8898,4.28,2.3477,2983.0,3996.0,1197.0,,-5.047630971182441
8898,bieber,8899,4.28,1.011,1056.0,,,,-5.047630971182441
8899,fooling,8900,4.28,1.5124,,,,3467.0,-5.047630971182441
8900,guerrillas,8901,4.28,2.0004,,,4855.0,,-5.047630971182441
8901,idk,8902,4.28,1.7028,1039.0,,,,-5.047630971182441
8902,il,8903,4.28,1.2784,2267.0,2660.0,4965.0,760.0,-5.047630971182441
8903,jury,8904,4.28,1.3407,,4048.0,1455.0,,-5.047630971182441
8904,nor,8905,4.28,1.1959,3367.0,386.0,1588.0,2402.0,-5.047630971182441
8905,petroleum,8906,4.28,1.6293,,,3646.0,,-5.047630971182441
8906,pimpin,8907,4.28,2.1575,,,,3313.0,-5.047630971182441
8907,rules,8908,4.28,1.2296,1727.0,927.0,962.0,1019.0,-5.047630971182441
8908,spider,8909,4.28,2.0004,3667.0,,,4891.0,-5.047630971182441
8909,swore,8910,4.28,1.5784,,,,2904.0,-5.047630971182441
8910,taken,8911,4.28,1.4714,1184.0,265.0,595.0,920.0,-5.047630971182441
8911,tests,8912,4.28,1.6787,3634.0,1549.0,2057.0,,-5.047630971182441
8912,wasn't,8913,4.28,1.1436,,,,,-5.047630971182441
8913,moan,8914,4.27,2.2288,,,,3394.0,-5.093717969922502
8914,warn,8915,4.27,1.7173,,,,3736.0,-5.093717969922502
8915,@justinbieber,8916,4.26,1.7001,,,,,-5.139804968662559
8916,blows,8917,4.26,1.7591,4427.0,,,1483.0,-5.139804968662559
8917,defendants,8918,4.26,1.482,,,3426.0,,-5.139804968662559
8918,fck,8919,4.26,1.7821,4635.0,,,,-5.139804968662559
8919,fires,8920,4.26,1.7357,,,,2955.0,-5.139804968662559
8920,intervention,8921,4.26,1.482,,2697.0,,,-5.139804968662559
8921,lawyers,8922,4.26,1.8715,,,960.0,,-5.139804968662559
8922,non,8923,4.26,1.2747,2577.0,503.0,,662.0,-5.139804968662559
8923,outlaw,8924,4.26,1.7001,,,,3906.0,-5.139804968662559
8924,owing,8925,4.26,1.9463,,3176.0,,,-5.139804968662559
8925,sht,8926,4.26,1.2257,4783.0,,,,-5.139804968662559
8926,split,8927,4.26,1.4957,4088.0,3717.0,1581.0,1722.0,-5.139804968662559
8927,storm,8928,4.26,2.0082,886.0,3330.0,2897.0,916.0,-5.139804968662559
8928,concerning,8929,4.24,1.6898,,1322.0,,,-5.231978966142673
8929,contrary,8930,4.24,1.5211,,1751.0,,,-5.231978966142673
8930,4am,8931,4.24,1.546,,,,,-5.231978966142673
8931,bah,8932,4.24,1.1877,4361.0,,,3410.0,-5.231978966142673
8932,barely,8933,4.24,1.5722,2694.0,,2166.0,1932.0,-5.231978966142673
8933,but,8934,4.24,1.1528,26.0,27.0,27.0,22.0,-5.231978966142673
8934,courts,8935,4.24,1.4647,,1819.0,2040.0,,-5.231978966142673
8935,kanye,8936,4.24,1.685,1877.0,,,,-5.231978966142673
8936,lower,8937,4.24,1.0797,2668.0,513.0,792.0,3872.0,-5.231978966142673
8937,minority,8938,4.24,1.546,,3126.0,2216.0,,-5.231978966142673
8938,orders,8939,4.24,1.4786,3402.0,1499.0,1803.0,,-5.231978966142673
8939,pounding,8940,4.24,2.026,,,,3651.0,-5.231978966142673
8940,protests,8941,4.24,1.6358,,,4027.0,,-5.231978966142673
8941,psychiatric,8942,4.24,1.3334,,,,,-5.231978966142673
8942,questioned,8943,4.24,1.2707,,,3830.0,,-5.231978966142673
8943,raw,8944,4.24,1.2867,2567.0,3125.0,,1638.0,-5.231978966142673
8944,rebels,8945,4.24,1.5059,,,3368.0,,-5.231978966142673
8945,sag,8946,4.24,1.318,,,,4476.0,-5.231978966142673
8946,shoulda,8947,4.24,1.1704,4788.0,,,2150.0,-5.231978966142673
8947,smash,8948,4.24,1.5722,4924.0,,,2496.0,-5.231978966142673
8948,spy,8949,4.24,1.7677,,,,4529.0,-5.231978966142673
8949,stern,8950,4.24,1.3637,,,2629.0,,-5.231978966142673
8950,stray,8951,4.24,1.8245,,,,3349.0,-5.231978966142673
8951,swear,8952,4.24,1.6233,1231.0,,,813.0,-5.231978966142673
8952,unless,8953,4.24,1.0012,1418.0,1035.0,1805.0,1684.0,-5.231978966142673
8953,worn,8954,4.23,1.0962,,3859.0,,2728.0,-5.27806596488273
8954,dues,8955,4.22,1.3581,,,,3238.0,-5.324152963622791
8955,freaks,8956,4.22,2.0028,,,,2660.0,-5.324152963622791
8956,#iranelection,8957,4.22,1.3746,,,,,-5.324152963622791
8957,away,8958,4.22,1.2664,292.0,272.0,354.0,73.0,-5.324152963622791
8958,backwards,8959,4.22,1.3746,,,,2930.0,-5.324152963622791
8959,beware,8960,4.22,1.6695,,,,2466.0,-5.324152963622791
8960,blast,8961,4.22,2.1217,1896.0,,,1389.0,-5.324152963622791
8961,breakin,8962,4.22,1.4748,,,,3475.0,-5.324152963622791
8962,bush's,8963,4.22,1.5158,,,,,-5.324152963622791
8963,calories,8964,4.22,1.6817,4937.0,,,,-5.324152963622791
8964,cold,8965,4.22,1.7761,213.0,984.0,1764.0,278.0,-5.324152963622791
8965,concerned,8966,4.22,1.6573,4280.0,959.0,1556.0,3706.0,-5.324152963622791
8966,due,8967,4.22,1.5022,919.0,449.0,1213.0,2390.0,-5.324152963622791
8967,grind,8968,4.22,1.3746,3506.0,,,1640.0,-5.324152963622791
8968,iranian,8969,4.22,1.148,,,4228.0,,-5.324152963622791
8969,labor,8970,4.22,1.6199,4682.0,725.0,957.0,,-5.324152963622791
8970,limit,8971,4.22,1.3138,3039.0,1932.0,2288.0,1822.0,-5.324152963622791
8971,limited,8972,4.22,1.1657,2346.0,844.0,1610.0,,-5.324152963622791
8972,loan,8973,4.22,1.4039,3069.0,3466.0,1602.0,,-5.324152963622791
8973,mutha,8974,4.22,1.5292,,,,3168.0,-5.324152963622791
8974,python,8975,4.22,1.799,3897.0,,,,-5.324152963622791
8975,republicans,8976,4.22,1.9722,4868.0,,1037.0,,-5.324152963622791
8976,scratch,8977,4.22,1.3746,3937.0,,,2254.0,-5.324152963622791
8977,veto,8978,4.22,1.4039,,,4266.0,,-5.324152963622791
8978,waitin,8979,4.22,1.3445,3775.0,,,2822.0,-5.324152963622791
8979,wtf,8980,4.22,1.7761,606.0,,,,-5.324152963622791
8980,waar,8981,4.21,1.2876,,,,2561.0,-5.370239962362849
8981,beat,8982,4.2,1.9795,690.0,3420.0,1125.0,377.0,-5.4163269611029055
8982,blah,8983,4.2,1.6288,2038.0,,,3506.0,-5.4163269611029055
8983,darn,8984,4.2,1.5119,2922.0,,,,-5.4163269611029055
8984,default,8985,4.2,1.4708,4581.0,,,,-5.4163269611029055
8985,dnt,8986,4.2,1.3401,880.0,,,,-5.4163269611029055
8986,expenditure,8987,4.2,1.5908,,3444.0,,,-5.4163269611029055
8987,exposed,8988,4.2,1.4428,,2365.0,4836.0,,-5.4163269611029055
8988,grrr,8989,4.2,1.4708,3963.0,,,,-5.4163269611029055
8989,legislators,8990,4.2,1.8844,,,3606.0,,-5.4163269611029055
8990,levy,8991,4.2,1.3851,,,3175.0,,-5.4163269611029055
8991,lone,8992,4.2,1.5649,,,,4809.0,-5.4163269611029055
8992,mccain,8993,4.2,1.7843,2001.0,,,,-5.4163269611029055
8993,periods,8994,4.2,1.6537,,2092.0,1848.0,,-5.4163269611029055
8994,politically,8995,4.2,1.3702,,,3739.0,,-5.4163269611029055
8995,pow,8996,4.2,1.3553,,,,,-5.4163269611029055
8996,prosecutors,8997,4.2,1.5908,,,1698.0,,-5.4163269611029055
8997,screw,8998,4.2,1.8516,2967.0,,,3224.0,-5.4163269611029055
8998,uh,8999,4.2,1.3851,1798.0,,,301.0,-5.4163269611029055
8999,verdict,9000,4.2,1.6537,,,4631.0,,-5.4163269611029055
9000,weird,9001,4.2,1.3553,684.0,,,3597.0,-5.4163269611029055
9001,whips,9002,4.2,1.906,,,,4299.0,-5.4163269611029055
9002,underlying,9003,4.19,1.3128,,3055.0,,,-5.462413959842962
9003,objection,9004,4.18,1.4673,,4490.0,,,-5.508500958583023
9004,arsenal,9005,4.18,1.8371,4489.0,,,,-5.508500958583023
9005,boss,9006,4.18,1.5868,1475.0,,4172.0,1582.0,-5.508500958583023
9006,capture,9007,4.18,1.6986,,3849.0,4826.0,4873.0,-5.508500958583023
9007,chemical,9008,4.18,1.3952,,1553.0,1997.0,4584.0,-5.508500958583023
9008,dis,9009,4.18,1.3506,1019.0,,,1652.0,-5.508500958583023
9009,ex,9010,4.18,1.3045,2016.0,2663.0,,4784.0,-5.508500958583023
9010,exam,9011,4.18,1.5609,2182.0,,,,-5.508500958583023
9011,explode,9012,4.18,1.9763,,,,2618.0,-5.508500958583023
9012,forces,9013,4.18,1.5868,4712.0,735.0,1058.0,3701.0,-5.508500958583023
9013,grr,9014,4.18,1.6374,4488.0,,,,-5.508500958583023
9014,porn,9015,4.18,2.4302,1801.0,,,,-5.508500958583023
9015,prey,9016,4.18,1.9968,,,,3485.0,-5.508500958583023
9016,reduce,9017,4.18,1.2567,4588.0,1873.0,1506.0,,-5.508500958583023
9017,smells,9018,4.18,1.5868,1931.0,,,4163.0,-5.508500958583023
9018,unpublished,9019,4.18,1.3045,,,,,-5.508500958583023
9019,warcraft,9020,4.18,1.7106,3595.0,,,,-5.508500958583023
9020,implications,9021,4.17,1.2392,,2806.0,,,-5.554587957323081
9021,uptight,9022,4.17,1.9278,,,,4706.0,-5.554587957323081
9022,acute,9023,4.16,1.7719,,2147.0,,,-5.600674956063138
9023,blades,9024,4.16,1.6751,,,,4980.0,-5.600674956063138
9024,astray,9025,4.16,1.4337,,,,3226.0,-5.600674956063138
9025,bash,9026,4.16,1.9416,4595.0,,,,-5.600674956063138
9026,chop,9027,4.16,1.4479,,,,2498.0,-5.600674956063138
9027,clinic,9028,4.16,1.6458,,,2150.0,,-5.600674956063138
9028,froze,9029,4.16,1.4194,,,,4750.0,-5.600674956063138
9029,gambling,9030,4.16,1.9935,,,4817.0,,-5.600674956063138
9030,heat,9031,4.16,1.8223,1762.0,998.0,2186.0,727.0,-5.600674956063138
9031,nowhere,9032,4.16,1.2675,3675.0,,,726.0,-5.600674956063138
9032,palin,9033,4.16,2.151,1866.0,,,,-5.600674956063138
9033,sigh,9034,4.16,1.8223,1253.0,,,2202.0,-5.600674956063138
9034,stranger,9035,4.16,0.9553,4728.0,4422.0,,1175.0,-5.600674956063138
9035,strangers,9036,4.16,1.7538,,,,2012.0,-5.600674956063138
9036,sucking,9037,4.16,1.7304,,,,4017.0,-5.600674956063138
9037,sweat,9038,4.16,1.3903,4138.0,,,1106.0,-5.600674956063138
9038,vice,9039,4.16,1.6946,,2445.0,322.0,,-5.600674956063138
9039,crowd,9040,4.14,1.5388,2498.0,2932.0,2138.0,864.0,-5.692848953543256
9040,demand,9041,4.14,1.4144,3142.0,994.0,1546.0,3593.0,-5.692848953543256
9041,drag,9042,4.14,1.4287,3529.0,,,1484.0,-5.692848953543256
9042,fuck,9043,4.14,2.5794,322.0,,,185.0,-5.692848953543256
9043,havent,9044,4.14,1.3554,1925.0,,,,-5.692848953543256
9044,minimum,9045,4.14,1.2779,,1969.0,2015.0,,-5.692848953543256
9045,pee,9046,4.14,1.5254,3569.0,,,,-5.692848953543256
9046,pirates,9047,4.14,2.119,4443.0,,,,-5.692848953543256
9047,pushing,9048,4.14,1.325,4045.0,,4016.0,2047.0,-5.692848953543256
9048,shark,9049,4.14,1.9167,3835.0,,,,-5.692848953543256
9049,ripped,9050,4.13,1.805,,,,2959.0,-5.738935952283313
9050,strict,9051,4.13,1.7646,,3906.0,,,-5.738935952283313
9051,decrease,9052,4.12,1.5523,,2840.0,,,-5.78502295102337
9052,drain,9053,4.12,1.282,,,,3186.0,-5.78502295102337
9053,messing,9054,4.12,1.6283,,,,4296.0,-5.78502295102337
9054,renal,9055,4.12,1.3171,,3691.0,,,-5.78502295102337
9055,5am,9056,4.12,1.9021,,,,,-5.78502295102337
9056,aren't,9057,4.12,1.2879,,,,,-5.78502295102337
9057,attorney,9058,4.12,1.3037,,3901.0,901.0,,-5.78502295102337
9058,bother,9059,4.12,1.6243,3404.0,,,1795.0,-5.78502295102337
9059,fuss,9060,4.12,1.7802,,,,3479.0,-5.78502295102337
9060,hittin,9061,4.12,1.686,,,,3163.0,-5.78502295102337
9061,negro,9062,4.12,1.6616,,2743.0,,,-5.78502295102337
9062,nonsense,9063,4.12,1.599,3862.0,,,,-5.78502295102337
9063,nope,9064,4.12,1.3797,1886.0,,,,-5.78502295102337
9064,political,9065,4.12,1.5205,2407.0,219.0,258.0,,-5.78502295102337
9065,reductions,9066,4.12,1.698,,,,,-5.78502295102337
9066,rush,9067,4.12,1.3649,2161.0,,3636.0,1310.0,-5.78502295102337
9067,shallow,9068,4.12,1.5732,,,,3438.0,-5.78502295102337
9068,taxpayers,9069,4.12,1.5205,,,4408.0,,-5.78502295102337
9069,twisted,9070,4.12,1.6738,,,,1594.0,-5.78502295102337
9070,blunts,9071,4.11,1.2551,,,,3905.0,-5.831109949763427
9071,abyss,9072,4.1,1.7108,,,,4995.0,-5.877196948503488
9072,lesser,9073,4.1,1.2949,,4506.0,,,-5.877196948503488
9073,liability,9074,4.1,1.6863,,4101.0,,,-5.877196948503488
9074,murda,9075,4.1,1.6863,,,,3869.0,-5.877196948503488
9075,conviction,9076,4.1,1.9404,,3469.0,3577.0,,-5.877196948503488
9076,cost,9077,4.1,1.4033,1636.0,573.0,632.0,1729.0,-5.877196948503488
9077,demanded,9078,4.1,1.5682,,3044.0,4974.0,,-5.877196948503488
9078,enforcement,9079,4.1,1.4178,,,2357.0,,-5.877196948503488
9079,erase,9080,4.1,1.4743,,,,2281.0,-5.877196948503488
9080,freaking,9081,4.1,1.8434,1567.0,,,,-5.877196948503488
9081,hard,9082,4.1,1.3887,169.0,629.0,622.0,181.0,-5.877196948503488
9082,heavy,9083,4.1,1.4178,1513.0,1138.0,1970.0,1038.0,-5.877196948503488
9083,hunting,9084,4.1,2.0127,3490.0,3890.0,,4562.0,-5.877196948503488
9084,laundry,9085,4.1,1.6568,1923.0,,,,-5.877196948503488
9085,less,9086,4.1,1.2495,587.0,180.0,366.0,892.0,-5.877196948503488
9086,numb,9087,4.1,1.632,,,,2206.0,-5.877196948503488
9087,pills,9088,4.1,1.6067,4401.0,,,2598.0,-5.877196948503488
9088,pushed,9089,4.1,1.4743,,3606.0,3597.0,2337.0,-5.877196948503488
9089,rid,9090,4.1,1.4178,2454.0,,,2886.0,-5.877196948503488
9090,sacrifice,9091,4.1,2.1309,,2863.0,,1825.0,-5.877196948503488
9091,takeover,9092,4.1,1.632,,,3571.0,,-5.877196948503488
9092,wack,9093,4.1,1.1112,3762.0,,,2313.0,-5.877196948503488
9093,ego,9094,4.08,1.5524,,4892.0,,3274.0,-5.969370945983602
9094,rumors,9095,4.08,1.9455,,,,4514.0,-5.969370945983602
9095,servant,9096,4.08,1.3668,,3190.0,,,-5.969370945983602
9096,weary,9097,4.08,1.6181,,,,2213.0,-5.969370945983602
9097,conservatives,9098,4.08,1.9984,,,4995.0,,-5.969370945983602
9098,crumble,9099,4.08,1.7243,,,,3722.0,-5.969370945983602
9099,cutting,9100,4.08,1.3974,3137.0,3053.0,2811.0,3473.0,-5.969370945983602
9100,fallin,9101,4.08,1.6517,,,,3130.0,-5.969370945983602
9101,freeze,9102,4.08,1.8609,4438.0,,,2161.0,-5.969370945983602
9102,hung,9103,4.08,1.6268,4030.0,3572.0,,1860.0,-5.969370945983602
9103,knife,9104,4.08,1.3974,3182.0,4782.0,,1344.0,-5.969370945983602
9104,plea,9105,4.08,1.2262,,,4652.0,4211.0,-5.969370945983602
9105,stopping,9106,4.08,1.3974,4826.0,,,3233.0,-5.969370945983602
9106,surrender,9107,4.08,1.6762,,4565.0,,1546.0,-5.969370945983602
9107,temper,9108,4.08,1.7939,,4998.0,,,-5.969370945983602
9108,wont,9109,4.08,1.0467,1127.0,,,1008.0,-5.969370945983602
9109,cardiac,9110,4.06,1.7249,,4163.0,,,-6.06154494346372
9110,fading,9111,4.06,1.265,,,,1547.0,-6.06154494346372
9111,blinding,9112,4.06,1.671,,,,4487.0,-6.06154494346372
9112,concerns,9113,4.06,1.5572,,2345.0,1708.0,,-6.06154494346372
9113,flushing,9114,4.06,1.4902,,,3170.0,,-6.06154494346372
9114,haiti,9115,4.06,2.2077,775.0,,4838.0,,-6.06154494346372
9115,kurupt,9116,4.06,1.5308,,,,4913.0,-6.06154494346372
9116,mondays,9117,4.06,1.7775,4531.0,,4518.0,,-6.06154494346372
9117,prosecutor,9118,4.06,1.6587,,,2649.0,,-6.06154494346372
9118,sour,9119,4.06,1.5039,2955.0,,,3974.0,-6.06154494346372
9119,test,9120,4.06,1.4057,788.0,615.0,1141.0,1204.0,-6.06154494346372
9120,toll,9121,4.06,1.0956,4335.0,,4854.0,3321.0,-6.06154494346372
9121,unfollow,9122,4.06,1.0577,3498.0,,,,-6.06154494346372
9122,collide,9123,4.04,1.713,,,,3619.0,-6.153718940943834
9123,fade,9124,4.04,1.3064,,,,560.0,-6.153718940943834
9124,needles,9125,4.04,1.9891,,,,4774.0,-6.153718940943834
9125,chemicals,9126,4.04,1.6777,,,4539.0,,-6.153718940943834
9126,colder,9127,4.04,1.9583,,,,2962.0,-6.153718940943834
9127,concern,9128,4.04,1.6157,,1458.0,1079.0,4228.0,-6.153718940943834
9128,discharge,9129,4.04,1.7838,,3000.0,,,-6.153718940943834
9129,dominated,9130,4.04,1.5248,,4329.0,4911.0,,-6.153718940943834
9130,fall,9131,4.04,1.9687,389.0,790.0,791.0,200.0,-6.153718940943834
9131,hollow,9132,4.04,1.4422,,,,1886.0,-6.153718940943834
9132,hospice,9133,4.04,1.8401,,,3321.0,,-6.153718940943834
9133,hunter,9134,4.04,1.7608,,,2996.0,4374.0,-6.153718940943834
9134,imposed,9135,4.04,1.1773,,3080.0,3878.0,,-6.153718940943834
9135,reduction,9136,4.04,1.293,,1813.0,2753.0,,-6.153718940943834
9136,shootin,9137,4.04,2.1942,,,,4792.0,-6.153718940943834
9137,spittin,9138,4.04,2.0098,,,,4143.0,-6.153718940943834
9138,unknown,9139,4.04,1.5113,3737.0,1952.0,4738.0,1890.0,-6.153718940943834
9139,unlike,9140,4.04,1.4136,,2501.0,2951.0,,-6.153718940943834
9140,welt,9141,4.04,1.6283,,,,3152.0,-6.153718940943834
9141,worm,9142,4.04,1.6655,,,,4768.0,-6.153718940943834
9142,rust,9143,4.02,1.6307,,,,4022.0,-6.245892938423952
9143,distant,9144,4.02,1.5342,,2582.0,,1899.0,-6.245892938423952
9144,affair,9145,4.02,1.8349,,3686.0,3896.0,2655.0,-6.245892938423952
9145,aint,9146,4.02,1.4356,550.0,,,533.0,-6.245892938423952
9146,block,9147,4.02,1.4213,1694.0,2020.0,1696.0,707.0,-6.245892938423952
9147,consequences,9148,4.02,1.3169,,1903.0,4173.0,,-6.245892938423952
9148,dropping,9149,4.02,1.0971,3798.0,,,3982.0,-6.245892938423952
9149,ending,9150,4.02,1.4213,2021.0,4083.0,2183.0,1586.0,-6.245892938423952
9150,goodbyes,9151,4.02,1.9005,,,,4702.0,-6.245892938423952
9151,hasn't,9152,4.02,1.1865,,,,,-6.245892938423952
9152,imprecisely,9153,4.02,1.505,,,2989.0,,-6.245892938423952
9153,incident,9154,4.02,1.3923,,3017.0,2272.0,,-6.245892938423952
9154,investigation,9155,4.02,1.4776,,2131.0,882.0,,-6.245892938423952
9155,off,9156,4.02,1.3013,91.0,216.0,200.0,134.0,-6.245892938423952
9156,strife,9157,4.02,1.8349,,,,4594.0,-6.245892938423952
9157,strikes,9158,4.02,1.3626,,,4453.0,3200.0,-6.245892938423952
9158,weren't,9159,4.02,1.1516,,,,,-6.245892938423952
9159,ain't,9160,4.0,1.2778,,,,,-6.338066935904067
9160,alleged,9161,4.0,1.7496,,4557.0,,,-6.338066935904067
9161,arafat,9162,4.0,1.5518,,,4433.0,,-6.338066935904067
9162,bum,9163,4.0,1.7261,4276.0,,,2607.0,-6.338066935904067
9163,ceased,9164,4.0,1.4428,,4075.0,,,-6.338066935904067
9164,cracks,9165,4.0,1.3553,,,,3084.0,-6.338066935904067
9165,creeping,9166,4.0,1.4577,,,,3365.0,-6.338066935904067
9166,defensive,9167,4.0,1.5253,,,2211.0,,-6.338066935904067
9167,didn't,9168,4.0,1.2936,,,,,-6.338066935904067
9168,didnt,9169,4.0,1.2454,762.0,,,2898.0,-6.338066935904067
9169,downs,9170,4.0,1.7143,,,,4334.0,-6.338066935904067
9170,force,9171,4.0,1.6903,1751.0,404.0,586.0,1302.0,-6.338066935904067
9171,least,9172,4.0,1.069,435.0,313.0,404.0,1073.0,-6.338066935904067
9172,limits,9173,4.0,1.1952,,1859.0,2557.0,,-6.338066935904067
9173,racial,9174,4.0,1.7261,,3272.0,2895.0,,-6.338066935904067
9174,ridiculous,9175,4.0,1.7957,2273.0,,,,-6.338066935904067
9175,rip,9176,4.0,1.5518,1520.0,,,1288.0,-6.338066935904067
9176,roughly,9177,4.0,1.2122,,4661.0,4025.0,,-6.338066935904067
9177,twit,9178,4.0,1.7613,2892.0,,,,-6.338066935904067
9178,zombies,9179,4.0,2.3733,4708.0,,,,-6.338066935904067
9179,accidentally,9180,3.98,1.237,4580.0,,,,-6.430240933384183
9180,avoided,9181,3.98,1.5185,,3874.0,,,-6.430240933384183
9181,bite,9182,3.98,1.7201,2625.0,,,1318.0,-6.430240933384183
9182,breaking,9183,3.98,1.4913,1279.0,3334.0,3580.0,851.0,-6.430240933384183
9183,demands,9184,3.98,1.3169,,1864.0,3130.0,,-6.430240933384183
9184,diagnosis,9185,3.98,1.8897,,2200.0,,,-6.430240933384183
9185,fled,9186,3.98,1.1692,,,4623.0,,-6.430240933384183
9186,hardly,9187,3.98,1.2534,3583.0,1423.0,3057.0,1865.0,-6.430240933384183
9187,humidity,9188,3.98,1.6962,1928.0,,,,-6.430240933384183
9188,isnt,9189,3.98,1.2696,1911.0,,,,-6.430240933384183
9189,old,9190,3.98,1.7553,212.0,152.0,279.0,188.0,-6.430240933384183
9190,punks,9191,3.98,1.9742,,,,3839.0,-6.430240933384183
9191,terminal,9192,3.98,2.0353,,3878.0,4355.0,,-6.430240933384183
9192,ruins,9193,3.98,1.7617,,,,4822.0,-6.430240933384183
9193,cracked,9194,3.98,1.9295,,,,3403.0,-6.430240933384183
9194,slam,9195,3.98,1.6351,,,,2716.0,-6.430240933384183
9195,argh,9196,3.96,1.428,3185.0,,,,-6.522414930864299
9196,bang,9197,3.96,1.4841,2086.0,,,793.0,-6.522414930864299
9197,bye,9198,3.96,1.4978,1233.0,,,885.0,-6.522414930864299
9198,closing,9199,3.96,1.0872,2661.0,4275.0,1799.0,2292.0,-6.522414930864299
9199,dagger,9200,3.96,1.3242,,,4460.0,,-6.522414930864299
9200,expense,9201,3.96,1.2447,,2672.0,3198.0,,-6.522414930864299
9201,fists,9202,3.96,1.6532,,,,4101.0,-6.522414930864299
9202,iraqi,9203,3.96,1.3991,,,2113.0,,-6.522414930864299
9203,loose,9204,3.96,1.6532,2766.0,3423.0,,930.0,-6.522414930864299
9204,minus,9205,3.96,1.4978,4636.0,,,,-6.522414930864299
9205,slugs,9206,3.96,1.6408,,,,3517.0,-6.522414930864299
9206,strike,9207,3.96,1.3547,3697.0,2521.0,1641.0,1912.0,-6.522414930864299
9207,tough,9208,3.96,1.4136,1515.0,,1801.0,1176.0,-6.522414930864299
9208,trial,9209,3.96,1.6898,2591.0,1559.0,832.0,4278.0,-6.522414930864299
9209,unclear,9210,3.96,1.428,,,4018.0,,-6.522414930864299
9210,killa,9211,3.96,1.9045,,,,2130.0,-6.522414930864299
9211,skull,9212,3.96,1.6325,,,,3645.0,-6.522414930864299
9212,charges,9213,3.94,1.5308,4033.0,2765.0,590.0,,-6.614588928344415
9213,darker,9214,3.94,1.8996,,,,4023.0,-6.614588928344415
9214,erroneously,9215,3.94,1.5174,,,4952.0,,-6.614588928344415
9215,mess,9216,3.94,1.5703,1482.0,,,893.0,-6.614588928344415
9216,pakistan,9217,3.94,1.1502,4106.0,4845.0,3427.0,,-6.614588928344415
9217,reluctant,9218,3.94,1.3763,,,,,-6.614588928344415
9218,slumdog,9219,3.94,1.7775,4240.0,,,,-6.614588928344415
9219,strapped,9220,3.94,1.544,,,,2722.0,-6.614588928344415
9220,dizzy,9221,3.94,1.7249,,,,3346.0,-6.614588928344415
9221,executed,9222,3.94,2.2023,,3895.0,,,-6.614588928344415
9222,honky,9223,3.94,2.0567,,,,4056.0,-6.614588928344415
9223,homework,9224,3.92,1.8165,1168.0,,,,-6.706762925824531
9224,nixon,9225,3.92,1.7361,,,4250.0,,-6.706762925824531
9225,omitted,9226,3.92,1.2095,,,1802.0,,-6.706762925824531
9226,stained,9227,3.92,1.8277,,,,3958.0,-6.706762925824531
9227,ughh,9228,3.92,1.3068,4089.0,,,,-6.706762925824531
9228,jaded,9229,3.92,1.6563,,,,4818.0,-6.706762925824531
9229,dusty,9230,3.92,1.699,,,,3742.0,-6.706762925824531
9230,absent,9231,3.9,1.2657,,3580.0,,,-6.798936923304647
9231,alarm,9232,3.9,1.6568,2113.0,,,3414.0,-6.798936923304647
9232,artificial,9233,3.9,1.5682,,3395.0,,,-6.798936923304647
9233,defendant,9234,3.9,1.632,,3841.0,4563.0,,-6.798936923304647
9234,dim,9235,3.9,1.3439,,,,3052.0,-6.798936923304647
9235,doesnt,9236,3.9,1.3887,1457.0,,,,-6.798936923304647
9236,impose,9237,3.9,1.1294,,,4406.0,,-6.798936923304647
9237,iraq,9238,3.9,1.6568,3856.0,,858.0,,-6.798936923304647
9238,issues,9239,3.9,1.374,1512.0,888.0,560.0,,-6.798936923304647
9239,killas,9240,3.9,1.8434,,,,4851.0,-6.798936923304647
9240,misses,9241,3.9,1.374,4901.0,,,,-6.798936923304647
9241,neediest,9242,3.9,1.5682,,,4309.0,,-6.798936923304647
9242,nothing,9243,3.9,1.2817,352.0,288.0,714.0,140.0,-6.798936923304647
9243,opponent,9244,3.9,1.5419,,,4039.0,,-6.798936923304647
9244,quit,9245,3.9,1.4604,1918.0,,,1177.0,-6.798936923304647
9245,slipping,9246,3.9,1.4463,,,,2311.0,-6.798936923304647
9246,stop,9247,3.9,1.3439,286.0,1369.0,971.0,166.0,-6.798936923304647
9247,bald,9248,3.9,1.9284,,,,4739.0,-6.798936923304647
9248,begged,9249,3.9,1.6739,,,,4820.0,-6.798936923304647
9249,dropped,9250,3.88,1.0029,2054.0,2928.0,1608.0,1928.0,-6.891110920784763
9250,drunk,9251,3.88,2.2464,1006.0,,,1140.0,-6.891110920784763
9251,mortgage,9252,3.88,1.9445,3740.0,,2837.0,,-6.891110920784763
9252,nooo,9253,3.88,1.3797,4530.0,,,,-6.891110920784763
9253,shout,9254,3.88,1.3797,1781.0,,,912.0,-6.891110920784763
9254,artillery,9255,3.88,1.5361,,4811.0,,,-6.891110920784763
9255,goddamn,9256,3.88,2.1759,,,,3213.0,-6.891110920784763
9256,rags,9257,3.88,1.5361,,,,4574.0,-6.891110920784763
9257,restless,9258,3.88,1.7033,,,,2101.0,-6.891110920784763
9258,uncertain,9259,3.88,1.1481,,4295.0,,,-6.891110920784763
9259,fiends,9260,3.88,1.9199,,,,3781.0,-6.891110920784763
9260,ass,9261,3.86,1.8627,283.0,,,311.0,-6.9832849182648795
9261,farewell,9262,3.86,2.1286,,,,3185.0,-6.9832849182648795
9262,fuckin,9263,3.86,2.7405,1077.0,,,688.0,-6.9832849182648795
9263,hang,9264,3.86,1.325,1241.0,,,678.0,-6.9832849182648795
9264,not,9265,3.86,1.2938,30.0,22.0,24.0,51.0,-6.9832849182648795
9265,sanctions,9266,3.86,1.7844,,,3113.0,,-6.9832849182648795
9266,stopped,9267,3.86,1.2291,1674.0,1922.0,1931.0,1415.0,-6.9832849182648795
9267,subjected,9268,3.86,1.3999,,4480.0,,,-6.9832849182648795
9268,tremble,9269,3.86,1.7263,,,,4130.0,-6.9832849182648795
9269,voodoo,9270,3.86,2.0405,,,,3469.0,-6.9832849182648795
9270,wouldnt,9271,3.86,1.1068,2888.0,,,,-6.9832849182648795
9271,slipped,9272,3.86,1.5811,,,,2672.0,-6.9832849182648795
9272,mold,9273,3.85,1.7982,,,,4421.0,-7.029371917004936
9273,shiver,9274,3.85,1.4874,,,,3559.0,-7.029371917004936
9274,allegations,9275,3.84,1.4479,,,3641.0,,-7.075458915744996
9275,armed,9276,3.84,1.8556,,2495.0,2559.0,4974.0,-7.075458915744996
9276,ended,9277,3.84,1.4479,1978.0,2529.0,748.0,2688.0,-7.075458915744996
9277,excuses,9278,3.84,1.5167,,,,3776.0,-7.075458915744996
9278,gripe,9279,3.84,1.8666,3028.0,,,,-7.075458915744996
9279,lawyer,9280,3.84,1.4194,,4340.0,581.0,,-7.075458915744996
9280,messed,9281,3.84,1.3149,3410.0,,,2812.0,-7.075458915744996
9281,none,9282,3.84,1.4896,1952.0,983.0,1567.0,963.0,-7.075458915744996
9282,offline,9283,3.84,1.0759,4560.0,,,,-7.075458915744996
9283,pleaded,9284,3.84,1.3756,,,3127.0,,-7.075458915744996
9284,rent,9285,3.84,1.4758,2253.0,3445.0,2867.0,2451.0,-7.075458915744996
9285,shouldn't,9286,3.84,0.8172,,,,,-7.075458915744996
9286,snatch,9287,3.84,1.6333,,,,3723.0,-7.075458915744996
9287,ghosts,9288,3.84,1.9827,,,,3008.0,-7.075458915744996
9288,hatin,9289,3.84,1.5458,,,,4142.0,-7.075458915744996
9289,fragile,9290,3.83,1.3262,,,,3317.0,-7.121545914485052
9290,baddest,9291,3.82,2.0172,,,,4985.0,-7.167632913225112
9291,blood,9292,3.82,1.7922,1081.0,474.0,1827.0,368.0,-7.167632913225112
9292,creep,9293,3.82,1.6123,,,,1923.0,-7.167632913225112
9293,dark,9294,3.82,1.4097,578.0,982.0,2335.0,378.0,-7.167632913225112
9294,darkness,9295,3.82,1.8702,,2861.0,,663.0,-7.167632913225112
9295,eliminate,9296,3.82,1.746,,,3593.0,,-7.167632913225112
9296,forgetting,9297,3.82,1.4097,,,,4203.0,-7.167632913225112
9297,gang,9298,3.82,2.1824,3440.0,,,1720.0,-7.167632913225112
9298,hanging,9299,3.82,1.7225,1404.0,4766.0,,1037.0,-7.167632913225112
9299,hardest,9300,3.82,1.6249,4282.0,,,2534.0,-7.167632913225112
9300,haven't,9301,3.82,1.2567,,,,,-7.167632913225112
9301,junk,9302,3.82,1.3354,3484.0,,,3912.0,-7.167632913225112
9302,loans,9303,3.82,1.2728,4831.0,3793.0,2000.0,,-7.167632913225112
9303,oppose,9304,3.82,1.4384,,,4381.0,,-7.167632913225112
9304,slip,9305,3.82,1.2887,4758.0,,,1031.0,-7.167632913225112
9305,sos,9306,3.82,1.7343,,,,4691.0,-7.167632913225112
9306,thirst,9307,3.82,1.7225,,,,3786.0,-7.167632913225112
9307,erased,9308,3.82,1.5093,,,,4728.0,-7.167632913225112
9308,vain,9309,3.82,1.7874,,3566.0,,1599.0,-7.167632913225112
9309,fades,9310,3.81,1.0762,,,,1917.0,-7.2137199119651685
9310,aggressive,9311,3.8,1.5779,,4819.0,3474.0,,-7.259806910705228
9311,costs,9312,3.8,1.4428,3155.0,1112.0,688.0,,-7.259806910705228
9312,critics,9313,3.8,1.6782,,3378.0,1972.0,,-7.259806910705228
9313,fire,9314,3.8,1.5779,441.0,676.0,837.0,273.0,-7.259806910705228
9314,fist,9315,3.8,1.2454,,,,1964.0,-7.259806910705228
9315,interment,9316,3.8,1.8295,,,989.0,,-7.259806910705228
9316,ow,9317,3.8,1.3702,4689.0,,,2782.0,-7.259806910705228
9317,pale,9318,3.8,1.088,,3511.0,,2188.0,-7.259806910705228
9318,protesters,9319,3.8,1.6903,,,,,-7.259806910705228
9319,witch,9320,3.8,2.0898,,,,3430.0,-7.259806910705228
9320,chronic,9321,3.79,1.9236,,2508.0,,3870.0,-7.305893909445285
9321,thirsty,9322,3.79,1.458,,,,4306.0,-7.305893909445285
9322,thorns,9323,3.79,1.6753,,,,4646.0,-7.305893909445285
9323,sink,9324,3.79,1.6008,,,,1927.0,-7.305893909445285
9324,battles,9325,3.78,2.003,,,,4637.0,-7.351980908185344
9325,bugs,9326,3.78,1.5158,4163.0,,,,-7.351980908185344
9326,court,9327,3.78,1.799,1678.0,365.0,223.0,2425.0,-7.351980908185344
9327,ends,9328,3.78,1.4886,1484.0,1850.0,2291.0,992.0,-7.351980908185344
9328,exams,9329,3.78,1.6573,4080.0,,,,-7.351980908185344
9329,predeceased,9330,3.78,1.6199,,,2930.0,,-7.351980908185344
9330,risks,9331,3.78,1.7646,,4207.0,3243.0,,-7.351980908185344
9331,rusty,9332,3.78,1.4609,,,,4694.0,-7.351980908185344
9332,slow,9333,3.78,1.1119,557.0,1912.0,2304.0,480.0,-7.351980908185344
9333,wouldn't,9334,3.78,1.148,,,,,-7.351980908185344
9334,bothered,9335,3.78,1.5311,,,,4853.0,-7.351980908185344
9335,unnecessary,9336,3.78,1.5581,,4778.0,,,-7.351980908185344
9336,nothings,9337,3.76,1.7677,,,,4888.0,-7.44415490566546
9337,resigned,9338,3.76,1.5851,,,2700.0,,-7.44415490566546
9338,symptoms,9339,3.76,1.3933,,1692.0,,,-7.44415490566546
9339,yell,9340,3.76,1.7209,,,,3210.0,-7.44415490566546
9340,gutter,9341,3.76,1.7143,,,,3729.0,-7.44415490566546
9341,hangs,9342,3.76,1.6774,,,,4105.0,-7.44415490566546
9342,void,9343,3.76,1.422,,,,3270.0,-7.44415490566546
9343,bailout,9344,3.74,1.6759,4396.0,,,,-7.536328903145574
9344,boo,9345,3.74,1.7591,1195.0,,,1606.0,-7.536328903145574
9345,critic's,9346,3.74,1.4682,,,,,-7.536328903145574
9346,denying,9347,3.74,1.4682,,,,4938.0,-7.536328903145574
9347,last,9348,3.74,1.2586,113.0,202.0,53.0,187.0,-7.536328903145574
9348,noise,9349,3.74,1.3063,2947.0,2502.0,4813.0,1427.0,-7.536328903145574
9349,obsession,9350,3.74,1.1214,3908.0,,,3874.0,-7.536328903145574
9350,reckless,9351,3.74,1.9146,,,,4712.0,-7.536328903145574
9351,shove,9352,3.74,1.7357,,,,2834.0,-7.536328903145574
9352,stomp,9353,3.74,1.4682,,,,3150.0,-7.536328903145574
9353,wait,9354,3.74,1.209,237.0,2079.0,2027.0,268.0,-7.536328903145574
9354,sucka,9355,3.74,1.7704,,,,4409.0,-7.536328903145574
9355,pimp,9356,3.73,2.1581,,,,1437.0,-7.582415901885633
9356,stranded,9357,3.73,1.8905,,,,3740.0,-7.582415901885633
9357,tearing,9358,3.73,1.3811,,,,2323.0,-7.582415901885633
9358,strain,9359,3.73,1.8071,,2886.0,,3625.0,-7.582415901885633
9359,crack,9360,3.72,1.4434,2191.0,,4688.0,865.0,-7.62850290062569
9360,fewer,9361,3.72,1.1256,,4063.0,2788.0,,-7.62850290062569
9361,gross,9362,3.72,1.4852,2750.0,3172.0,3012.0,,-7.62850290062569
9362,kick,9363,3.72,1.5524,721.0,,,697.0,-7.62850290062569
9363,oops,9364,3.72,1.4852,2610.0,,,,-7.62850290062569
9364,operation,9365,3.72,1.6041,,840.0,1732.0,,-7.62850290062569
9365,removed,9366,3.72,1.3856,4970.0,1394.0,2654.0,,-7.62850290062569
9366,withdrawal,9367,3.72,1.841,,,4521.0,,-7.62850290062569
9367,crowded,9368,3.71,2.0514,,,,3230.0,-7.674589899365749
9368,lacking,9369,3.71,1.633,,4770.0,,,-7.674589899365749
9369,revenge,9370,3.71,2.3363,,,,2766.0,-7.674589899365749
9370,foolish,9371,3.7,1.6929,,,,2053.0,-7.720676898105806
9371,con,9372,3.7,1.1473,795.0,3613.0,,478.0,-7.720676898105806
9372,crooked,9373,3.7,1.6067,,,,2952.0,-7.720676898105806
9373,demanding,9374,3.7,1.6194,,,4689.0,,-7.720676898105806
9374,dirt,9375,3.7,1.5286,3101.0,,,1255.0,-7.720676898105806
9375,don't,9376,3.7,1.0926,,,,,-7.720676898105806
9376,dont,9377,3.7,1.0738,202.0,,,399.0,-7.720676898105806
9377,goodbye,9378,3.7,1.8323,2307.0,,,426.0,-7.720676898105806
9378,locked,9379,3.7,1.2657,3004.0,,,1078.0,-7.720676898105806
9379,remove,9380,3.7,1.1995,3761.0,2348.0,2659.0,,-7.720676898105806
9380,sentenced,9381,3.7,1.6568,,,3077.0,,-7.720676898105806
9381,wasnt,9382,3.7,1.0546,2192.0,,,,-7.720676898105806
9382,won't,9383,3.7,1.1112,,,,,-7.720676898105806
9383,abnormal,9384,3.69,1.6734,,4570.0,,,-7.766763896845865
9384,hustler,9385,3.69,1.7644,,,,3859.0,-7.766763896845865
9385,controversy,9386,3.68,1.7431,,3863.0,4508.0,,-7.812850895585922
9386,disagree,9387,3.68,1.2526,,,,4651.0,-7.812850895585922
9387,fees,9388,3.68,1.5043,,,2329.0,,-7.812850895585922
9388,hitting,9389,3.68,1.7431,2352.0,,4241.0,4305.0,-7.812850895585922
9389,kicking,9390,3.68,1.6218,3219.0,,,3019.0,-7.812850895585922
9390,mean,9391,3.68,1.9213,359.0,518.0,1308.0,309.0,-7.812850895585922
9391,missed,9392,3.68,1.2362,673.0,,589.0,1370.0,-7.812850895585922
9392,rival,9393,3.68,1.5043,,,3498.0,,-7.812850895585922
9393,sucker,9394,3.68,1.9529,,,,2509.0,-7.812850895585922
9394,waiting,9395,3.68,1.2362,396.0,1920.0,1775.0,282.0,-7.812850895585922
9395,wrath,9396,3.68,1.9737,,,,3713.0,-7.812850895585922
9396,plead,9397,3.67,1.4052,,,,4156.0,-7.858937894325981
9397,closed,9398,3.66,1.5986,1552.0,1461.0,701.0,1416.0,-7.905024893066038
9398,deadline,9399,3.66,1.1537,4935.0,,3628.0,,-7.905024893066038
9399,down,9400,3.66,1.5598,153.0,144.0,198.0,40.0,-7.905024893066038
9400,low,9401,3.66,1.1178,913.0,421.0,1199.0,503.0,-7.905024893066038
9401,messy,9402,3.66,1.1886,3753.0,,,,-7.905024893066038
9402,outdated,9403,3.66,1.1713,,,4377.0,,-7.905024893066038
9403,patients,9404,3.66,1.4086,,533.0,1269.0,,-7.905024893066038
9404,pressure,9405,3.66,1.5467,1334.0,581.0,1255.0,1605.0,-7.905024893066038
9405,snitch,9406,3.66,1.6489,,,,4981.0,-7.905024893066038
9406,sorry,9407,3.66,1.7567,345.0,3346.0,4920.0,547.0,-7.905024893066038
9407,stuck,9408,3.66,1.1178,915.0,,,822.0,-7.905024893066038
9408,anti,9409,3.65,1.5214,,1580.0,,,-7.9511118918060975
9409,complications,9410,3.65,1.8206,,4935.0,,,-7.9511118918060975
9410,disappear,9411,3.65,1.6273,,,,1569.0,-7.9511118918060975
9411,snakes,9412,3.65,2.0872,,,,4420.0,-7.9511118918060975
9412,lesions,9413,3.65,1.8961,,3603.0,,,-7.9511118918060975
9413,bill,9414,3.64,1.77,882.0,1084.0,327.0,1730.0,-7.997198890546154
9414,blocked,9415,3.64,1.4535,3900.0,,4818.0,,-7.997198890546154
9415,bore,9416,3.64,1.5877,,3975.0,,3340.0,-7.997198890546154
9416,cuts,9417,3.64,1.3962,3052.0,,1472.0,2172.0,-7.997198890546154
9417,darkest,9418,3.64,2.1166,,,,2027.0,-7.997198890546154
9418,delete,9419,3.64,1.4813,3397.0,,,,-7.997198890546154
9419,ghost,9420,3.64,2.0777,2838.0,,,1346.0,-7.997198890546154
9420,miss,9421,3.64,1.6258,309.0,1212.0,458.0,398.0,-7.997198890546154
9421,nobody,9422,3.64,1.2415,1366.0,3419.0,2716.0,360.0,-7.997198890546154
9422,nothin,9423,3.64,1.6507,2572.0,,,1219.0,-7.997198890546154
9423,shocked,9424,3.64,1.3211,4046.0,,,,-7.997198890546154
9424,swine,9425,3.64,1.8379,2365.0,,,,-7.997198890546154
9425,uncertainty,9426,3.64,1.0451,,4229.0,,,-7.997198890546154
9426,fooled,9427,3.63,1.7992,,,,2928.0,-8.043285889286214
9427,awkward,9428,3.62,1.3981,3051.0,,,,-8.08937288802627
9428,baghdad,9429,3.62,1.9048,,,4067.0,,-8.08937288802627
9429,begging,9430,3.62,1.9472,,,,2212.0,-8.08937288802627
9430,brat,9431,3.62,1.7484,,,,4217.0,-8.08937288802627
9431,doesn't,9432,3.62,1.1045,,,,,-8.08937288802627
9432,haunt,9433,3.62,1.6399,,,,3058.0,-8.08937288802627
9433,hussein,9434,3.62,1.8724,,,3548.0,,-8.08937288802627
9434,incompletely,9435,3.62,1.6769,,,3848.0,,-8.08937288802627
9435,limitations,9436,3.62,1.3536,,3333.0,,,-8.08937288802627
9436,risk,9437,3.62,1.6399,2269.0,947.0,1298.0,2844.0,-8.08937288802627
9437,tore,9438,3.62,1.6523,,,,2950.0,-8.08937288802627
9438,bacteria,9439,3.61,1.9771,,4195.0,,,-8.13545988676633
9439,crude,9440,3.6,1.4428,,,3897.0,,-8.181546885506387
9440,dust,9441,3.6,1.1606,4277.0,3162.0,,948.0,-8.181546885506387
9441,falls,9442,3.6,1.8952,2309.0,2551.0,2162.0,1079.0,-8.181546885506387
9442,flies,9443,3.6,1.6782,4675.0,,,1863.0,-8.181546885506387
9443,indicted,9444,3.6,1.8626,,,4461.0,,-8.181546885506387
9444,madness,9445,3.6,1.8183,3901.0,,,1812.0,-8.181546885506387
9445,mistaken,9446,3.6,1.4286,,,,4414.0,-8.181546885506387
9446,shattered,9447,3.6,1.6903,,,,2389.0,-8.181546885506387
9447,suspects,9448,3.6,1.1952,,,3929.0,,-8.181546885506387
9448,acid,9449,3.59,1.5535,,865.0,,3948.0,-8.227633884246446
9449,pistol,9450,3.59,1.8953,,,,2299.0,-8.227633884246446
9450,decreased,9451,3.58,1.3966,,3934.0,,,-8.273720882986503
9451,absence,9452,3.58,1.0708,,1464.0,3918.0,,-8.273720882986503
9452,couldnt,9453,3.58,1.1265,3237.0,,,4861.0,-8.273720882986503
9453,excluded,9454,3.58,1.5398,,4452.0,,,-8.273720882986503
9454,gossip,9455,3.58,1.9282,1433.0,,,,-8.273720882986503
9455,leaving,9456,3.58,1.2792,980.0,1422.0,1528.0,674.0,-8.273720882986503
9456,punch,9457,3.58,1.7967,2669.0,,,2813.0,-8.273720882986503
9457,shotgun,9458,3.58,1.8745,,,,3048.0,-8.273720882986503
9458,sirens,9459,3.58,1.4995,,,,4393.0,-8.273720882986503
9459,restricted,9460,3.57,1.5143,,3427.0,,,-8.319807881726561
9460,darkened,9461,3.57,1.599,,,,4222.0,-8.319807881726561
9461,slut,9462,3.57,2.63,,,,4071.0,-8.319807881726561
9462,servants,9463,3.56,1.6999,,3007.0,,,-8.36589488046662
9463,afghanistan,9464,3.56,1.7861,4993.0,,3152.0,,-8.36589488046662
9464,confrontation,9465,3.56,1.6922,,,4087.0,,-8.36589488046662
9465,confusing,9466,3.56,0.9723,4800.0,,,4865.0,-8.36589488046662
9466,denial,9467,3.56,1.6433,,,,4371.0,-8.36589488046662
9467,empty,9468,3.56,1.6308,2067.0,2549.0,3643.0,627.0,-8.36589488046662
9468,fucked,9469,3.56,2.7117,1840.0,,,904.0,-8.36589488046662
9469,gloom,9470,3.56,2.1205,,,,4553.0,-8.36589488046662
9470,misidentified,9471,3.56,1.402,,,631.0,,-8.36589488046662
9471,mob,9472,3.56,1.8644,,,,3347.0,-8.36589488046662
9472,offense,9473,3.56,1.5274,,,4255.0,,-8.36589488046662
9473,piss,9474,3.56,1.728,3232.0,,,2615.0,-8.36589488046662
9474,protest,9475,3.56,1.4591,4807.0,3917.0,2790.0,,-8.36589488046662
9475,runaway,9476,3.56,1.6801,,,,3034.0,-8.36589488046662
9476,shut,9477,3.56,1.0333,1123.0,3491.0,3069.0,745.0,-8.36589488046662
9477,sorely,9478,3.56,1.2803,,,3300.0,,-8.36589488046662
9478,dire,9479,3.55,1.9902,,,,3700.0,-8.411981879206678
9479,stains,9480,3.55,1.4728,,,,3978.0,-8.411981879206678
9480,taxation,9481,3.55,1.8491,,4501.0,,,-8.411981879206678
9481,flee,9482,3.54,1.0907,,,,4262.0,-8.458068877946735
9482,haunted,9483,3.54,1.6368,,,,3341.0,-8.458068877946735
9483,bug,9484,3.54,1.3734,2875.0,,,3520.0,-8.458068877946735
9484,caught,9485,3.54,1.7867,1266.0,2094.0,2235.0,530.0,-8.458068877946735
9485,chained,9486,3.54,1.9505,,,,4457.0,-8.458068877946735
9486,crushed,9487,3.54,1.6686,,,,3693.0,-8.458068877946735
9487,despise,9488,3.54,2.0325,,,,4497.0,-8.458068877946735
9488,dispute,9489,3.54,1.7286,,3666.0,1935.0,,-8.458068877946735
9489,expensive,9490,3.54,1.7637,2477.0,3638.0,2331.0,4989.0,-8.458068877946735
9490,forsaken,9491,3.54,1.94,,,,4903.0,-8.458068877946735
9491,hospitals,9492,3.54,1.5677,,4543.0,2151.0,,-8.458068877946735
9492,owe,9493,3.54,1.5147,4141.0,,,2163.0,-8.458068877946735
9493,poor's,9494,3.54,1.4172,,,,,-8.458068877946735
9494,rough,9495,3.54,1.4458,1741.0,3157.0,,1317.0,-8.458068877946735
9495,shock,9496,3.54,1.6189,3618.0,3155.0,,1986.0,-8.458068877946735
9496,slug,9497,3.54,1.3734,,,,3749.0,-8.458068877946735
9497,without,9498,3.54,1.1104,404.0,130.0,294.0,195.0,-8.458068877946735
9498,drunken,9499,3.53,2.0011,,,,4657.0,-8.504155876686795
9499,missin,9500,3.53,1.4157,,,,4615.0,-8.504155876686795
9500,separation,9501,3.53,1.8155,,2552.0,,,-8.504155876686795
9501,spite,9502,3.53,1.8269,,2214.0,,3162.0,-8.504155876686795
9502,addicted,9503,3.52,2.1019,1319.0,,,2741.0,-8.550242875426852
9503,apart,9504,3.52,1.3438,2210.0,1719.0,3284.0,520.0,-8.550242875426852
9504,fallen,9505,3.52,1.4177,4023.0,2853.0,3831.0,1191.0,-8.550242875426852
9505,suspected,9506,3.52,1.1648,,4399.0,4032.0,,-8.550242875426852
9506,suspicion,9507,3.52,1.5016,,4653.0,,,-8.550242875426852
9507,teardrops,9508,3.52,1.729,,,,3639.0,-8.550242875426852
9508,tomb,9509,3.52,2.0428,,,,4611.0,-8.550242875426852
9509,ugh,9510,3.52,1.5016,559.0,,,4761.0,-8.550242875426852
9510,warned,9511,3.52,1.313,,,2687.0,4274.0,-8.550242875426852
9511,untrue,9512,3.51,1.309,,,,3856.0,-8.59632987416691
9512,casket,9513,3.5,2.102,,,,4381.0,-8.642416872906967
9513,dope,9514,3.5,1.7053,2646.0,,,1039.0,-8.642416872906967
9514,foe,9515,3.5,1.7053,,,,3976.0,-8.642416872906967
9515,hospital,9516,3.5,1.6194,803.0,1357.0,415.0,4555.0,-8.642416872906967
9516,paranoid,9517,3.5,1.8434,,,,4298.0,-8.642416872906967
9517,snake,9518,3.5,1.669,4003.0,,,2464.0,-8.642416872906967
9518,struck,9519,3.5,1.4033,,2419.0,2347.0,3121.0,-8.642416872906967
9519,deficiency,9520,3.49,1.6971,,4224.0,,,-8.688503871647024
9520,pressures,9521,3.49,1.7574,,3969.0,,,-8.688503871647024
9521,cant,9522,3.48,1.111,368.0,,,676.0,-8.734590870387084
9522,inmates,9523,3.48,2.0227,,,4528.0,,-8.734590870387084
9523,no,9524,3.48,1.2974,45.0,44.0,62.0,24.0,-8.734590870387084
9524,opponents,9525,3.48,1.0925,,,2715.0,,-8.734590870387084
9525,opposition,9526,3.48,1.2329,,1624.0,1480.0,,-8.734590870387084
9526,sucked,9527,3.48,1.8543,3344.0,,,3970.0,-8.734590870387084
9527,tobacco,9528,3.48,2.1782,,4037.0,2985.0,,-8.734590870387084
9528,unlikely,9529,3.48,1.313,,4429.0,2740.0,,-8.734590870387084
9529,zombie,9530,3.48,1.821,3309.0,,,,-8.734590870387084
9530,screams,9531,3.48,2.042,,,,1991.0,-8.734590870387084
9531,sinking,9532,3.48,1.7503,,,,2082.0,-8.734590870387084
9532,swollen,9533,3.48,1.8334,,,,4997.0,-8.734590870387084
9533,deceive,9534,3.47,2.0114,,,,3985.0,-8.78067786912714
9534,monsters,9535,3.47,1.6845,,,,4925.0,-8.78067786912714
9535,urine,9536,3.47,1.6721,,4119.0,,,-8.78067786912714
9536,chaos,9537,3.46,1.7867,3099.0,,,2670.0,-8.8267648678672
9537,creepy,9538,3.46,1.6928,2521.0,,,,-8.8267648678672
9538,fee,9539,3.46,1.2969,4718.0,4374.0,2351.0,,-8.8267648678672
9539,insanity,9540,3.46,2.1779,,,,3408.0,-8.8267648678672
9540,isolated,9541,3.46,1.8206,,2714.0,,,-8.8267648678672
9541,late,9542,3.46,1.1643,427.0,564.0,138.0,408.0,-8.8267648678672
9542,misspelled,9543,3.46,1.3584,,,1047.0,,-8.8267648678672
9543,misstated,9544,3.46,1.0144,,,176.0,,-8.8267648678672
9544,misunderstood,9545,3.46,1.7049,,,,4086.0,-8.8267648678672
9545,monster,9546,3.46,1.9189,2279.0,,,2379.0,-8.8267648678672
9546,refuse,9547,3.46,0.9304,3906.0,3994.0,,2056.0,-8.8267648678672
9547,shoot,9548,3.46,1.6686,1259.0,,4950.0,840.0,-8.8267648678672
9548,sting,9549,3.46,1.7404,,,,3354.0,-8.8267648678672
9549,thorn,9550,3.46,1.5677,,,,4994.0,-8.8267648678672
9550,wreck,9551,3.46,1.7979,,,,2153.0,-8.8267648678672
9551,fright,9552,3.45,1.8378,,,,4366.0,-8.872851866607256
9552,radiation,9553,3.45,2.2827,,2847.0,,,-8.872851866607256
9553,stab,9554,3.45,2.1317,,,,3206.0,-8.872851866607256
9554,confined,9555,3.44,1.7398,,3169.0,,,-8.918938865347316
9555,delays,9556,3.44,1.1457,4978.0,,,,-8.918938865347316
9556,deny,9557,3.44,1.3874,,3671.0,4695.0,1173.0,-8.918938865347316
9557,fault,9558,3.44,1.2961,1474.0,3196.0,,1653.0,-8.918938865347316
9558,forgot,9559,3.44,1.4165,828.0,,,1459.0,-8.918938865347316
9559,ghetto,9560,3.44,1.6922,4575.0,,,954.0,-8.918938865347316
9560,litigation,9561,3.44,1.5928,,,3707.0,,-8.918938865347316
9561,poop,9562,3.44,1.7162,4757.0,,,,-8.918938865347316
9562,seized,9563,3.44,1.4591,,3971.0,4543.0,,-8.918938865347316
9563,zero,9564,3.44,1.6433,2911.0,2424.0,,2671.0,-8.918938865347316
9564,cage,9565,3.44,1.9776,,,,2205.0,-8.918938865347316
9565,disappeared,9566,3.44,1.7734,,3763.0,,3995.0,-8.918938865347316
9566,trap,9567,3.44,1.8324,,,,2664.0,-8.918938865347316
9567,diss,9568,3.43,1.8819,,,,3596.0,-8.965025864087373
9568,foes,9569,3.43,1.3229,,,,4735.0,-8.965025864087373
9569,smashed,9570,3.42,1.7443,,,,4963.0,-9.011112862827432
9570,anxious,9571,3.42,1.6671,4242.0,3220.0,,,-9.011112862827432
9571,can't,9572,3.42,0.9708,,,,,-9.011112862827432
9572,cut,9573,3.42,1.295,437.0,788.0,711.0,513.0,-9.011112862827432
9573,erroneous,9574,3.42,1.1968,,,3094.0,,-9.011112862827432
9574,gangsta,9575,3.42,1.8962,,,,1130.0,-9.011112862827432
9575,gone,9576,3.42,1.739,541.0,960.0,1192.0,142.0,-9.011112862827432
9576,ignorant,9577,3.42,1.8745,,4687.0,,,-9.011112862827432
9577,invasion,9578,3.42,2.0212,,3775.0,4752.0,,-9.011112862827432
9578,lame,9579,3.42,1.4299,1616.0,,,2826.0,-9.011112862827432
9579,obsessed,9580,3.42,1.4721,3347.0,,,,-9.011112862827432
9580,raging,9581,3.42,1.6424,,,,3304.0,-9.011112862827432
9581,shatter,9582,3.42,1.8193,,,,4342.0,-9.011112862827432
9582,shouting,9583,3.42,1.6047,,,,4398.0,-9.011112862827432
9583,troubles,9584,3.42,2.1485,,,,1869.0,-9.011112862827432
9584,disturbed,9585,3.41,1.5932,,4965.0,,,-9.057199861567488
9585,zit,9586,3.41,1.6447,,,,4812.0,-9.057199861567488
9586,against,9587,3.4,1.2289,708.0,145.0,160.0,672.0,-9.103286860307549
9587,condolences,9588,3.4,1.8844,,,914.0,,-9.103286860307549
9588,muthafucka,9589,3.4,2.1946,,,,3342.0,-9.103286860307549
9589,separated,9590,3.4,1.3248,,2483.0,,,-9.103286860307549
9590,struggle,9591,3.4,1.7496,,1572.0,1442.0,1914.0,-9.103286860307549
9591,whores,9592,3.4,2.2946,,,,4275.0,-9.103286860307549
9592,deception,9593,3.39,1.8007,,,,4911.0,-9.149373859047605
9593,stain,9594,3.39,1.3357,,,,3531.0,-9.149373859047605
9594,unconscious,9595,3.39,1.5113,,4213.0,,,-9.149373859047605
9595,delay,9596,3.38,1.3231,4086.0,2934.0,2431.0,,-9.195460857787664
9596,difficulty,9597,3.38,1.2271,,1378.0,4922.0,,-9.195460857787664
9597,discontinued,9598,3.38,1.4553,,,1009.0,,-9.195460857787664
9598,eliminated,9599,3.38,1.689,,,4289.0,,-9.195460857787664
9599,haunting,9600,3.38,1.7366,,,,3391.0,-9.195460857787664
9600,hungry,9601,3.38,1.9261,516.0,,,1305.0,-9.195460857787664
9601,refused,9602,3.38,1.4553,,1995.0,1861.0,,-9.195460857787664
9602,wicked,9603,3.38,1.9472,2147.0,,,1327.0,-9.195460857787664
9603,blinded,9604,3.37,1.5771,,,,2575.0,-9.24154785652772
9604,hunger,9605,3.37,1.9968,,,,2195.0,-9.24154785652772
9605,torn,9606,3.37,1.4676,,,,1407.0,-9.24154785652772
9606,phony,9607,3.36,1.9137,,,,4751.0,-9.28763485526778
9607,argued,9608,3.36,1.4675,,2294.0,2350.0,,-9.28763485526778
9608,beast,9609,3.36,1.5221,1959.0,,,1828.0,-9.28763485526778
9609,bullet,9610,3.36,1.8043,3765.0,,,1686.0,-9.28763485526778
9610,busted,9611,3.36,1.3056,,,,3345.0,-9.28763485526778
9611,critic,9612,3.36,1.3211,,,2126.0,,-9.28763485526778
9612,dammit,9613,3.36,1.793,2932.0,,,,-9.28763485526778
9613,deleted,9614,3.36,1.4813,3995.0,,,,-9.28763485526778
9614,dentist,9615,3.36,1.6874,2037.0,,,,-9.28763485526778
9615,forbidden,9616,3.36,1.793,,,,4794.0,-9.28763485526778
9616,killin,9617,3.36,1.9458,,,,2942.0,-9.28763485526778
9617,syndrome,9618,3.36,1.0835,,2810.0,,,-9.28763485526778
9618,tornado,9619,3.36,1.8268,4095.0,,,,-9.28763485526778
9619,weapon,9620,3.36,1.663,4593.0,,4391.0,2927.0,-9.28763485526778
9620,emptiness,9621,3.35,1.9731,,,,2413.0,-9.333721854007837
9621,injection,9622,3.35,1.5776,,4591.0,,,-9.333721854007837
9622,burnt,9623,3.34,1.9337,,,,3098.0,-9.379808852747896
9623,complicated,9624,3.34,1.6977,4545.0,3262.0,3941.0,3547.0,-9.379808852747896
9624,crap,9625,3.34,1.6489,900.0,,,3525.0,-9.379808852747896
9625,never,9626,3.34,1.239,148.0,163.0,239.0,48.0,-9.379808852747896
9626,politicians,9627,3.34,1.1359,,4639.0,2213.0,,-9.379808852747896
9627,tired,9628,3.34,1.1178,365.0,3706.0,4272.0,522.0,-9.379808852747896
9628,traffic,9629,3.34,1.6489,982.0,2737.0,1765.0,2810.0,-9.379808852747896
9629,unfair,9630,3.34,2.0062,,,,4966.0,-9.379808852747896
9630,vulnerable,9631,3.34,1.5066,,,4584.0,,-9.379808852747896
9631,warning,9632,3.34,1.423,2329.0,3783.0,3137.0,1974.0,-9.379808852747896
9632,fucker,9633,3.33,2.2057,,,,2823.0,-9.425895851487953
9633,sinner,9634,3.33,1.8426,,,,3644.0,-9.425895851487953
9634,envy,9635,3.33,1.5463,,,,3550.0,-9.425895851487953
9635,whack,9636,3.32,1.4345,,,,4578.0,-9.471982850228013
9636,alone,9637,3.32,1.7313,485.0,587.0,1598.0,169.0,-9.471982850228013
9637,bleeds,9638,3.32,1.812,,,,4330.0,-9.471982850228013
9638,cannot,9639,3.32,0.9781,1045.0,270.0,733.0,637.0,-9.471982850228013
9639,confusion,9640,3.32,1.3619,,2927.0,,1888.0,-9.471982850228013
9640,couldn't,9641,3.32,1.1328,,,,,-9.471982850228013
9641,expenses,9642,3.32,1.3468,,3168.0,2134.0,,-9.471982850228013
9642,ignored,9643,3.32,1.5043,,4481.0,,4791.0,-9.471982850228013
9643,nigga,9644,3.32,2.0548,607.0,,,154.0,-9.471982850228013
9644,noose,9645,3.32,2.2172,,,,4964.0,-9.471982850228013
9645,opposed,9646,3.32,1.4061,,2153.0,2269.0,,-9.471982850228013
9646,restrictions,9647,3.32,0.957,,4020.0,3261.0,,-9.471982850228013
9647,scars,9648,3.32,1.7313,,,,2025.0,-9.471982850228013
9648,shots,9649,3.32,2.0146,2042.0,,2455.0,1534.0,-9.471982850228013
9649,savage,9650,3.31,1.9473,,,,4532.0,-9.51806984896807
9650,choke,9651,3.31,1.6858,,,,2233.0,-9.51806984896807
9651,cigarettes,9652,3.31,2.5997,,,,3279.0,-9.51806984896807
9652,doubts,9653,3.3,1.4321,,,,3488.0,-9.564156847708128
9653,fool,9654,3.3,1.2657,1984.0,,,414.0,-9.564156847708128
9654,fury,9655,3.3,1.7757,,,,4205.0,-9.564156847708128
9655,lowest,9656,3.3,1.165,,3703.0,4382.0,,-9.564156847708128
9656,suckers,9657,3.3,1.7053,,,,2917.0,-9.564156847708128
9657,whip,9658,3.3,1.7409,,,,1745.0,-9.564156847708128
9658,helpless,9659,3.29,2.0207,,,,2669.0,-9.610243846448185
9659,rats,9660,3.29,1.893,,4903.0,,3465.0,-9.610243846448185
9660,conspiracy,9661,3.28,1.4574,,,4227.0,,-9.656330845188245
9661,crashing,9662,3.28,1.8848,,,,2715.0,-9.656330845188245
9662,falling,9663,3.28,1.5391,1161.0,2877.0,3324.0,429.0,-9.656330845188245
9663,fools,9664,3.28,1.4003,4611.0,,,1119.0,-9.656330845188245
9664,lazy,9665,3.28,1.4574,763.0,,,2042.0,-9.656330845188245
9665,nuclear,9666,3.28,1.7847,4776.0,2173.0,1034.0,4845.0,-9.656330845188245
9666,scar,9667,3.28,1.4574,,,,3561.0,-9.656330845188245
9667,suspicious,9668,3.28,1.3708,,,,,-9.656330845188245
9668,scarred,9669,3.27,2.0287,,,,4428.0,-9.702417843928302
9669,screamed,9670,3.27,1.6429,,,,4265.0,-9.702417843928302
9670,cough,9671,3.26,1.4957,2919.0,,,,-9.74850484266836
9671,damned,9672,3.26,1.9672,,,,2154.0,-9.74850484266836
9672,frown,9673,3.24,1.7504,,,,2882.0,-9.840678840148476
9673,pimps,9674,3.24,2.0466,,,,4521.0,-9.840678840148476
9674,vengeance,9675,3.24,1.9097,,,,4692.0,-9.840678840148476
9675,canceled,9676,3.24,1.5722,,,4264.0,,-9.840678840148476
9676,cavity,9677,3.24,1.8245,,4911.0,,,-9.840678840148476
9677,delayed,9678,3.24,1.1877,2615.0,4997.0,3030.0,,-9.840678840148476
9678,dull,9679,3.24,1.2216,3974.0,4961.0,,4775.0,-9.840678840148476
9679,fat,9680,3.24,1.8245,548.0,2468.0,3436.0,828.0,-9.840678840148476
9680,jerk,9681,3.24,1.3024,3944.0,,,3658.0,-9.840678840148476
9681,missile,9682,3.24,1.8905,,,3516.0,,-9.840678840148476
9682,remorse,9683,3.24,1.2707,,,,4641.0,-9.840678840148476
9683,rot,9684,3.24,1.6107,,,,3404.0,-9.840678840148476
9684,screwed,9685,3.24,1.6107,4145.0,,,4908.0,-9.840678840148476
9685,gangstas,9686,3.23,1.7963,,,,4129.0,-9.886765838888534
9686,captured,9687,3.22,1.6073,,3794.0,3881.0,3765.0,-9.932852837628591
9687,critical,9688,3.22,1.4748,4934.0,1059.0,1837.0,,-9.932852837628591
9688,fell,9689,3.22,1.4748,1183.0,1263.0,852.0,644.0,-9.932852837628591
9689,forget,9690,3.22,1.2824,682.0,2604.0,2497.0,357.0,-9.932852837628591
9690,freezing,9691,3.22,1.5556,1878.0,,,3935.0,-9.932852837628591
9691,ignore,9692,3.22,1.3746,3020.0,,,1873.0,-9.932852837628591
9692,losers,9693,3.22,1.8767,,,,4170.0,-9.932852837628591
9693,lynch,9694,3.22,2.1217,,,2315.0,,-9.932852837628591
9694,wasting,9695,3.22,1.4184,3615.0,,,1666.0,-9.932852837628591
9695,defect,9696,3.21,1.7005,,4862.0,,,-9.97893983636865
9696,frightened,9697,3.2,1.8594,,,,3643.0,-10.025026835108708
9697,combat,9698,3.2,1.6782,,4885.0,3480.0,,-10.025026835108708
9698,convicted,9699,3.2,1.7728,,,1989.0,,-10.025026835108708
9699,defeat,9700,3.2,1.9483,,3458.0,3023.0,2961.0,-10.025026835108708
9700,dirty,9701,3.2,1.5119,848.0,,,683.0,-10.025026835108708
9701,dread,9702,3.2,1.9483,,,,3358.0,-10.025026835108708
9702,drug,9703,3.2,2.0702,2285.0,1591.0,633.0,1623.0,-10.025026835108708
9703,inferior,9704,3.2,1.4708,,3283.0,,,-10.025026835108708
9704,screamin,9705,3.2,1.7957,,,,3265.0,-10.025026835108708
9705,cryin,9706,3.19,1.7093,,,,4091.0,-10.071113833848766
9706,liar,9707,3.18,1.5636,,,,2075.0,-10.117200832588825
9707,aching,9708,3.18,1.4941,,,,3097.0,-10.117200832588825
9708,difficult,9709,3.18,0.8965,2170.0,575.0,958.0,4961.0,-10.117200832588825
9709,faggot,9710,3.18,1.9763,,,,4776.0,-10.117200832588825
9710,false,9711,3.18,1.3506,2590.0,1780.0,3277.0,2304.0,-10.117200832588825
9711,forgotten,9712,3.18,1.2728,3541.0,3079.0,3783.0,1414.0,-10.117200832588825
9712,garbage,9713,3.18,1.6249,3040.0,,4925.0,3755.0,-10.117200832588825
9713,kicked,9714,3.18,1.3952,2709.0,,,2211.0,-10.117200832588825
9714,scandal,9715,3.18,1.5609,4972.0,,3756.0,,-10.117200832588825
9715,sinners,9716,3.18,1.7807,,,,4596.0,-10.117200832588825
9716,suspension,9717,3.18,1.4803,,,4773.0,,-10.117200832588825
9717,woe,9718,3.18,2.007,,,,4787.0,-10.117200832588825
9718,accusations,9719,3.16,1.5301,,,4099.0,,-10.20937483006894
9719,complain,9720,3.16,1.5566,3270.0,,,2620.0,-10.20937483006894
9720,declined,9721,3.16,1.5434,,4539.0,1202.0,,-10.20937483006894
9721,disorders,9722,3.16,1.4337,,2879.0,,,-10.20937483006894
9722,doubt,9723,3.16,1.2675,1800.0,873.0,2110.0,706.0,-10.20937483006894
9723,forced,9724,3.16,1.2675,3414.0,1488.0,1510.0,3023.0,-10.20937483006894
9724,lack,9725,3.16,1.2835,1892.0,1098.0,1867.0,2246.0,-10.20937483006894
9725,severe,9726,3.16,1.7186,3956.0,1613.0,3660.0,,-10.20937483006894
9726,smoke,9727,3.16,1.9416,1784.0,3391.0,3857.0,585.0,-10.20937483006894
9727,yuck,9728,3.16,1.6333,4763.0,,,,-10.20937483006894
9728,feared,9729,3.14,1.9257,,4476.0,,,-10.301548827549055
9729,gangster,9730,3.14,2.189,,,,3764.0,-10.301548827549055
9730,argument,9731,3.14,1.552,,1266.0,2912.0,,-10.301548827549055
9731,avoid,9732,3.14,1.578,2069.0,1427.0,1749.0,3256.0,-10.301548827549055
9732,bitch,9733,3.14,1.8071,556.0,,,263.0,-10.301548827549055
9733,bruise,9734,3.14,1.2124,,,,4837.0,-10.301548827549055
9734,dismissed,9735,3.14,1.1068,,,2375.0,,-10.301548827549055
9735,disorder,9736,3.14,1.3999,,2988.0,,,-10.301548827549055
9736,exhausted,9737,3.14,1.7144,2598.0,,,,-10.301548827549055
9737,incorrectly,9738,3.14,1.0304,,,475.0,,-10.301548827549055
9738,isolation,9739,3.14,1.4976,,4097.0,,,-10.301548827549055
9739,scream,9740,3.14,1.4144,1950.0,,,729.0,-10.301548827549055
9740,slapped,9741,3.14,1.552,,,,4886.0,-10.301548827549055
9741,spit,9742,3.14,1.4144,4938.0,,,980.0,-10.301548827549055
9742,suck,9743,3.14,1.8184,1020.0,,,1192.0,-10.301548827549055
9743,sucks,9744,3.14,1.4848,753.0,,,3541.0,-10.301548827549055
9744,suspect,9745,3.14,1.3095,3614.0,,2552.0,,-10.301548827549055
9745,whore,9746,3.14,2.1094,2168.0,,,2260.0,-10.301548827549055
9746,wrong,9747,3.14,0.9691,462.0,1237.0,1382.0,199.0,-10.301548827549055
9747,cursed,9748,3.12,1.9646,,,,3351.0,-10.393722825029172
9748,doom,9749,3.12,1.9217,,,,3035.0,-10.393722825029172
9749,desperate,9750,3.12,1.6243,3876.0,,,2649.0,-10.393722825029172
9750,lonesome,9751,3.12,1.6243,,,,1629.0,-10.393722825029172
9751,regret,9752,3.12,1.507,3706.0,,3994.0,1357.0,-10.393722825029172
9752,rob,9753,3.12,1.8913,2296.0,,3968.0,2086.0,-10.393722825029172
9753,defects,9754,3.1,1.5578,,4221.0,,,-10.48589682250929
9754,ambulance,9755,3.1,1.6067,4189.0,,,,-10.48589682250929
9755,annoy,9756,3.1,1.3887,4567.0,,,,-10.48589682250929
9756,conflict,9757,3.1,1.5286,,1308.0,1819.0,,-10.48589682250929
9757,criticism,9758,3.1,1.1473,,1974.0,2295.0,,-10.48589682250929
9758,execution,9759,3.1,2.3889,,2975.0,,,-10.48589682250929
9759,fought,9760,3.1,1.3887,,3193.0,3326.0,2310.0,-10.48589682250929
9760,indictment,9761,3.1,1.7757,,,3526.0,,-10.48589682250929
9761,pity,9762,3.1,1.3132,4294.0,4817.0,,2141.0,-10.48589682250929
9762,smoking,9763,3.1,1.9404,2431.0,,3619.0,1982.0,-10.48589682250929
9763,stink,9764,3.1,1.2164,4806.0,,,,-10.48589682250929
9764,tear,9765,3.1,1.374,3324.0,,,691.0,-10.48589682250929
9765,unable,9766,3.1,0.8391,,1970.0,2591.0,,-10.48589682250929
9766,cigarette,9767,3.09,2.5163,,,,2678.0,-10.531983821249346
9767,beg,9768,3.08,1.336,,,,1451.0,-10.578070819989405
9768,prejudice,9769,3.08,1.7893,,4980.0,,,-10.578070819989405
9769,bullshit,9770,3.08,2.0785,2658.0,,,1734.0,-10.578070819989405
9770,decay,9771,3.08,1.4119,,5000.0,,3452.0,-10.578070819989405
9771,decline,9772,3.08,1.2262,,2550.0,1809.0,,-10.578070819989405
9772,deficit,9773,3.08,1.3529,,,2075.0,,-10.578070819989405
9773,difficulties,9774,3.08,1.2752,,1713.0,4504.0,,-10.578070819989405
9774,graves,9775,3.08,1.8499,,,,4145.0,-10.578070819989405
9775,regrets,9776,3.08,1.5232,,,,2581.0,-10.578070819989405
9776,suspended,9777,3.08,1.2591,,4793.0,2153.0,,-10.578070819989405
9777,trapped,9778,3.08,1.5232,,,,1733.0,-10.578070819989405
9778,yelling,9779,3.08,1.5628,4811.0,,,,-10.578070819989405
9779,aging,9780,3.06,1.6214,,,4835.0,,-10.67024481746952
9780,arguing,9781,3.06,1.3614,,,4834.0,,-10.67024481746952
9781,bullets,9782,3.06,1.963,,,,1995.0,-10.67024481746952
9782,dumb,9783,3.06,0.9564,1378.0,,,1297.0,-10.67024481746952
9783,emergency,9784,3.06,1.7775,3160.0,3497.0,1892.0,,-10.67024481746952
9784,greed,9785,3.06,1.921,,,,2242.0,-10.67024481746952
9785,idiot,9786,3.06,1.5308,1476.0,,,,-10.67024481746952
9786,idiots,9787,3.06,1.6088,4121.0,,,,-10.67024481746952
9787,inadequate,9788,3.06,1.3311,,4264.0,,,-10.67024481746952
9788,refugees,9789,3.06,1.6587,,,3236.0,,-10.67024481746952
9789,turmoil,9790,3.06,1.634,,,4651.0,,-10.67024481746952
9790,rotting,9791,3.04,1.5293,,,,4971.0,-10.762418814949637
9791,greedy,9792,3.04,2.0306,,,,3998.0,-10.762418814949637
9792,havoc,9793,3.04,1.6827,,,,4856.0,-10.762418814949637
9793,arguments,9794,3.04,1.5248,,2415.0,3916.0,,-10.762418814949637
9794,bled,9795,3.04,1.5903,,,,4623.0,-10.762418814949637
9795,bored,9796,3.04,1.1945,291.0,,,2424.0,-10.762418814949637
9796,complaints,9797,3.04,1.3242,,,2937.0,,-10.762418814949637
9797,horror,9798,3.04,1.9996,1819.0,,,3611.0,-10.762418814949637
9798,insane,9799,3.04,1.7257,1439.0,,,999.0,-10.762418814949637
9799,jealousy,9800,3.04,1.5513,,,,3154.0,-10.762418814949637
9800,lawsuits,9801,3.04,1.7019,,,4351.0,,-10.762418814949637
9801,rat,9802,3.04,1.8622,3275.0,4370.0,,2616.0,-10.762418814949637
9802,resignation,9803,3.04,1.261,,,2337.0,,-10.762418814949637
9803,scare,9804,3.04,1.5644,4233.0,,,3468.0,-10.762418814949637
9804,anxiety,9805,3.03,1.8923,,2523.0,,,-10.808505813689695
9805,fiend,9806,3.02,1.5532,,,,2992.0,-10.854592812429754
9806,hostile,9807,3.02,1.9737,,4160.0,,,-10.854592812429754
9807,weeping,9808,3.02,1.8199,,,,3396.0,-10.854592812429754
9808,broken,9809,3.02,1.4068,752.0,1582.0,2502.0,436.0,-10.854592812429754
9809,criticized,9810,3.02,1.5713,,,2505.0,,-10.854592812429754
9810,offensive,9811,3.02,1.5583,,,2630.0,,-10.854592812429754
9811,trembling,9812,3.02,1.3013,,,,4063.0,-10.854592812429754
9812,argue,9813,3.0,1.5386,,3440.0,3278.0,4631.0,-10.94676680990987
9813,argues,9814,3.0,1.6759,,4606.0,,,-10.94676680990987
9814,bitter,9815,3.0,1.2454,4519.0,3724.0,4710.0,1491.0,-10.94676680990987
9815,condemned,9816,3.0,1.7321,,4597.0,,,-10.94676680990987
9816,fights,9817,3.0,1.3702,4630.0,,,3262.0,-10.94676680990987
9817,muthafuckin,9818,3.0,2.3094,,,,4107.0,-10.94676680990987
9818,vicious,9819,3.0,1.9272,,,,3913.0,-10.94676680990987
9819,battle,9820,2.98,1.7319,1882.0,1209.0,1208.0,1223.0,-11.038940807389984
9820,confused,9821,2.98,1.2856,981.0,4328.0,,1614.0,-11.038940807389984
9821,crappy,9822,2.98,1.6597,3393.0,,,,-11.038940807389984
9822,damn,9823,2.98,1.6224,254.0,,,457.0,-11.038940807389984
9823,guns,9824,2.98,2.0151,3113.0,3247.0,3475.0,1006.0,-11.038940807389984
9824,ignorance,9825,2.98,1.3626,3808.0,3740.0,,3264.0,-11.038940807389984
9825,missing,9826,2.98,1.3775,873.0,3928.0,2154.0,941.0,-11.038940807389984
9826,niggaz,9827,2.98,2.1332,4156.0,,,332.0,-11.038940807389984
9827,problem,9828,2.98,1.4068,791.0,350.0,639.0,1150.0,-11.038940807389984
9828,worthless,9829,2.98,1.9112,,,,4473.0,-11.038940807389984
9829,insecure,9830,2.98,1.1271,,,,4496.0,-11.038940807389984
9830,coffin,9831,2.96,1.9894,,,,4028.0,-11.131114804870101
9831,conflicts,9832,2.96,1.4563,,3965.0,,,-11.131114804870101
9832,damages,9833,2.96,1.3696,,,4545.0,,-11.131114804870101
9833,lawsuit,9834,2.96,1.6157,4907.0,,2018.0,,-11.131114804870101
9834,niggas,9835,2.96,2.0698,1252.0,,,287.0,-11.131114804870101
9835,screaming,9836,2.96,1.5248,2952.0,,,1128.0,-11.131114804870101
9836,wound,9837,2.96,1.6777,,3471.0,,2550.0,-11.131114804870101
9837,bloody,9838,2.94,1.6953,1201.0,,,1602.0,-11.223288802350218
9838,cemetery,9839,2.94,1.7072,,,708.0,,-11.223288802350218
9839,choking,9840,2.94,1.878,,,,4061.0,-11.223288802350218
9840,explosion,9841,2.94,1.596,,,4414.0,,-11.223288802350218
9841,foul,9842,2.94,1.3311,4557.0,,,3423.0,-11.223288802350218
9842,nervous,9843,2.94,1.3311,1477.0,2644.0,,2257.0,-11.223288802350218
9843,sore,9844,2.94,1.3311,1912.0,,,2808.0,-11.223288802350218
9844,tension,9845,2.94,1.5832,,2875.0,,3750.0,-11.223288802350218
9845,thief,9846,2.94,2.2077,,,,3239.0,-11.223288802350218
9846,thug,9847,2.94,1.596,,,,993.0,-11.223288802350218
9847,unfortunate,9848,2.94,1.4636,,4669.0,,,-11.223288802350218
9848,weakness,9849,2.94,1.5331,,3496.0,,2801.0,-11.223288802350218
9849,breakdown,9850,2.94,1.3591,,,,3369.0,-11.223288802350218
9850,bury,9851,2.93,1.5261,,,,1933.0,-11.269375801090273
9851,accused,9852,2.92,1.5497,3889.0,3838.0,1390.0,,-11.315462799830334
9852,awful,9853,2.92,1.9361,2234.0,,,2870.0,-11.315462799830334
9853,burn,9854,2.92,1.3377,1163.0,,,469.0,-11.315462799830334
9854,cries,9855,2.92,1.5887,,,,1215.0,-11.315462799830334
9855,hangover,9856,2.92,1.7124,3029.0,,,,-11.315462799830334
9856,mistakes,9857,2.92,1.4546,3380.0,,4994.0,1498.0,-11.315462799830334
9857,problems,9858,2.92,1.5628,1409.0,423.0,596.0,1366.0,-11.315462799830334
9858,riot,9859,2.92,1.7594,4460.0,,,3285.0,-11.315462799830334
9859,sleepless,9860,2.92,1.5497,,,,4419.0,-11.315462799830334
9860,demon,9861,2.92,1.9552,,,,2569.0,-11.315462799830334
9861,boring,9862,2.9,1.1473,1135.0,,,3537.0,-11.407636797310449
9862,bruised,9863,2.9,1.7525,,,,4326.0,-11.407636797310449
9863,burned,9864,2.9,1.4178,4534.0,4291.0,,1387.0,-11.407636797310449
9864,collapse,9865,2.9,1.4463,,,3630.0,,-11.407636797310449
9865,complained,9866,2.9,0.9949,,,3575.0,,-11.407636797310449
9866,debt,9867,2.9,1.6568,1626.0,2272.0,834.0,4422.0,-11.407636797310449
9867,fake,9868,2.9,1.2495,1405.0,,,970.0,-11.407636797310449
9868,frustrated,9869,2.9,1.6067,2659.0,,,,-11.407636797310449
9869,impossible,9870,2.9,1.2657,2913.0,1141.0,2971.0,2287.0,-11.407636797310449
9870,ouch,9871,2.9,1.669,2800.0,,,,-11.407636797310449
9871,deadly,9872,2.9,1.8171,,,,2540.0,-11.407636797310449
9872,disrespect,9873,2.9,1.7824,,,,4021.0,-11.407636797310449
9873,drown,9874,2.9,2.0941,,,,1422.0,-11.407636797310449
9874,badly,9875,2.88,1.6117,3196.0,4713.0,4501.0,4799.0,-11.499810794790566
9875,banned,9876,2.88,1.2879,,,4769.0,,-11.499810794790566
9876,burning,9877,2.88,1.4934,2409.0,3078.0,,564.0,-11.499810794790566
9877,cancelled,9878,2.88,1.1542,3271.0,,,,-11.499810794790566
9878,dislike,9879,2.88,1.1183,4778.0,,,,-11.499810794790566
9879,threats,9880,2.88,1.7687,,,1676.0,,-11.499810794790566
9880,sins,9881,2.88,1.3171,,4649.0,,2011.0,-11.499810794790566
9881,bombs,9882,2.86,2.2679,,,,2867.0,-11.591984792270683
9882,complaint,9883,2.86,1.0104,,4906.0,3409.0,,-11.591984792270683
9883,errors,9884,2.86,0.9691,,2709.0,4531.0,,-11.591984792270683
9884,illegal,9885,2.86,1.3704,4110.0,,2044.0,,-11.591984792270683
9885,lonely,9886,2.86,1.512,1412.0,,,338.0,-11.591984792270683
9886,mourns,9887,2.86,1.9379,,,1694.0,,-11.591984792270683
9887,prisoner,9888,2.86,1.8518,,4485.0,,3860.0,-11.591984792270683
9888,stress,9889,2.86,1.6037,1086.0,1389.0,4847.0,1994.0,-11.591984792270683
9889,tax,9890,2.86,1.4144,1490.0,962.0,312.0,4826.0,-11.591984792270683
9890,violations,9891,2.86,1.4287,,,3665.0,,-11.591984792270683
9891,widow,9892,2.86,1.8737,,,3217.0,,-11.591984792270683
9892,addict,9893,2.84,1.3149,3931.0,,,,-11.684158789750798
9893,buried,9894,2.84,1.4194,,3355.0,4233.0,1867.0,-11.684158789750798
9894,devils,9895,2.84,1.7066,,,3874.0,3572.0,-11.684158789750798
9895,dump,9896,2.84,1.3303,3700.0,,,3582.0,-11.684158789750798
9896,hater,9897,2.84,1.8775,,,,4953.0,-11.684158789750798
9897,incorrect,9898,2.84,1.0174,,,2417.0,,-11.684158789750798
9898,infection,9899,2.84,1.6458,3997.0,2287.0,,,-11.684158789750798
9899,neglected,9900,2.84,1.7538,,4450.0,,,-11.684158789750798
9900,penalty,9901,2.84,1.3149,4432.0,,2488.0,,-11.684158789750798
9901,terrible,9902,2.84,1.8111,1034.0,3047.0,4119.0,3105.0,-11.684158789750798
9902,unkind,9903,2.84,1.8775,,,,3128.0,-11.684158789750798
9903,weak,9904,2.84,1.2513,2491.0,2066.0,3776.0,844.0,-11.684158789750798
9904,annoying,9905,2.82,1.32,1399.0,,,,-11.776332787230913
9905,bills,9906,2.82,1.6374,2679.0,4007.0,1456.0,2135.0,-11.776332787230913
9906,blame,9907,2.82,1.5345,1872.0,4527.0,3610.0,668.0,-11.776332787230913
9907,burden,9908,2.82,1.5345,,3245.0,3973.0,3675.0,-11.776332787230913
9908,complaining,9909,2.82,1.1373,4289.0,,,,-11.776332787230913
9909,danger,9910,2.82,1.6374,3057.0,1550.0,3045.0,1536.0,-11.776332787230913
9910,demise,9911,2.82,1.7343,,,,4429.0,-11.776332787230913
9911,despair,9912,2.82,2.007,,4787.0,,2426.0,-11.776332787230913
9912,disabled,9913,2.82,1.1899,,,3114.0,,-11.776332787230913
9913,discrimination,9914,2.82,1.4941,,3552.0,3974.0,,-11.776332787230913
9914,filthy,9915,2.82,1.826,,,,3543.0,-11.776332787230913
9915,gun,9916,2.82,1.4097,1339.0,3040.0,2050.0,532.0,-11.776332787230913
9916,lied,9917,2.82,1.207,4981.0,,,1455.0,-11.776332787230913
9917,missiles,9918,2.82,1.5868,,,3923.0,,-11.776332787230913
9918,mourners,9919,2.82,1.5996,,,4313.0,,-11.776332787230913
9919,obituary,9920,2.82,1.6986,,,1569.0,,-11.776332787230913
9920,prosecution,9921,2.82,1.5077,,,3566.0,,-11.776332787230913
9921,worry,9922,2.82,1.7106,1289.0,4511.0,2542.0,728.0,-11.776332787230913
9922,mafia,9923,2.81,1.7943,,,,4800.0,-11.82241978597097
9923,wounds,9924,2.8,2.0203,,,,2186.0,-11.86850678471103
9924,burns,9925,2.78,1.4469,,,4147.0,1403.0,-11.960680782191147
9925,cowards,9926,2.78,1.3596,,,,4701.0,-11.960680782191147
9926,fever,9927,2.78,1.5556,2003.0,3063.0,,1633.0,-11.960680782191147
9927,mistake,9928,2.78,1.2002,1735.0,3388.0,3852.0,1238.0,-11.960680782191147
9928,trouble,9929,2.78,1.4748,865.0,1656.0,2064.0,720.0,-11.960680782191147
9929,troubled,9930,2.78,1.4327,,,3668.0,2946.0,-11.960680782191147
9930,wasted,9931,2.78,1.1657,2582.0,,,1254.0,-11.960680782191147
9931,bitches,9932,2.76,1.9226,1562.0,,,613.0,-12.052854779671263
9932,bleeding,9933,2.76,1.6606,,,,1522.0,-12.052854779671263
9933,fighting,9934,2.76,1.5722,1789.0,2366.0,1629.0,1129.0,-12.052854779671263
9934,lose,9935,2.76,1.0984,832.0,2249.0,1514.0,358.0,-12.052854779671263
9935,lost,9936,2.76,1.3933,224.0,617.0,524.0,211.0,-12.052854779671263
9936,pathetic,9937,2.76,1.2867,4375.0,,,,-12.052854779671263
9937,unfortunately,9938,2.76,1.5722,2770.0,2881.0,3758.0,,-12.052854779671263
9938,neglect,9939,2.76,2.175,,4444.0,,,-12.052854779671263
9939,defeated,9940,2.74,1.6138,3834.0,4446.0,2111.0,,-12.145028777151376
9940,loses,9941,2.74,1.2423,4481.0,,,,-12.145028777151376
9941,stressed,9942,2.74,1.1214,4388.0,,,,-12.145028777151376
9942,ugly,9943,2.74,1.4401,836.0,,,1528.0,-12.145028777151376
9943,violation,9944,2.74,1.0844,,,4789.0,,-12.145028777151376
9944,unholy,9945,2.73,1.3951,,,,4626.0,-12.191115775891435
9945,addiction,9946,2.72,1.4574,4363.0,,,4877.0,-12.237202774631493
9946,arrests,9947,2.72,1.5913,,,4447.0,,-12.237202774631493
9947,disgrace,9948,2.72,1.4148,,,,3417.0,-12.237202774631493
9948,heartbreaker,9949,2.72,1.7266,,,,4947.0,-12.237202774631493
9949,mourn,9950,2.72,1.8848,,,1180.0,4936.0,-12.237202774631493
9950,struggling,9951,2.72,1.2129,4715.0,,4033.0,,-12.237202774631493
9951,desperation,9952,2.7,1.9086,,,,4939.0,-12.329376772111608
9952,distress,9953,2.7,1.4178,,4420.0,,,-12.329376772111608
9953,fight,9954,2.7,1.7409,497.0,1671.0,1042.0,363.0,-12.329376772111608
9954,spam,9955,2.7,1.374,2414.0,,,,-12.329376772111608
9955,taxes,9956,2.7,1.5286,3118.0,2442.0,584.0,,-12.329376772111608
9956,waste,9957,2.7,1.0546,1148.0,2485.0,2693.0,764.0,-12.329376772111608
9957,worse,9958,2.7,1.4178,1243.0,2245.0,2472.0,1287.0,-12.329376772111608
9958,sorrows,9959,2.69,1.7819,,,,4889.0,-12.375463770851667
9959,bleed,9960,2.69,1.5731,,,,1012.0,-12.375463770851667
9960,ache,9961,2.68,1.2027,3673.0,,,3691.0,-12.421550769591725
9961,bastards,9962,2.68,1.5178,,,,4415.0,-12.421550769591725
9962,fears,9963,2.68,1.2688,,4066.0,3494.0,1221.0,-12.421550769591725
9963,injuries,9964,2.68,1.5043,,4922.0,2840.0,,-12.421550769591725
9964,jealous,9965,2.68,1.2027,1472.0,,,1955.0,-12.421550769591725
9965,misery,9966,2.68,2.0448,,,,1339.0,-12.421550769591725
9966,ruin,9967,2.68,1.5706,3709.0,,,3092.0,-12.421550769591725
9967,shame,9968,2.68,1.3005,1946.0,4636.0,,765.0,-12.421550769591725
9968,stupid,9969,2.68,1.2196,332.0,,,984.0,-12.421550769591725
9969,trash,9970,2.68,1.2196,1903.0,,,2176.0,-12.421550769591725
9970,deaf,9971,2.67,1.3262,,,,3666.0,-12.467637768331784
9971,afraid,9972,2.66,1.5066,1096.0,2447.0,3226.0,525.0,-12.51372476707184
9972,ban,9973,2.66,1.3188,3824.0,,2135.0,,-12.51372476707184
9973,drugs,9974,2.66,1.6364,2738.0,2194.0,1411.0,1514.0,-12.51372476707184
9974,loneliness,9975,2.66,1.8139,,,,1803.0,-12.51372476707184
9975,penalties,9976,2.66,1.0806,,,4796.0,,-12.51372476707184
9976,surgery,9977,2.66,1.7451,1548.0,2945.0,1842.0,,-12.51372476707184
9977,tensions,9978,2.66,1.2554,,,4117.0,,-12.51372476707184
9978,bad,9979,2.64,1.4675,172.0,946.0,878.0,221.0,-12.605898764551958
9979,curse,9980,2.64,1.3516,4688.0,,,1874.0,-12.605898764551958
9980,demons,9981,2.64,2.0678,,,,2065.0,-12.605898764551958
9981,enemy,9982,2.64,1.3211,4424.0,1361.0,,1481.0,-12.605898764551958
9982,guilty,9983,2.64,1.5877,1640.0,3375.0,1671.0,1841.0,-12.605898764551958
9983,inflation,9984,2.64,1.3365,,4538.0,2261.0,,-12.605898764551958
9984,motherfucking,9985,2.64,2.4558,,,,2910.0,-12.605898764551958
9985,sin,9986,2.64,1.6995,583.0,1998.0,,506.0,-12.605898764551958
9986,heartaches,9987,2.63,2.0184,,,,3986.0,-12.651985763292014
9987,#fail,9988,2.62,1.4831,,,,,-12.698072762032073
9988,beaten,9989,2.62,1.5894,,,4798.0,3882.0,-12.698072762032073
9989,lies,9990,2.62,1.3834,2347.0,1625.0,3922.0,391.0,-12.698072762032073
9990,losing,9991,2.62,1.1761,1744.0,4278.0,1884.0,820.0,-12.698072762032073
9991,nasty,9992,2.62,1.2271,1147.0,,,1595.0,-12.698072762032073
9992,retarded,9993,2.62,1.5372,4301.0,,,,-12.698072762032073
9993,rude,9994,2.62,1.6399,1536.0,,,2909.0,-12.698072762032073
9994,threatened,9995,2.62,1.4693,,3486.0,2999.0,,-12.698072762032073
9995,violated,9996,2.62,1.3834,,,4570.0,,-12.698072762032073
9996,thugs,9997,2.61,2.0798,,,,1622.0,-12.744159760772131
9997,abortion,9998,2.6,1.5253,4419.0,,2218.0,,-12.79024675951219
9998,brutal,9999,2.6,2.08,3657.0,,,,-12.79024675951219
9999,crash,10000,2.6,1.3702,995.0,,2487.0,1736.0,-12.79024675951219
10000,error,10001,2.6,0.8081,3716.0,1531.0,502.0,,-12.79024675951219
10001,lie,10002,2.6,1.6162,772.0,1699.0,4500.0,356.0,-12.79024675951219
10002,mad,10003,2.6,1.3248,357.0,4499.0,,565.0,-12.79024675951219
10003,selfish,10004,2.6,1.0498,4056.0,,,2892.0,-12.79024675951219
10004,stole,10005,2.6,1.4142,3081.0,,,1588.0,-12.79024675951219
10005,worries,10006,2.6,1.3248,3528.0,,,2994.0,-12.79024675951219
10006,ashamed,10007,2.59,1.3057,,,,2193.0,-12.836333758252248
10007,infections,10008,2.59,1.914,,4912.0,,,-12.836333758252248
10008,annoyed,10009,2.58,1.6424,3122.0,,,,-12.882420756992305
10009,blind,10010,2.58,1.2304,1648.0,2989.0,4471.0,552.0,-12.882420756992305
10010,cheated,10011,2.58,1.5919,,,,4509.0,-12.882420756992305
10011,damage,10012,2.58,1.4995,2481.0,2097.0,1910.0,2553.0,-12.882420756992305
10012,disgusting,10013,2.58,1.4721,4351.0,,,,-12.882420756992305
10013,guilt,10014,2.58,1.4577,,4373.0,,2891.0,-12.882420756992305
10014,lying,10015,2.58,1.7034,2448.0,2427.0,,846.0,-12.882420756992305
10015,motherfuckin,10016,2.58,2.3043,,,,1562.0,-12.882420756992305
10016,rotten,10017,2.58,1.6047,,,,3167.0,-12.882420756992305
10017,scared,10018,2.58,1.4299,797.0,,,699.0,-12.882420756992305
10018,scary,10019,2.58,1.7272,1449.0,,,3259.0,-12.882420756992305
10019,shitty,10020,2.58,1.5661,3377.0,,,,-12.882420756992305
10020,starving,10021,2.58,1.4721,2502.0,,,4919.0,-12.882420756992305
10021,stroke,10022,2.58,1.6047,,4263.0,4793.0,3284.0,-12.882420756992305
10022,betrayed,10023,2.57,1.8257,,,,3731.0,-12.928507755732364
10023,nightmares,10024,2.56,1.6491,,,,3847.0,-12.974594754472422
10024,assault,10025,2.56,1.6557,3980.0,,2823.0,,-12.974594754472422
10025,beating,10026,2.56,1.8969,3486.0,,3698.0,1589.0,-12.974594754472422
10026,grave,10027,2.56,1.8534,,2710.0,,1179.0,-12.974594754472422
10027,hopeless,10028,2.56,1.6557,,,,3014.0,-12.974594754472422
10028,loss,10029,2.56,1.5005,1370.0,724.0,192.0,2222.0,-12.974594754472422
10029,rage,10030,2.56,1.514,2864.0,,,1524.0,-12.974594754472422
10030,satan,10031,2.56,2.1301,,,,2551.0,-12.974594754472422
10031,upset,10032,2.56,1.4309,1303.0,,2988.0,3565.0,-12.974594754472422
10032,corpse,10033,2.55,1.9585,,,,4331.0,-13.020681753212479
10033,abandoned,10034,2.54,1.3734,,3216.0,3935.0,4406.0,-13.066768751952537
10034,broke,10035,2.54,1.2811,1141.0,2522.0,2088.0,629.0,-13.066768751952537
10035,cocaine,10036,2.54,1.8318,,,4174.0,2871.0,-13.066768751952537
10036,denied,10037,2.54,1.1988,,3335.0,1813.0,2711.0,-13.066768751952537
10037,harm,10038,2.54,1.4458,,3864.0,4971.0,2096.0,-13.066768751952537
10038,hurricane,10039,2.54,1.5677,3313.0,,4419.0,3302.0,-13.066768751952537
10039,miserable,10040,2.54,1.6686,4536.0,,,,-13.066768751952537
10040,pissed,10041,2.54,1.328,1680.0,,,3101.0,-13.066768751952537
10041,ruined,10042,2.54,1.6189,4029.0,,,,-13.066768751952537
10042,tumor,10043,2.53,2.0011,,3646.0,,,-13.112855750692596
10043,attacked,10044,2.52,1.555,,3461.0,4089.0,,-13.158942749432654
10044,bastard,10045,2.52,1.2974,2987.0,,,2975.0,-13.158942749432654
10045,destroy,10046,2.52,1.8097,2999.0,3311.0,4978.0,1724.0,-13.158942749432654
10046,failing,10047,2.52,1.2656,,,3967.0,,-13.158942749432654
10047,shooting,10048,2.52,1.7407,2062.0,,1836.0,2352.0,-13.158942749432654
10048,useless,10049,2.52,1.4177,2517.0,4984.0,,3000.0,-13.158942749432654
10049,motherfuckers,10050,2.51,2.4675,,,,1466.0,-13.205029748172713
10050,betray,10051,2.5,1.632,,,,4881.0,-13.25111674691277
10051,psycho,10052,2.5,1.4743,,,,3229.0,-13.25111674691277
10052,shit,10053,2.5,1.5152,200.0,,,153.0,-13.25111674691277
10053,shot,10054,2.5,1.6568,931.0,2046.0,809.0,603.0,-13.25111674691277
10054,stolen,10055,2.5,1.3887,4143.0,,4423.0,2797.0,-13.25111674691277
10055,crisis,10056,2.48,1.6689,1199.0,1893.0,1336.0,,-13.343290744392887
10056,damaged,10057,2.48,1.0349,,,4151.0,,-13.343290744392887
10057,haters,10058,2.48,1.555,3441.0,,,1978.0,-13.343290744392887
10058,recession,10059,2.48,1.5016,3005.0,,3958.0,,-13.343290744392887
10059,saddam,10060,2.48,1.568,,,4556.0,,-13.343290744392887
10060,slap,10061,2.48,1.5285,2233.0,,,2189.0,-13.343290744392887
10061,attacks,10062,2.46,1.4598,3741.0,3127.0,1548.0,,-13.435464741873002
10062,crashed,10063,2.46,1.4028,4167.0,,,4854.0,-13.435464741873002
10063,losses,10064,2.46,1.4458,4767.0,3320.0,1174.0,,-13.435464741873002
10064,panic,10065,2.46,1.3433,2166.0,,,3193.0,-13.435464741873002
10065,steal,10066,2.46,1.6807,2774.0,,,1033.0,-13.435464741873002
10066,stealing,10067,2.46,1.3126,4775.0,,,3252.0,-13.435464741873002
10067,tears,10068,2.46,1.5012,2033.0,2706.0,,352.0,-13.435464741873002
10068,burial,10069,2.44,1.9183,,,1346.0,,-13.527638739353119
10069,cheat,10070,2.44,1.2316,4430.0,,,2879.0,-13.527638739353119
10070,dangerous,10071,2.44,1.4591,3097.0,2160.0,2597.0,1786.0,-13.527638739353119
10071,drowning,10072,2.44,1.5928,,,,1925.0,-13.527638739353119
10072,enemies,10073,2.44,1.473,,2704.0,,2015.0,-13.527638739353119
10073,hating,10074,2.44,1.445,3645.0,,,3533.0,-13.527638739353119
10074,prisoners,10075,2.44,1.4591,,3141.0,3297.0,,-13.527638739353119
10075,saddened,10076,2.44,1.2803,,,3439.0,,-13.527638739353119
10076,arrest,10077,2.42,1.4859,,4349.0,2330.0,,-13.619812736833234
10077,attack,10078,2.42,1.4299,1459.0,1186.0,1057.0,1467.0,-13.619812736833234
10078,flood,10079,2.42,1.3716,3217.0,4574.0,,3044.0,-13.619812736833234
10079,ill,10080,2.42,1.2304,630.0,1404.0,1523.0,946.0,-13.619812736833234
10080,killer,10081,2.42,1.9282,1400.0,,,1771.0,-13.619812736833234
10081,negative,10082,2.42,1.0515,3327.0,1210.0,3457.0,4316.0,-13.619812736833234
10082,worried,10083,2.42,1.1796,2223.0,,2968.0,2174.0,-13.619812736833234
10083,wounded,10084,2.42,1.553,,3289.0,3120.0,3584.0,-13.619812736833234
10084,nigger,10085,2.41,1.881,,,,4918.0,-13.66589973557329
10085,slaughter,10086,2.41,1.8362,,,,4072.0,-13.66589973557329
10086,asshole,10087,2.4,1.6036,3819.0,,,3674.0,-13.711986734313351
10087,flu,10088,2.4,1.1249,1382.0,,,,-13.711986734313351
10088,weapons,10089,2.4,1.6903,,3214.0,1291.0,3388.0,-13.711986734313351
10089,graveside,10090,2.38,1.4693,,,2702.0,,-13.804160731793466
10090,sad,10091,2.38,1.6149,306.0,3579.0,3441.0,526.0,-13.804160731793466
10091,victim,10092,2.38,1.4126,3215.0,3898.0,2660.0,1833.0,-13.804160731793466
10092,hurting,10093,2.36,1.1205,4013.0,,,2194.0,-13.896334729273583
10093,threat,10094,2.36,1.3056,4543.0,2889.0,1977.0,3836.0,-13.896334729273583
10094,frustration,10095,2.34,1.1886,,,,4372.0,-13.988508726753698
10095,hate,10096,2.34,1.8802,123.0,4362.0,4213.0,346.0,-13.988508726753698
10096,tragic,10097,2.34,1.6364,,,4812.0,3685.0,-13.988508726753698
10097,grief,10098,2.33,1.784,,4551.0,,3026.0,-14.034595725493755
10098,accident,10099,2.32,1.5178,1357.0,3277.0,2266.0,,-14.080682724233816
10099,angry,10100,2.32,1.2362,1237.0,3484.0,3509.0,1879.0,-14.080682724233816
10100,fear,10101,2.32,1.3005,971.0,926.0,1574.0,418.0,-14.080682724233816
10101,nightmare,10102,2.32,1.8674,2360.0,,,2275.0,-14.080682724233816
10102,poor,10103,2.32,1.2848,870.0,553.0,1234.0,852.0,-14.080682724233816
10103,victims,10104,2.32,1.5043,4623.0,3884.0,1666.0,3556.0,-14.080682724233816
10104,anger,10105,2.3,1.4178,2729.0,3151.0,4252.0,1659.0,-14.17285672171393
10105,fired,10106,2.3,1.5682,3781.0,4483.0,2647.0,3863.0,-14.17285672171393
10106,fraud,10107,2.3,1.1824,3564.0,,2493.0,,-14.17285672171393
10107,theft,10108,2.3,1.374,4869.0,,,,-14.17285672171393
10108,thieves,10109,2.29,1.307,,,,4666.0,-14.218943720453987
10109,heartache,10110,2.28,1.4988,,,,1797.0,-14.265030719194048
10110,sadly,10111,2.28,1.4714,3094.0,,,,-14.265030719194048
10111,cheating,10112,2.26,1.192,4731.0,,,4280.0,-14.357204716674163
10112,destruction,10113,2.26,1.5093,,2327.0,4757.0,2594.0,-14.357204716674163
10113,disappointed,10114,2.26,1.0264,3062.0,,4642.0,,-14.357204716674163
10114,bombing,10115,2.24,1.4786,,,3046.0,,-14.449378714154278
10115,devil,10116,2.24,1.546,1948.0,4247.0,,831.0,-14.449378714154278
10116,horrible,10117,2.24,1.4786,1580.0,,,,-14.449378714154278
10117,suffered,10118,2.24,1.598,,2372.0,2108.0,,-14.449378714154278
10118,hatred,10119,2.22,1.8626,,,,2502.0,-14.541552711634393
10119,weep,10120,2.22,1.4181,,,,2531.0,-14.541552711634393
10120,hell,10121,2.22,1.4748,209.0,2992.0,,340.0,-14.541552711634393
10121,holocaust,10122,2.22,1.7876,,,3839.0,,-14.541552711634393
10122,injured,10123,2.22,1.1119,3658.0,,1796.0,,-14.541552711634393
10123,suffering,10124,2.22,1.7058,3916.0,2184.0,3149.0,2342.0,-14.541552711634393
10124,cried,10125,2.2,1.2936,3296.0,2867.0,,957.0,-14.633726709114509
10125,crime,10126,2.2,1.2617,1851.0,2011.0,1223.0,1069.0,-14.633726709114509
10126,loser,10127,2.2,1.1066,1647.0,,,2647.0,-14.633726709114509
10127,depressed,10128,2.18,1.7922,2557.0,,,,-14.725900706594626
10128,divorce,10129,2.18,1.32,3679.0,4454.0,2484.0,,-14.725900706594626
10129,hurt,10130,2.18,1.3656,542.0,3504.0,1944.0,419.0,-14.725900706594626
10130,robbed,10131,2.18,1.4241,,,,4713.0,-14.725900706594626
10131,tsunami,10132,2.18,1.3354,4890.0,,,,-14.725900706594626
10132,agony,10133,2.16,1.8775,,,,3566.0,-14.818074704074743
10133,drowned,10134,2.16,1.5954,,,,3918.0,-14.818074704074743
10134,homeless,10135,2.16,1.2835,3509.0,,2332.0,4871.0,-14.818074704074743
10135,pollution,10136,2.16,1.1843,,4886.0,4487.0,,-14.818074704074743
10136,corruption,10137,2.14,1.3095,,4823.0,3107.0,,-14.910248701554858
10137,crimes,10138,2.14,1.3704,,4608.0,2525.0,3902.0,-14.910248701554858
10138,hated,10139,2.14,1.2938,3837.0,,,3029.0,-14.910248701554858
10139,hurts,10140,2.14,1.1954,1257.0,,,965.0,-14.910248701554858
10140,painful,10141,2.12,1.4518,3635.0,3943.0,4942.0,3996.0,-15.002422699034973
10141,sorrow,10142,2.12,1.5602,,4807.0,1486.0,1047.0,-15.002422699034973
10142,unemployment,10143,2.12,1.0029,,3852.0,3493.0,,-15.002422699034973
10143,unhappy,10144,2.12,1.3649,4687.0,,,4185.0,-15.002422699034973
10144,heartbreak,10145,2.11,1.3061,,,,3609.0,-15.048509697775032
10145,dying,10146,2.1,1.4743,1900.0,3359.0,4729.0,751.0,-15.09459669651509
10146,funeral,10147,2.1,1.5551,2670.0,,290.0,3375.0,-15.09459669651509
10147,pain,10148,2.1,1.2817,577.0,992.0,2560.0,231.0,-15.09459669651509
10148,worst,10149,2.1,1.3439,917.0,3236.0,2385.0,1463.0,-15.09459669651509
10149,dies,10150,2.08,1.5628,2265.0,,,1573.0,-15.186770693995207
10150,racist,10151,2.08,1.3529,4506.0,,,,-15.186770693995207
10151,rejected,10152,2.08,1.122,,3175.0,2240.0,,-15.186770693995207
10152,robbery,10153,2.08,1.3223,,,4878.0,,-15.186770693995207
10153,suffer,10154,2.08,1.3827,4936.0,2924.0,4605.0,1844.0,-15.186770693995207
10154,virus,10155,2.08,1.3377,3830.0,3672.0,3204.0,,-15.186770693995207
10155,bankruptcy,10156,2.06,1.596,,,2287.0,,-15.278944691475322
10156,fails,10157,2.06,1.2022,4311.0,4615.0,,,-15.278944691475322
10157,failure,10158,2.06,1.2191,1764.0,1071.0,2019.0,3941.0,-15.278944691475322
10158,hates,10159,2.06,1.3311,2130.0,,,3727.0,-15.278944691475322
10159,prison,10160,2.06,1.4765,2151.0,2661.0,1131.0,1951.0,-15.278944691475322
10160,slave,10161,2.06,1.4626,4751.0,2534.0,,1674.0,-15.278944691475322
10161,slaves,10162,2.06,1.3694,,2701.0,,3761.0,-15.278944691475322
10162,tragedy,10163,2.06,1.3763,4815.0,4208.0,4271.0,2787.0,-15.278944691475322
10163,violent,10164,2.06,1.3463,4120.0,2846.0,3340.0,2003.0,-15.278944691475322
10164,crying,10165,2.04,1.2447,1725.0,,,660.0,-15.371118688955438
10165,destroyed,10166,2.04,1.3395,,2403.0,3695.0,4128.0,-15.371118688955438
10166,injury,10167,2.04,1.2447,2613.0,2247.0,2697.0,,-15.371118688955438
10167,rejection,10168,2.02,1.3268,,4994.0,,,-15.463292686435555
10168,motherfucker,10169,2.02,1.6597,,,,1116.0,-15.463292686435555
10169,sick,10170,2.02,1.0784,279.0,2611.0,4243.0,583.0,-15.463292686435555
10170,slavery,10171,2.02,1.5842,,2876.0,,,-15.463292686435555
10171,dead,10172,2.0,1.3248,353.0,837.0,1350.0,298.0,-15.555466683915672
10172,disease,10173,2.0,1.3093,3531.0,598.0,1391.0,1780.0,-15.555466683915672
10173,illness,10174,2.0,1.178,,2738.0,1690.0,,-15.555466683915672
10174,killers,10175,2.0,1.5253,,,,3303.0,-15.555466683915672
10175,punishment,10176,2.0,1.3401,,2750.0,,,-15.555466683915672
10176,criminal,10177,1.98,1.2696,2722.0,2421.0,1322.0,3261.0,-15.647640681395787
10177,depression,10178,1.98,1.5583,3082.0,2406.0,,,-15.647640681395787
10178,headache,10179,1.98,1.1156,959.0,,,,-15.647640681395787
10179,poverty,10180,1.98,1.1156,,2343.0,3744.0,,-15.647640681395787
10180,tumors,10181,1.98,1.3461,,4876.0,,,-15.647640681395787
10181,bomb,10182,1.96,1.2771,1292.0,,2815.0,1227.0,-15.739814678875902
10182,disaster,10183,1.96,1.428,2399.0,,3729.0,3355.0,-15.739814678875902
10183,fail,10184,1.96,1.0294,1160.0,2481.0,4030.0,1758.0,-15.739814678875902
10184,poison,10185,1.94,1.1502,4668.0,,,1740.0,-15.83198867635602
10185,depressing,10186,1.9,1.2164,3838.0,,,,-16.016336671316253
10186,earthquake,10187,1.9,1.1995,2733.0,,,,-16.016336671316253
10187,evil,10188,1.9,1.2817,975.0,1416.0,,781.0,-16.016336671316253
10188,wars,10189,1.9,1.3286,1654.0,3252.0,4696.0,2888.0,-16.016336671316253
10189,abuse,10190,1.88,1.2395,2809.0,2865.0,2236.0,3069.0,-16.108510668796367
10190,diseases,10191,1.88,0.9398,,2307.0,4795.0,,-16.108510668796367
10191,sadness,10192,1.88,1.1891,,,3820.0,1930.0,-16.108510668796367
10192,violence,10193,1.86,1.05,4299.0,1724.0,1238.0,2016.0,-16.20068466627648
10193,cruel,10194,1.84,1.1493,2963.0,,,1447.0,-16.2928586637566
10194,cry,10195,1.84,1.2835,1028.0,3075.0,,226.0,-16.2928586637566
10195,failed,10196,1.84,0.9971,2645.0,1618.0,1276.0,2920.0,-16.2928586637566
10196,sickness,10197,1.84,1.1843,4735.0,,,3782.0,-16.2928586637566
10197,abused,10198,1.83,1.3101,,,,4589.0,-16.33894566249666
10198,tortured,10199,1.82,1.4241,,,,4693.0,-16.385032661236714
10199,fatal,10200,1.8,1.5253,,4089.0,,3724.0,-16.47720665871683
10200,killings,10201,1.8,1.5386,,,4914.0,,-16.47720665871683
10201,murdered,10202,1.8,1.6288,,,,4796.0,-16.47720665871683
10202,war,10203,1.8,1.4142,468.0,175.0,291.0,462.0,-16.47720665871683
10203,kills,10204,1.78,1.2337,2459.0,,,2857.0,-16.569380656196945
10204,jail,10205,1.76,1.0214,1642.0,,2573.0,1619.0,-16.661554653677065
10205,terror,10206,1.76,1.0012,4625.0,4117.0,4048.0,2370.0,-16.661554653677065
10206,die,10207,1.74,1.192,418.0,730.0,2605.0,143.0,-16.75372865115718
10207,killing,10208,1.7,1.359,1507.0,4428.0,1672.0,998.0,-16.93807664611741
10208,arrested,10209,1.64,1.0053,2435.0,4474.0,1435.0,,-17.21459863855776
10209,deaths,10210,1.64,1.1386,,,2974.0,,-17.21459863855776
10210,raped,10211,1.64,1.4251,,,,4528.0,-17.21459863855776
10211,torture,10212,1.58,1.0515,3175.0,,,3126.0,-17.491120630998108
10212,died,10213,1.56,1.198,1223.0,866.0,208.0,826.0,-17.583294628478225
10213,kill,10214,1.56,1.0529,798.0,2727.0,2572.0,430.0,-17.583294628478225
10214,killed,10215,1.56,1.2316,1137.0,1603.0,814.0,1273.0,-17.583294628478225
10215,cancer,10216,1.54,1.073,946.0,1884.0,796.0,3802.0,-17.675468625958338
10216,death,10217,1.54,1.2811,509.0,307.0,373.0,433.0,-17.675468625958338
10217,murder,10218,1.48,1.015,2762.0,3110.0,1541.0,1059.0,-17.95199061839869
10218,terrorism,10219,1.48,0.9089,,,3192.0,,-17.95199061839869
10219,rape,10220,1.44,0.7866,3133.0,,4115.0,2977.0,-18.13633861335892
10220,suicide,10221,1.3,0.8391,2124.0,4707.0,3319.0,2107.0,-18.78155659571973
10221,terrorist,10222,1.3,0.9091,3576.0,,3026.0,,-18.78155659571973
